"ID","C_NO","IMG_KIND","IMG_NAME"
2,4,"S","thumb_384_8460x14p2wteha7SjLLANUhu.jpg"
3,4,"S","thumb_384_7135jJEVf2xnVcS3mtF3h8Kn.jpg"
4,4,"S","thumb_384_3968FDzMGtUdjhbAC1BIXmYo.jpg"
5,10,"M","thumb_720_1869epdMHtUyrinZWKFHDWty.jpg"
1,4,"M","thumb_720_4548WQ5JCsRSkbHrBAaZylrQ.jpg"
6,10,"S","thumb_384_8368Hw0Ayur3CB14wMtGNd3K.jpg"
7,10,"S","thumb_384_2460DP5yW6YSHKvtnYT4mVYJ.jpg"
8,10,"S","thumb_384_8907fihiuAQV8V5ZjxjhCBJX.jpg"
9,11,"M","thumb_720_4031mKP95kUbSSBNbq5bSC5o.jpg"
10,11,"S","thumb_384_6992nubKCPZvShBzcwSutj2g.jpg"
11,11,"S","thumb_384_0169RQqXCbOmlpOMXs1c72Bn.jpg"
12,11,"S","thumb_384_2928su0RW2LSxfkqJ71mF4wN.jpg"
13,12,"M","thumb_720_9644tjRknwgZZpQLpCUMVlno.jpg"
14,12,"S","thumb_384_6216HZ0GJgyfqrHiNcpqvKk9.jpg"
15,12,"S","thumb_384_6328f9TL3I59I1qVZVhUqfBx.jpg"
16,12,"S","thumb_384_1567wkblgiDZOJGPOPZHWv0N.jpg"
17,16,"M","thumb_720_4193QOiiZFPISyJHs4JJAr6f.jpg"
18,16,"S","thumb_384_0879r0JvbX7NTehya2iFMods.jpg"
19,16,"S","thumb_384_6627qKMLh6M5u2DKLidsTVnr.jpg"
20,16,"S","thumb_384_08247NgJUFnWe6QkkK826TIB.jpg"
21,17,"M","thumb_720_7885JvwCp6FMBoFDXxBii374.jpg"
22,17,"S","thumb_384_3361EBDBaPobGHXXhtYCThjI.jpg"
23,18,"M","thumb_720_7341B2G1Eriat4lLp59NhIkE.jpeg"
24,18,"S","thumb_384_1343gaocFViyKurlXMdFw0N2.jpeg"
25,18,"S","thumb_384_2417mlS77bnlAOAEY5egBHVm.jpeg"
26,18,"S","thumb_384_9709Sf5ddwO5qaztChbxNuuf.jpeg"
27,21,"M","thumb_720_0101P4RZ9jhvwMhT2ZVJUof8.jpg"
28,21,"S","thumb_384_8761OjNKZC8QHZmZXAqw2UL8.jpg"
29,21,"S","thumb_384_8491N7RaHa4qN740adPrhMqX.jpg"
30,21,"S","thumb_384_7492Lv2NhSywbUKjNuzX2se9.jpg"
31,28,"M","thumb_720_9612Elzm89JB6yhSrST7k95L.jpg"
32,28,"S","thumb_384_7733H8eg4X67TKX9eh0umZmC.jpg"
33,28,"S","thumb_384_1316JCx9vh8g8S4TsAZS11iq.jpg"
34,28,"S","thumb_384_5933o6zOzNbruG3sROTubgAP.jpg"
35,29,"M","thumb_720_2945G8vcNTsfBNwFQxxMjZ3o.jpg"
36,29,"S","thumb_384_74802sR5LEQKmDdxUUM7tQtF.jpg"
37,29,"S","thumb_384_7439zlcpKgVhmM1ADVPr6JIs.jpg"
38,29,"S","thumb_384_9726NkhByQ2EsHkkATieISGK.jpg"
39,31,"M","thumb_720_3895b82stUBCcHbwlmxvUEFi.jpg"
40,31,"S","thumb_384_5384487ZtgVl2yf3Hs5WGs9h.jpg"
41,31,"S","thumb_384_9967Lecey3DvGhuhK3ChqrgE.jpg"
42,31,"S","thumb_384_1674jcTfJQBpc0Bp8cPW1XTJ.jpg"
43,36,"M","thumb_720_6584FNZQ0Vf9joqf5ZWYUCEw.jpg"
44,36,"S","thumb_384_0680iOawYGptS3gl1Fn0ijVK.jpg"
45,36,"S","thumb_384_7100cyoWANEedjiEhbm9F5Vb.jpg"
46,36,"S","thumb_384_5194bexlhYmg4AGHHVFwxk9r.jpg"
47,37,"M","thumb_720_3206fs4kLSfZ5ihg8zava0EV.jpg"
48,37,"S","thumb_384_6200oxifAFdj5exGl9ZZVX5b.jpg"
49,37,"S","thumb_384_5738F7Ad3PvEIEwId1ziebhp.jpg"
50,37,"S","thumb_384_98400FJk9Xe98SERXCh6p9WE.jpg"
51,38,"M","thumb_720_06384VJoUlnVqQKEYALQ6gk3.jpg"
52,38,"S","thumb_384_1916FI9LTEbByJBR9DfkshfZ.jpg"
53,38,"S","thumb_384_3812jbUc3CsItiZOUipbbuJR.jpg"
54,38,"S","thumb_384_3342OvRvhC1J7YDJIS1pq28s.jpg"
55,39,"M","thumb_720_5536war4pQYi7qRqZbE4RfaZ.jpg"
56,39,"S","thumb_384_2287bnfkBdoSHoTUOcEmdzv5.jpg"
57,39,"S","thumb_384_4116p8GVk6lhYKShXV4PpKYX.jpg"
58,39,"S","thumb_384_085141L14HcuXiX3ygQDjeoW.jpg"
59,42,"M","thumb_720_0540YfGU2yWwYfBTWih8DB6K.jpg"
60,42,"S","thumb_384_4051BL8OxaWLyf9A1fNTQ0PF.jpg"
61,42,"S","thumb_384_5038DJbasYuwuCkv0C3sppXb.jpg"
62,42,"S","thumb_384_7868UvcOHmAtWtf5n8CMGD9X.jpg"
63,47,"M","thumb_720_8263yRuUfDmC7pOiN8vm9dpG.jpg"
64,47,"S","thumb_384_0434ooDOW3t4YaDAJ74YbnBq.jpg"
65,47,"S","thumb_384_1724nWODVGdJ2K5dXNO5SaIS.jpg"
66,47,"S","thumb_384_2765HNX7N1LbkGwpGxSKm1y5.jpg"
67,51,"M","thumb_720_2952bYDfJFLiPEGlblwVSMvP.jpg"
68,51,"S","thumb_384_2501nG6hZHaX7xkkylODcaBL.jpg"
69,51,"S","thumb_384_6431Ep2GgJfnEgSA7b2EM69f.jpg"
70,51,"S","thumb_384_8250Djm7oWd2i4gSjtzjlY0n.jpg"
71,56,"M","thumb_720_64155a7nTBTYjKOPvVqrCwuo.jpg"
72,56,"S","thumb_384_9536acrS1e5IjD6sOUrdoOkI.jpg"
73,56,"S","thumb_384_2918OWT27elZnMYdY1gmYdfe.jpg"
74,56,"S","thumb_384_2452ZLxeMCDXeYxOqDyIUtk6.jpg"
75,57,"M","thumb_720_8045usCSpmaGB9XJvDDXLikG.jpg"
76,57,"S","thumb_384_4322ay2fMi77qIfb4nzoCmwi.jpg"
77,57,"S","thumb_384_4166idwhTRW2VwhTTIQfCfsi.jpg"
78,57,"S","thumb_384_61448ne6Ly8TWt0022akPoem.jpg"
79,59,"M","noimg.jpg"
80,60,"M","thumb_720_0204fdACFBOe3QG3a4CC8EvA.jpg"
81,60,"S","thumb_384_3303AfzP7vBCvDJFZlGaU3Cz.jpg"
82,60,"S","thumb_384_1885lZRRss3MoyyoxMH3WPZp.jpg"
83,60,"S","thumb_384_4418xa3j1cVWcGSuagHqzT08.jpg"
84,61,"M","thumb_720_8222j5WKjFDC4IsEb1HM2L8O.jpg"
85,61,"S","thumb_384_5756ePvZbQL4DHBoSOF2XqCS.jpg"
86,61,"S","thumb_384_5447Ra1Hk4OJSERA8bJmpKOb.jpg"
87,61,"S","thumb_384_5957QAucod7v6nbp4O51mtxE.jpg"
88,62,"M","thumb_720_4025MWy2QC7WM50UdibHQnwW.jpg"
89,62,"S","thumb_384_0276CpyjZq0JuYp9u1NF3bf6.jpg"
90,62,"S","thumb_384_2201kFxxDzShzcXKaXqFVczt.jpg"
91,62,"S","thumb_384_64244hRY2bak0yvilZvwGLTY.jpg"
92,63,"M","thumb_720_2298655FlFeScUElsOxGKYa8.jpg"
93,63,"S","thumb_384_1127vbbandkHkXPptSrgPo7b.jpg"
94,63,"S","thumb_384_5733I66Zc8nr14f2cboiM0dx.jpg"
95,63,"S","thumb_384_2717uphB64QkEcMRgfrzK7YI.jpg"
96,66,"M","thumb_720_1047qvq4IF1re0nhT7R1I9cv.jpg"
97,66,"S","thumb_384_7310otQc8i8txkbH75UMiWGw.jpg"
98,66,"S","thumb_384_5475jK9dRKfXLxUann0AZ57K.jpg"
99,66,"S","thumb_384_9112xO9pXYYyyRIBBCA1k1Oa.jpg"
100,69,"M","thumb_720_1454jkXgwy4yNn8OeOQLzV2d.jpg"
101,69,"S","thumb_384_0394tIFSZAa5Qf3ayBQmDTZf.jpg"
102,69,"S","thumb_384_4679FKP6M2O7ysE6ZBU0Scgg.jpg"
103,69,"S","thumb_384_7985TUTDXzoXfAKFbIUcBp8O.jpg"
104,70,"M","thumb_720_6059nHMzIyRUDXrZF7zXnrBN.jpg"
105,70,"S","thumb_384_4693iH9nrb11Aa6MceTWxDGi.jpg"
106,70,"S","thumb_384_2755OYqfAYjZw4dJ2JGpkMrB.jpg"
107,70,"S","thumb_384_7062QWycqnGVAMcrgQpGihjt.jpg"
108,71,"M","thumb_720_2625lrxV66xzTGpG03dOJiyN.jpg"
109,71,"S","thumb_384_26101P0qVfx0YjwnQdNypF8O.jpg"
110,71,"S","thumb_384_5377z7z2xecaCSBwVHcOo1zt.jpg"
111,71,"S","thumb_384_11877unKXT7kvtQSK4Eebss2.jpg"
112,73,"M","thumb_720_2522g5lXwe5in2mmEaLkbP5V.jpg"
113,73,"S","thumb_384_3024yMEyG9V1YNZirdUmuera.jpg"
114,73,"S","thumb_384_5956P6zf2fEFSoE6ouZh0lVD.jpg"
115,73,"S","thumb_384_7242YRc8TtYr8dzG99vUhO5b.jpg"
116,75,"M","thumb_720_2111m3YScMg5qsdwQeSfAlDl.jpg"
117,75,"S","thumb_384_7062eLLJHE0M2BWRiv4fBKmF.jpg"
118,75,"S","thumb_384_0572cwy8vucxXjGxjresv6G5.jpg"
119,75,"S","thumb_384_32683Dno6FESMpDu2X7130dl.jpg"
120,76,"M","thumb_720_1563xEE4GtQ6tFKmbdUlHobY.jpg"
121,76,"S","thumb_384_3391NJ4aP2HA0Mp7EilZCYdd.jpg"
122,76,"S","thumb_384_2056mB1Xto1puaMlYAkHqKpv.jpg"
123,76,"S","thumb_384_32170HLakyxM2uoqfkYeOrlH.jpg"
124,77,"M","thumb_720_1327zQDHo4xQ1Rm0yvqnIUGV.jpg"
125,77,"S","thumb_384_2248KTTwUJ6a6T8YlTz1IaQw.jpg"
126,77,"S","thumb_384_20788kD0h3ykIaPIYl5qijRu.jpg"
127,77,"S","thumb_384_7434xSZ9AhEXaGyfZnyrqBzz.jpg"
128,80,"M","thumb_720_89807FLKXZpjKwzL7Tt250Gk.jpg"
129,80,"S","thumb_384_8619ylldUtp4oh9VmMUxzO42.jpg"
130,80,"S","thumb_384_07420OORXLwxbC1SWQNVJDgm.jpg"
131,80,"S","thumb_384_8149r3pGVdwwCZImxtgvwNVt.jpg"
132,81,"M","thumb_720_21966srlS4OW8sCL6PGrbq59.jpg"
133,81,"S","thumb_384_9212mKk4tZzIEEeDAxvBvIoY.jpg"
134,81,"S","thumb_384_0629w4KR8v9bK8WsYv8vi0zU.jpg"
135,81,"S","thumb_384_97851MB9d39CSBun8f2irx3m.jpg"
136,84,"M","thumb_720_3645stCGvhKINP3NlO9K9vEf.jpg"
137,84,"S","thumb_384_1601ib5bOkALNG4rx8k31GUV.jpg"
138,84,"S","thumb_384_2725aS30P0yVGYy69OzXPgaK.jpg"
139,84,"S","thumb_384_0975O4AsuFkfEHWYL1IP87A2.jpg"
140,85,"M","thumb_720_1860sH2D6nhVvgNzx2FbbwMC.jpg"
141,85,"S","thumb_384_2558fMGze61D9yF4cF9HsYCN.jpg"
142,85,"S","thumb_384_1762amFRFxFPWgLtGM5l2fIx.jpg"
143,85,"S","thumb_384_8265q2DgDxGr2KMmuUNqCBxm.jpg"
144,86,"M","thumb_720_2605Ri4RFt1mnecLO24qH051.jpg"
145,86,"S","thumb_384_7028NG948yEOqrnZO9c6usth.jpg"
146,86,"S","thumb_384_1729tc6I8KHaaEkHRTpV25Eh.jpg"
147,86,"S","thumb_384_8896C1PaUFzH0ZbfKMd0MtoU.jpg"
148,87,"M","thumb_720_6823LIi5eTPTRrI0iWf8ynXt.jpeg"
149,87,"S","thumb_384_6589eQjKY6WdywNoTrSsNhLH.jpg"
150,87,"S","thumb_384_5555wjmUpy1zq9YKp56RCmO1.jpg"
151,87,"S","thumb_384_68066RbjsRdTMSqgC43RglzO.jpg"
152,90,"M","thumb_720_5351LrtMerFV9aYXs08SnVg5.jpg"
153,90,"S","thumb_384_1791vi1SfBoR63TkvOPmD6O6.jpg"
154,90,"S","thumb_384_5695vfwV2I9euBHvn6HFr0Oa.jpg"
155,90,"S","thumb_384_4538LgvvCt41y6yQ95277228.jpg"
156,92,"M","thumb_720_2889m2JPrHI8KwPegd2g0vou.jpg"
157,92,"S","thumb_384_4766A1GZ1kws2jMOlCRacmJl.jpg"
158,92,"S","thumb_384_2398gkGVy5h5aYq6I8DdAyif.jpg"
159,92,"S","thumb_384_4999ep2E77DcJhpnYzWXQEBS.jpg"
160,95,"M","thumb_720_2866Jw3lMkHgr79k8NI2mY1Q.jpg"
161,95,"S","thumb_384_8820ALK7BqFXEaa1Z6KJEoMa.jpg"
162,95,"S","thumb_384_4779VyEXvd93Q4f76FntHrrf.jpg"
163,95,"S","thumb_384_5074RbfWVeo0GPE84b79PveF.jpg"
164,102,"M","thumb_720_2180uMBOFgzbjXUHEvvLuoXe.jpg"
165,102,"S","thumb_384_7657RryAatFJxNux0bMZjPNO.jpg"
166,102,"S","thumb_384_1969SIWBliLAWO0EleOiPdUE.jpg"
167,102,"S","thumb_384_5337dfqNjfHVcer7uz9NAHbK.jpg"
168,103,"M","thumb_720_0459008reQaEE239SHUkxVJu.jpg"
169,103,"S","thumb_384_3156gsySwEBaircT0eGNGNZi.jpg"
170,103,"S","thumb_384_5829sZ0nRa3r4404qzt9Jlxa.jpg"
171,103,"S","thumb_384_5703fqiatUiIzCopoFNyJZta.jpg"
172,121,"M","thumb_720_3450WrtrBe7FEbUPkZ2akTvB.jpg"
173,121,"S","thumb_384_6880g2bZaraWpqzORj1o7Tn6.jpg"
174,121,"S","thumb_384_29833xHkHuaxvo2irynaX1A0.jpg"
175,121,"S","thumb_384_28801jyvXg1mjVKwkJFqENI3.jpg"
176,123,"M","thumb_720_97680OHF6aDz8T1NUr4z88K8.jpg"
177,123,"S","thumb_384_8814lLWGfzO4BONYGXxinPCt.jpg"
178,123,"S","thumb_384_6836li3qiG4zD9BOAyqdCyOz.jpg"
179,123,"S","thumb_384_66005IBXUayh1FFYvTeMv9kA.jpg"
180,124,"M","noimg.jpg"
181,125,"M","thumb_720_9788NAghet6HRTEItBYHijZN.jpg"
182,125,"S","thumb_384_55972sK89pp3uVxSmovasHe2.jpg"
183,125,"S","thumb_384_96495GQj2QLbLrptzoMmuiKe.jpg"
184,125,"S","thumb_384_9432EbLyVHXubKisVu0CXHzG.jpg"
185,127,"M","noimg.jpg"
186,129,"M","thumb_720_7135XI007JklnwwskJ3JrVPk.jpg"
187,129,"S","thumb_384_7487u6gCBnROluJ4twidZ9NN.jpg"
188,129,"S","thumb_384_13308PQqcNXASFhybya1C3Be.jpg"
189,129,"S","thumb_384_7143Q9HtCSgKVpntcqxnFnKK.jpg"
190,131,"M","thumb_720_2305HIkLHqPzFYz69w3IgZrk.jpg"
191,131,"S","thumb_384_19270Vb6Ohmf7g8uxqvYWCCS.jpg"
192,131,"S","thumb_384_6785rNFQXe7pqufoh3ETVHBL.jpg"
193,131,"S","thumb_384_80806nZ5ktbijVXhqAUEThrZ.jpg"
194,132,"M","thumb_720_49865a9Wlev0fIVLHivKamza.jpg"
195,132,"S","thumb_384_6198HXWRArB2KC4WvEXQT8fL.jpg"
196,132,"S","thumb_384_0259JZEiUBc6xUOQa3Dq6KQP.jpg"
197,132,"S","thumb_384_4412bcEpk50iuPNEqqZ0M1pH.jpg"
198,137,"M","thumb_720_1574wl9rKsGMgnjD4KwsMCBL.jpg"
199,137,"S","thumb_384_6848o7Ml3DuSlLND5AY1CLBF.jpg"
200,137,"S","thumb_384_7122dj7LFdbkckYviriPNn1j.jpg"
201,137,"S","thumb_384_7491D49uRAAaSuqb8atbdu0T.jpg"
202,138,"M","thumb_720_9469DeDSpmfpSghqvKLzgE4i.jpg"
203,138,"S","thumb_384_9248IWAzGjDvXgjr2IjMHvdd.jpg"
204,138,"S","thumb_384_9048iYYOYLBNlZkNWF2Ll37P.jpg"
205,138,"S","thumb_384_7313swFLvlcgBlhTxGlnKjSW.jpg"
206,139,"M","thumb_720_7531tHliF7DT5bnWbCDKjBvR.jpg"
207,139,"S","thumb_384_378005Urx2lkPN9nuAByukEE.jpg"
208,139,"S","thumb_384_2102TiNv1BnmxmXAtXLWUgpg.jpg"
209,139,"S","thumb_384_3215F2ac1POnmC0iHCOIj0Bs.jpg"
210,140,"M","thumb_720_9023o5DFzjGYLHeuykOhqKpS.jpg"
211,140,"S","thumb_384_605323ZlnbpxAWvry4sIjW50.jpg"
212,140,"S","thumb_384_4613JWyyoA6kRoaLgl1wjiS5.jpg"
213,140,"S","thumb_384_0903jDhpWbsTwqJKPlsDdLai.jpg"
214,141,"M","thumb_720_7234y04TWbniSz1kvNq2uNUo.jpg"
215,141,"S","thumb_384_2730ezoejAUMx0py8AedWFyK.jpg"
216,141,"S","thumb_384_2286aF1POySoMPExA55Ld4wD.jpg"
217,141,"S","thumb_384_0148lCLtcelUdF0NdhRxSf5V.jpg"
218,142,"M","noimg.jpg"
219,146,"M","thumb_720_2206guyVnvUuoeq2x85fTTX2.jpg"
220,146,"S","thumb_384_0848SYuaPR6DuGdrLBwXQrCx.jpg"
221,146,"S","thumb_384_80110VBlzU7JAw9998iddXEc.jpg"
222,146,"S","thumb_384_7547bOK4qreU9yKrBKSxEvrL.jpg"
223,147,"M","thumb_720_4952z6HZpFyDSiodvm17zD28.jpg"
224,147,"S","thumb_384_6158UJUzwTa2U2OQ7sU61BNp.jpg"
225,147,"S","thumb_384_5508uHBAscj01MqK8OO4bECm.jpg"
226,147,"S","thumb_384_2590PXzMBI0u6pttsJuhX02g.jpg"
227,148,"M","thumb_720_7492F0I8I7JYRPPbLolcyHkz.jpg"
228,148,"S","thumb_384_466069WjyFaHpps2Uc9rqJi9.jpg"
229,148,"S","thumb_384_7564wEHlCD7ilSo2gciUhnto.jpg"
230,148,"S","thumb_384_19125MXQNSt2nCKOryjkNiTN.jpg"
231,154,"M","thumb_720_8807T4ddQ7RdHLmFng2ZGLEX.jpg"
232,154,"S","thumb_384_6415k0e1zWl0CoB3jA6KtGaK.jpg"
233,154,"S","thumb_384_0994KOSFRM8zDcIOT4DcMCax.jpg"
234,154,"S","thumb_384_9218kO08OErWeoiI9IRBVqlv.jpg"
235,157,"M","thumb_720_4067FFQeIumPXaK0SNVbiDtg.jpg"
236,157,"S","thumb_384_7404hsNosWxTG5NIwQ9W4hnc.jpg"
237,157,"S","thumb_384_94077x9DCiI5UnDspKIFh7U5.jpg"
238,157,"S","thumb_384_8456ctWL82mkTk9U18wEGQhM.jpg"
239,160,"M","thumb_720_5950y3uvzQAvPixS8wEj8Zxe.jpg"
240,160,"S","thumb_384_42192AgrPXQ7AGxTICzgthyu.jpg"
241,160,"S","thumb_384_5846xkPtn6fBHg3DY9sk3Pup.jpg"
242,160,"S","thumb_384_2398bMNUTpzLHOszRjVDJAx0.jpg"
243,161,"M","thumb_720_6303VHNT8QzEQNxs6QENqULo.jpg"
244,161,"S","thumb_384_4721eoQhdaXUcmqnFYW37lNj.jpg"
245,161,"S","thumb_384_97884kCg21nA8MvWMwVZX4Ru.jpg"
246,161,"S","thumb_384_1863GINqWmYI2fZIjwMeqGc8.jpg"
247,163,"M","thumb_720_7216qhx7hGkr8JkhNCC5rxl1.jpg"
248,163,"S","thumb_384_2755Gf10y2sQ9nEwpHIcsTbh.jpg"
249,163,"S","thumb_384_6483iTj449PZ8zxuQKxuPtpJ.jpg"
250,163,"S","thumb_384_1193E1fsM3aWYAwYzQAoyOmV.jpg"
251,165,"M","thumb_720_0172DmSO5x8NZhKvJfuCzRb4.jpg"
252,165,"S","thumb_384_7430aI7sQv5PR19RMESN5vBx.jpg"
253,165,"S","thumb_384_0861sVEeUOWrKUCIig3fRgY8.jpg"
254,165,"S","thumb_384_5068WDF4TjhU3ThwoWOV37tf.jpg"
255,167,"M","thumb_720_6441qbVLg1P0E4YmiV4XEPWW.jpg"
256,167,"S","thumb_384_40350dRTBd1ADCbBqjjlBuvW.jpg"
257,167,"S","thumb_384_8846GVA02hRyoNP4NvCdiY0n.jpg"
258,167,"S","thumb_384_1204FWbQSGblRuFzen072VYK.jpg"
259,168,"M","thumb_720_7359ozR32hFbXPL90RbLqSel.jpg"
260,168,"S","thumb_384_1319jkmvG0QYfQCUPfOkrVCf.jpg"
261,168,"S","thumb_384_0299plo8rIHwqaxXre3NjpcW.jpg"
262,168,"S","thumb_384_5300IFytNg4j053ZcyfedS25.jpg"
263,170,"M","thumb_720_7162zh9zqfBSc1tHwKGBfyr4.jpg"
264,170,"S","thumb_384_5661tKr142d3Kr3nAve13vHx.jpg"
265,170,"S","thumb_384_9380tSAD0f8aNrjdKMzd5Q6O.jpg"
266,170,"S","thumb_384_6993H1N0xXKut8EPOUFW5Qgd.jpg"
267,173,"M","thumb_720_6534315iTOKe4VbZVV831TyG.jpg"
268,173,"S","thumb_384_4628kfYRFkUtbHq9OuLhEDgW.jpg"
269,173,"S","thumb_384_3195kQdZDjRNPDpSsFvKNpfE.jpg"
270,173,"S","thumb_384_5583i3sFff8wk10g8cQfT39d.jpg"
271,175,"M","thumb_720_0683HSxJpl02IkByYY4yqkrs.jpg"
272,175,"S","thumb_384_4843ozXjeCNSurzslxtvBph5.jpg"
273,175,"S","thumb_384_3712CZY8zTYmlmF6cz6uBJKl.jpg"
274,175,"S","thumb_384_6974H1Edv9afirB0MSbXyr1n.jpg"
275,176,"M","thumb_720_3039Hp99PW2Dm6dSVy9wYx7X.jpg"
276,176,"S","thumb_384_3917Q00F5YmsanGKsVs7hbBT.jpg"
277,176,"S","thumb_384_68873xmKsJxrZ9iTtBMZ9fMV.jpg"
278,176,"S","thumb_384_4931NYqBzoqpM6ckBrXT69qM.jpg"
279,179,"M","thumb_720_3348SEg27TcptyIXuZNztmxG.jpg"
280,179,"S","thumb_384_3081akmCjq4cZrNkIJQMAmwH.jpg"
281,179,"S","thumb_384_9102jU9UHBpK9mOhDElAg0RY.jpg"
282,179,"S","thumb_384_3567XaAptsSaKhlY01D3qtmK.jpg"
283,180,"M","thumb_720_6118iGIXYe0ryeTzDr8rv5em.jpg"
284,180,"S","thumb_384_6477je5P8iT9KhgRD0Vmslco.jpg"
285,180,"S","thumb_384_4349OcLKl0xZC1Tt1g26Y1lc.jpg"
286,180,"S","thumb_384_96754VmBQvpMpjqwdn4SkA2b.jpg"
287,190,"M","thumb_720_8352eLpr2nxqMKVOBGhraRJw.jpg"
288,190,"S","thumb_384_2096VjjMfwKn5mv2W39dYBc2.jpg"
289,190,"S","thumb_384_81379HXtkbX11KOlPEm225ae.jpg"
290,190,"S","thumb_384_1913EdImsT0FS7IImFfLQndB.jpg"
291,193,"M","thumb_720_0768brY8jwR261ctPUq6u3GZ.jpg"
292,193,"S","thumb_384_1349iWazb63Lye4xpoIN1KSV.jpg"
293,193,"S","thumb_384_9388MwdRaAMnUUH0N3gXY9Mu.jpg"
294,193,"S","thumb_384_0496UN4gsJlxYLHDQuTB4Rhn.jpg"
295,198,"M","thumb_720_9201EdctkhROd7Ik2hOTvKtI.jpg"
296,198,"S","thumb_384_89412J83MNVk6sqOJRpphoqs.jpg"
297,198,"S","thumb_384_07324QkVvX2qzZ4I1wDmCJQB.jpg"
298,198,"S","thumb_384_8409ncXzH1I0Ate0uxT3l6Eg.jpg"
299,199,"M","thumb_720_2867ovPwxvf6y0SBtvGrA6db.jpg"
300,199,"S","thumb_384_37462ShTeP7sEsxK9Z5jWM5H.jpg"
301,199,"S","thumb_384_8078fyQeeikieigQVPdQtnPJ.jpg"
302,199,"S","thumb_384_4733fLpt1kXKCGtot4hBz3HK.jpg"
303,214,"M","thumb_720_8979kiiFxK225z2tEhliACXz.jpg"
304,214,"S","thumb_384_6308ASGL7jiSWQbQmMpnEhIB.jpg"
305,214,"S","thumb_384_4434XgciT61Wt3t9QhXXClZs.jpg"
306,214,"S","thumb_384_4663cpPoNNRttXrUFDSWt58n.jpg"
307,217,"M","thumb_720_2475pVy78VAIPtGGQvZwbity.jpg"
308,217,"S","thumb_384_2314Vb5BKaxgPBhUDUhbHkoY.jpg"
309,217,"S","thumb_384_4661qZ1WgEmc6SuYIZE5PW6E.jpg"
310,217,"S","thumb_384_2639t5eqtcas3ZRtST3SCGiw.jpg"
311,221,"M","thumb_720_3582zNMhHpOzZjx8gkNrQkjM.jpg"
312,221,"S","thumb_384_4515ini8bUN9kFFkKQ8RxiTI.jpg"
313,221,"S","thumb_384_9124Uup8k4pk7bLRwSszj1Ih.jpg"
314,221,"S","thumb_384_5092Bb6qLJTb3LM8JD5iNFUn.jpg"
315,222,"M","noimg.jpg"
316,225,"M","thumb_720_6562hQt3n7FW6DRZZr9KahL0.jpg"
317,225,"S","thumb_384_5641OzMm5sfUHQbI5hXfXv75.jpg"
318,225,"S","thumb_384_6199MzFtCEW4x8QXXuxeKmJ2.jpg"
319,225,"S","thumb_384_74009C3u3YXDJlzX0SmwliPW.jpg"
320,227,"M","thumb_720_5513kNyWwcoZv3yrDbEGZ34J.jpg"
321,227,"S","thumb_384_8622JXnVnXf7uhGUnB8iIVqM.jpg"
322,227,"S","thumb_384_67280YRy5DBo358nZPnwFlww.jpg"
323,227,"S","thumb_384_0045ZxTJwO5F1eBWkcmNbqsn.jpg"
324,231,"M","noimg.jpg"
325,232,"M","thumb_720_1023rNHUyBfxQzBJTLepaukD.jpg"
326,232,"S","thumb_384_7022bRa81lIvF4GfjGq14w7P.jpg"
327,232,"S","thumb_384_6478CYDjlK6kIupr2uNW905c.jpg"
328,232,"S","thumb_384_3575H9CM0CmxY6H2Gjy4YWrC.jpg"
329,233,"M","thumb_720_6474UtVgwUnwG6A62I88jprT.jpg"
330,233,"S","thumb_384_4711xWezfTTFnbDQaiEvduna.jpg"
331,233,"S","thumb_384_632343mot4EnKpeE4JtdKQSj.jpg"
332,233,"S","thumb_384_1997yXEiuujXiG0nufGe4KtS.jpg"
333,236,"M","thumb_720_6185d6uP17niGL8PlI4HBhH3.jpg"
334,236,"S","thumb_384_5562KSq0xjPOdVB1lA7zIrpz.jpg"
335,236,"S","thumb_384_4814gIYVl0I6KMJ6goLFjpxL.jpg"
336,236,"S","thumb_384_2306HQe6ku0fphgyO7mLozIK.jpg"
337,237,"M","noimg.jpg"
338,238,"M","thumb_720_5544Uwz5a8Z5tGfDaQyfMj36.jpg"
339,238,"S","thumb_384_63930RWLZtlbVDwLOKFkZSju.jpg"
340,238,"S","thumb_384_0857xbsAfaSpL7shnD2UnM4o.jpg"
341,238,"S","thumb_384_6415FuomMv13TknZuHjgoDzI.jpg"
342,240,"M","thumb_720_7654o3dL6ka8GJTaXEnyAvIQ.jpg"
343,240,"S","thumb_384_8972jNx1P9o73jgzcI3wwYol.jpg"
344,240,"S","thumb_384_6176kmfTUxKjokdD9jPcBnAY.jpg"
345,240,"S","thumb_384_7605o8UDioAkUcI2Twg4P0jY.jpg"
346,244,"M","thumb_720_59057gsMN4xSAf92T8ZK93d3.jpg"
347,244,"S","thumb_384_2798CrtHmeC24XJgochGLvmR.jpg"
348,244,"S","thumb_384_7356N7cj9Cr3tkdrwmdVjPsN.jpg"
349,244,"S","thumb_384_6811CIsNCQvlfBQmdEhdzKaL.jpg"
350,245,"M","thumb_720_6234MzaS5eKF8lPwLa6VLBCJ.jpg"
351,245,"S","thumb_384_08499ywG5N4fUfFKS8CTBHWt.jpg"
352,245,"S","thumb_384_20635G2BqiqtEAoQpMibd4lT.jpg"
353,245,"S","thumb_384_48806HsqhhwLFuASRTY85XT4.jpg"
354,247,"M","thumb_720_2540CGLmgAAT0p4BbmH45NTy.jpg"
355,247,"S","thumb_384_1355kUAOja7jzNB9waavqwKS.jpg"
356,247,"S","thumb_384_4220QkAoiBkUn1TV6lQ0d7RS.jpg"
357,247,"S","thumb_384_2135RMa3PfpeYnU9YS7H2zr7.jpg"
358,249,"M","thumb_720_2859D3PyuaMksXMCpNTUan6d.jpg"
359,249,"S","thumb_384_37351DXyEv9hlA0Rsnl0Zx5m.jpg"
360,249,"S","thumb_384_2204t4Os3ISD6GHOCbCtaNsx.jpg"
361,249,"S","thumb_384_2860ypMsNXQlBITliaM5R3of.jpg"
362,260,"M","thumb_720_7135NKdNyh7r2DmoCrxZDCCR.jpg"
363,260,"S","thumb_384_9084HB9csTL8hcx5E9gljZjv.jpg"
364,260,"S","thumb_384_1464HzeRIz6yO83RHgxGuB42.jpg"
365,260,"S","thumb_384_8434OG6dWrYiT572v6BnEEJI.jpg"
366,267,"M","thumb_720_9944NpMikdu7ldkJchnVKqsR.jpg"
367,267,"S","thumb_384_5295AGFSGTNUQQtLsYwfd5RU.jpg"
368,267,"S","thumb_384_8966zl2CLSb2dfThhhxj8Wkk.jpg"
369,267,"S","thumb_384_1058rHUr2AbRsLqLePniUfRP.jpg"
370,268,"M","thumb_720_8720kfphZDixtauDJrGTPsTA.jpg"
371,268,"S","thumb_384_6942S1TNk0KQf8ad4Uiwbdwz.jpg"
372,268,"S","thumb_384_7546DYt9Y2BIqHyGhyx7yyK6.jpg"
373,268,"S","thumb_384_4272D2BnThsuneT2vPCK4bM1.jpg"
374,269,"M","thumb_720_2588qW5Wuh8Ia89TMiYyvvFq.jpg"
375,269,"S","thumb_384_7544mkipUnQmPPpeMadHmSeB.jpg"
376,269,"S","thumb_384_70925k1ucPZUQMGRqUpnFyhQ.jpg"
377,269,"S","thumb_384_44498frcg2dmPKq45YwOrUGN.jpg"
378,276,"M","thumb_720_1594Ed1rPtLXc7kkTjiwVITT.jpg"
379,276,"S","thumb_384_4118CAnfDsB1QaSjdCS3Fzdc.jpg"
380,276,"S","thumb_384_3415gBhAuZ6YdS58iZ430fvJ.jpg"
381,276,"S","thumb_384_8403tlloxF07ZPMx5Zybfsav.jpg"
382,277,"M","thumb_720_9637BcIcqEMBK9No6zSPelXf.jpg"
383,277,"S","thumb_384_9231Alv4hDEUBnoZ8RcEl2nu.jpg"
384,277,"S","thumb_384_8009YF3KCsLpYEBOEoSCFrdq.jpg"
385,277,"S","thumb_384_7499mJw5Mr6U5PmvirKa6jow.jpg"
386,284,"M","thumb_720_4930ybCdnNF5mOozuBQYgb6r.jpg"
387,284,"S","thumb_384_8674BYACWF3b6KqXUpAU1NMA.jpg"
388,284,"S","thumb_384_8186OpD0IOOrbCPcaLRSVtyF.jpg"
389,284,"S","thumb_384_1359mtFFK8QBKmw1vyDyhqqc.jpg"
390,289,"M","thumb_720_7530uE0HmRoGVAmhUp27vP5B.jpg"
391,289,"S","thumb_384_4015JmUo4P3vPGVD2yXja2ge.jpg"
392,289,"S","thumb_384_65327kyFJSuOj3IzHU2WPZse.jpg"
393,289,"S","thumb_384_5910W7NrUDSZkOcllxymROw7.jpg"
394,299,"M","thumb_720_4447JcN0gM0fHc1btGbvmchb.jpg"
395,299,"S","thumb_384_2789sk98PjQh6HVEKTz6OiJ8.jpg"
396,299,"S","thumb_384_8972MgHqwsgjMwmI6FPd7fhi.jpg"
397,299,"S","thumb_384_1609JJGR1Nf8ACBibO9FWySa.jpg"
398,301,"M","thumb_720_8310MtgluJB7IiTO2Kcbrz3s.jpg"
399,301,"S","thumb_384_2345wB3eKhLBpwFReCCjwYeh.jpg"
400,301,"S","thumb_384_1283LLhYOVja92PMSrLqpHTW.jpg"
401,301,"S","thumb_384_18940JCkzeSwGAunqGZ49Q5t.jpg"
402,306,"M","thumb_720_1854FViYQOOzG9Nt7Wou9JXJ.jpg"
403,306,"S","thumb_384_4633VcDnbv3njZ9C92prCK1c.jpg"
404,306,"S","thumb_384_8634Dtaj6GM6FZKrOO3Z5LQJ.jpg"
405,306,"S","thumb_384_0649x2XYVjTI20CgpQzSEx4z.jpg"
406,309,"M","thumb_720_4835zHIvaGrLOfQmDVf8hgBg.jpg"
407,309,"S","thumb_384_8287tQA74f70UxtFqLey1qTN.jpg"
408,309,"S","thumb_384_8470mSMdVS1oXelLbPSgToHl.jpg"
409,309,"S","thumb_384_1844Lo1g5X0xtAHcA03lm7nG.jpg"
410,313,"M","thumb_720_3906EvS6MUEexn8CANQvVHz1.jpg"
411,313,"S","thumb_384_2376eGv2CHm7gfW6PK1swR9L.jpg"
412,313,"S","thumb_384_0415igwHh0jfPKSBY014RxHM.jpg"
413,313,"S","thumb_384_5417P6YzVQsF2bd4dJepFfhP.jpg"
414,315,"M","thumb_720_06492BQhXdl8VVsyTBXZuZdt.jpg"
415,315,"S","thumb_384_5132T1QyNtbeS04SOsh5HGVH.jpg"
416,315,"S","thumb_384_5517hsTkImwEXKXOdUMkvsYh.jpg"
417,315,"S","thumb_384_9327Kf52kK0fdfPX9ktPYuFA.jpg"
418,316,"M","thumb_720_1382UgvgrFLFgv6cylMPLJZ0.jpg"
419,316,"S","thumb_384_1188kjP6WEHbB1DKPgq3C9l7.jpg"
420,316,"S","thumb_384_8884wNOqCQeOX9Kf1OFEneR0.jpg"
421,316,"S","thumb_384_9477QYXQjBot32PNwg9MsKgF.jpg"
422,320,"M","noimg.jpg"
423,327,"M","noimg.jpg"
424,328,"M","thumb_720_6145yfO7lns6gxGZvwFc5mXJ.jpg"
425,328,"S","thumb_384_6654w1iVGQzwfF2bdSaAtZRv.jpg"
426,328,"S","thumb_384_4808aM9Buv3YDumGcuwhfSYX.jpg"
427,328,"S","thumb_384_9169EMPuPUddJlYBVsPNYk6M.jpg"
428,329,"M","thumb_720_2600DqwRcsZYuu268t3EIejA.jpg"
429,329,"S","thumb_384_7841aTQbeZipKfYbhZOw3x42.jpg"
430,329,"S","thumb_384_1888urxACHVrUFyCEKEvx6ci.jpg"
431,329,"S","thumb_384_44430Oc4BkAX214BpVxeljhz.jpg"
432,331,"M","thumb_720_1853pQU5AAYfN7Ui5tv2HM9h.jpg"
433,331,"S","thumb_384_7883oo77QyQxf8Dxh3iOWyf1.jpg"
434,331,"S","thumb_384_1363jG8vrblyrcuSt97C5s8r.jpg"
435,331,"S","thumb_384_4762g2aLF6f7G2XanyO31UIG.jpg"
436,333,"M","thumb_720_5108pR5b9RxeLAvRZWGRAuSN.jpg"
437,333,"S","thumb_384_7822eGH0hx56sNQgnSThXqJJ.jpg"
438,333,"S","thumb_384_497202aTVTv2kQQxXb8Y1ogn.jpg"
439,333,"S","thumb_384_8896iPosFFBHXkKTH1kyvZS8.jpg"
440,337,"M","thumb_720_7108ALIFjijlqYSoEEBkOSMu.jpg"
441,337,"S","thumb_384_2815OCLnCeGlMyRY8Nczy2gu.jpg"
442,337,"S","thumb_384_2907YUt4go5An5uisYQipsbs.jpg"
443,337,"S","thumb_384_7700ox1rVRM740ZRGpjWHr4E.jpg"
444,342,"M","thumb_720_9132gVxHGQ0NxfAEH9dOyd0o.jpg"
445,342,"S","thumb_384_1208PRtO3vlLstcw94ZkRr29.jpg"
446,342,"S","thumb_384_8122UJZnMvDoaZZfBNgxyciO.jpg"
447,342,"S","thumb_384_1055cxfDhQSQg8uKD301gFWs.jpg"
448,343,"M","thumb_720_2313NRWLILGrzn1qd1NyOTMr.jpg"
449,343,"S","thumb_384_78416kjMJeIi79fDnDXn1jqJ.jpg"
450,343,"S","thumb_384_0653Cw3cFHCF68vugCtRHzHw.jpg"
451,343,"S","thumb_384_5868ju7AnYRQNQ5lsmekvTyh.jpg"
452,344,"M","thumb_720_6849GeEkHUoWZ9riosJ25hHL.png"
453,344,"S","thumb_384_1462rBc5DMQBbKISYpbjrJ2H.png"
454,344,"S","thumb_384_3463guoS0vkexvqABYhg1O3G.png"
455,344,"S","thumb_384_0976KwFrbIgky2nZoe5KwZVU.png"
456,349,"M","thumb_720_2306y6e7Bqp8TU0MWd1LkdE7.jpg"
457,349,"S","thumb_384_0140Pq9VNIR3nJ8czfRAslMd.jpg"
458,349,"S","thumb_384_9433G4qyMR8vT6x0qTSmhuDs.jpg"
459,349,"S","thumb_384_8507NEOuTJYELLnBv0HQNJXW.jpg"
460,350,"M","noimg.jpg"
461,353,"M","thumb_720_5891zrHdngtkphQO7mY13Av8.jpg"
462,353,"S","thumb_384_4007xc9WySZUX4WmYg0YnRd3.jpg"
463,353,"S","thumb_384_3019pqSm9SI1kQfmLjHYAhhB.jpg"
464,353,"S","thumb_384_77632W3XurpU4SWf2ILMI9Bg.jpg"
465,355,"M","noimg.jpg"
466,356,"M","thumb_720_29134yYZrHm6EazSemmqKcqu.jpg"
467,356,"S","thumb_384_8864vGLy5Fq0ZqlFJaO2NMiE.jpg"
468,356,"S","thumb_384_38682wdt1J0RjriLzMSfhDvv.jpg"
469,356,"S","thumb_384_8851XB611ePubblgn3AadlQe.jpg"
470,357,"M","noimg.jpg"
471,358,"M","thumb_720_5797ZUn3hGNWoUMf3wDkjYDB.jpg"
472,358,"S","thumb_384_4198VUXRMK4PT76d3a5fmGzV.jpg"
473,358,"S","thumb_384_7953ggEsa0BOtBuOVCP02PA6.jpg"
474,358,"S","thumb_384_387602R2setBdCEJdaaWGTiA.jpg"
475,360,"M","thumb_720_9893GXdSt3GtDpicpgEgoFJJ.jpg"
476,360,"S","thumb_384_6877XywsdSSlEDw2BHLYTlXz.jpg"
477,360,"S","thumb_384_93063PMbyy5l3g1WmvaKHFOh.jpg"
478,360,"S","thumb_384_28283mTXBgG6bDHZbsKJsntQ.jpg"
479,361,"M","thumb_720_77178aswk7Q9Xcea9bhBHaV3.jpg"
480,361,"S","thumb_384_4364YnswdoQLXw3ZaGVR04Ev.jpg"
481,361,"S","thumb_384_9539c5SZMooMMgBjMy8DF0xC.jpg"
482,361,"S","thumb_384_8345nqJIYF1j2nGA4wEIf8Jc.jpg"
483,362,"M","thumb_720_3413bnYNuxy5T3L9SCfXoUFm.jpg"
484,362,"S","thumb_384_68607HKrlv6uaYgunqTpvlSI.jpg"
485,362,"S","thumb_384_96830rZwJWf1zXhWyYfyUD8f.jpg"
486,362,"S","thumb_384_5500I4nJu2VP5eSFxAWzU05R.jpg"
487,367,"M","thumb_720_7913VhTIQeUuonHHSLetFLwa.jpg"
488,367,"S","thumb_384_6786ZCM8YQBieylC0EpHuTbm.jpg"
489,367,"S","thumb_384_9477Fd9EWkfiLKFqKeSmc7dW.jpg"
490,367,"S","thumb_384_7338YaXLRDSheIsT08XYW6rf.jpg"
491,370,"M","thumb_720_4325k87Nwvp2cX1G04YFURGC.jpg"
492,370,"S","thumb_384_9291ZETWDsSqc1Wv3V4feA6h.jpg"
493,370,"S","thumb_384_9695sGjL717qze3AsIiI4U3z.jpg"
494,370,"S","thumb_384_3449E5BKJ4XTmJjeUnIvDTi9.jpg"
495,373,"M","thumb_720_69959ON5QeNAbOoIZJmqu1Au.jpg"
496,373,"S","thumb_384_5580p45H2nENyxLjQ5sARGQE.jpg"
497,373,"S","thumb_384_16085nN7RVPgde03l7oyD5DW.jpg"
498,373,"S","thumb_384_5264KNLnqCtQ45obftp5Z1bI.jpg"
499,375,"M","thumb_720_1242eMzwvUnHO3WJuisuWgkX.jpg"
500,375,"S","thumb_384_9482rAPtrswv7KruBzekNSXe.jpg"
501,375,"S","thumb_384_1420i8josPm1Rm1NJk0LHfNk.jpg"
502,375,"S","thumb_384_2158tHl6ch04CxoUa6OWUbNX.jpg"
503,378,"M","thumb_720_7531cNY1XN4e8A6Gt4y1NiCG.jpg"
504,378,"S","thumb_384_2751Gmio3aCexr34rYqlFcEb.jpg"
505,378,"S","thumb_384_8149RIoyuBk2xRlBffEdClwP.jpg"
506,378,"S","thumb_384_1627jq52cnGv9qfdaXZQ3quu.jpg"
507,379,"M","thumb_720_5384A5v2ZlM0fKdpogkV3a4Y.jpg"
508,379,"S","thumb_384_92606ThIL0mjTlS5rtvJODDd.jpg"
509,379,"S","thumb_384_937800pG3po4RCSiVeTgQflY.jpg"
510,379,"S","thumb_384_2156GlrntcDkVNSWTqARA4FU.jpg"
511,382,"M","thumb_720_83807pHxpXGaWY9ZfQrv7agP.jpg"
512,382,"S","thumb_384_9610CZdEOvxNv5qt4kzruOPv.jpg"
513,382,"S","thumb_384_7151recnaVbXKcUvCGGhzM9t.jpg"
514,382,"S","thumb_384_9774M5tTYDFAI29uOAlkD9ma.jpg"
515,383,"M","thumb_720_2283kYUIMV8AtEItVgS4QkdO.jpg"
516,383,"S","thumb_384_8366ropgN35bkvI38nkQbZhW.jpg"
517,383,"S","thumb_384_5287BBGAFp5n3COumw4aUmhR.jpg"
518,383,"S","thumb_384_0226f1desuCMIM8ntfVKfqhO.jpg"
519,384,"M","thumb_720_42560BSdhsH5XXIhqNpleiEY.jpg"
520,384,"S","thumb_384_6003MtRyVDPkPl3bgduronpm.jpg"
521,384,"S","thumb_384_6901Lq1OuTAWAqsWAxxWQzSL.jpg"
522,384,"S","thumb_384_4022G4yuxCdxovh9a9Xha3BW.jpg"
523,385,"M","noimg.jpg"
524,387,"M","thumb_720_45112axlrEzzciiRowpzRACp.jpg"
525,387,"S","thumb_384_1481U7tUbF85TV8RoBC2N4JG.jpg"
526,387,"S","thumb_384_2194hABLW7l55WaaNpIaOJ7h.jpg"
527,387,"S","thumb_384_8474EQ1mBVsC1shIKcOlNGVl.jpg"
528,389,"M","thumb_720_9926mWD204ErNaawkdXC4FzL.jpg"
529,389,"S","thumb_384_3159rBZjKqgAiXe8uwobta4d.jpg"
530,389,"S","thumb_384_2258q7bi28aEJR03ObddkJyK.jpg"
531,389,"S","thumb_384_7713LGkfzJSNZ7RW323lL3xx.jpg"
532,390,"M","thumb_720_8913yUAsD7EKdSnp5lbRzUh1.jpg"
533,390,"S","thumb_384_7959iYJEUDwnft5KBbaZKRJe.jpg"
534,390,"S","thumb_384_0491kLGmGT1C1w0yqAHcjRtQ.jpg"
535,390,"S","thumb_384_0421hVXdwyyS05Wyw7eCsjbW.jpg"
536,391,"M","thumb_720_2157BTFLYzhkRlFoXOwGvD1y.jpg"
537,391,"S","thumb_384_8732cOyRslB3U0J0liMc6xlw.jpg"
538,391,"S","thumb_384_37712VZcshtHp8uLgYQIdChS.jpg"
539,391,"S","thumb_384_9485Vq1D73vQvDaL4nxUx521.jpg"
540,392,"M","thumb_720_0947I2m8Bh7gWz0qOUZU7d11.jpg"
541,392,"S","thumb_384_3711dYdJ9X0G1cXRHo92S77b.jpg"
542,392,"S","thumb_384_4220zaddWCmQjGxArTx5W2ed.jpg"
543,392,"S","thumb_384_1526uAFstHQ99HQhHtYsH9nv.jpg"
544,394,"M","thumb_720_3270nTM9cBZV2lwZHpOB5Pcg.jpg"
545,394,"S","thumb_384_4071dNXcAxUyXFVOsOWzpBUN.jpg"
546,394,"S","thumb_384_2395zlAXXFXpzkvTdtqHIexS.jpg"
547,394,"S","thumb_384_9670YS1g72JwtJ4dn3Dp8i4Y.jpg"
548,395,"M","noimg.jpg"
549,397,"M","thumb_720_8573DRuvHTJs6RkhM5lC3uRn.jpg"
550,397,"S","thumb_384_3739ci42fnXDg2RJNpr5fXbA.jpg"
551,397,"S","thumb_384_1431MvRjfNpnqw7U4ZEOJQvj.jpg"
552,397,"S","thumb_384_40038mtRSdKKVdUifijtgR3l.jpg"
553,398,"M","thumb_720_0129vDwKuHzGW7Y6a2H9bwrg.jpg"
554,398,"S","thumb_384_8174XVIWZPWWrPQZnFynexYF.jpg"
555,398,"S","thumb_384_8988hy94VkNnmjryP77bJXuy.jpg"
556,398,"S","thumb_384_90060kg6l2Bw3ulVYYvdOif4.jpg"
557,399,"M","thumb_720_35017TWq70Tir8VjpMNcYpBU.jpg"
558,399,"S","thumb_384_6823WvZMkRmiLlmv6FuICEbh.jpg"
559,399,"S","thumb_384_7865Ycz1AbfklDjnl93I3zfi.jpg"
560,399,"S","thumb_384_48073XzR7Jj6Y4dcwHgh3D59.jpg"
561,400,"M","thumb_720_6207LOV7TgqJOpT59VtUoVW0.jpg"
562,400,"S","thumb_384_5793EV7lS568NFn9MA3oX6If.jpg"
563,400,"S","thumb_384_3622ar8eqCauQz5tmWodTeMT.jpg"
564,400,"S","thumb_384_3984fEOo83rAmFqIwSdfhzmo.jpg"
565,401,"M","thumb_720_83846006Qc4zSchE9efV0fXx.jpg"
566,401,"S","thumb_384_4738zU0ZAPNyRa69lq7ZTNfz.jpg"
567,401,"S","thumb_384_4754dIEyIYQMdcpqsLvumHpo.jpg"
568,401,"S","thumb_384_946249cuqpRq3lui4xg98iZk.jpg"
569,402,"M","thumb_720_2373DNud0R7IQiObuYZojoM9.jpg"
570,402,"S","thumb_384_5855RU2PMq2A9d003FrHf1IL.jpg"
571,402,"S","thumb_384_8807L0YAHHimaxNr628497Vt.jpg"
572,402,"S","thumb_384_7897DWgxtaaqJ0ERE4MhslUb.jpg"
573,403,"M","thumb_720_7436YlgS9ufXbwp90LnhyeBf.jpg"
574,403,"S","thumb_384_4501LfXK0y6l2gAKQ5qJTMdp.jpg"
575,403,"S","thumb_384_2740GzQX90Hn0EjkRNImL63G.jpg"
576,403,"S","thumb_384_6197nJYTLIv6OT0Mju6PsgPx.jpg"
577,404,"M","thumb_720_4762JasZaJGmNInk3Jlxpnit.jpg"
578,404,"S","thumb_384_7810JiAPjS8U5lxspW9Zj9fU.jpg"
579,404,"S","thumb_384_9295RkmuasKrTwChH3RL7PbY.jpg"
580,404,"S","thumb_384_81223wdpomdMnPonltIidSer.jpg"
581,405,"M","thumb_720_0581sABs64vKu3y2x0fyCQsa.jpg"
582,405,"S","thumb_384_0034OWeyP7ZpDq4SeI9LBGNq.jpg"
583,405,"S","thumb_384_5509Ts7rZoVrsTEEXloYFanq.jpg"
584,405,"S","thumb_384_9637FT4foZwE7TCcA3PMOHGN.jpg"
585,408,"M","thumb_720_0637SDn5kHABgrYd4gfCo98L.jpg"
586,408,"S","thumb_384_4874vCHeqOUxsrmi22ykusZ2.jpg"
587,408,"S","thumb_384_3965HG9K8LRb5HwHeY8xJQXu.jpg"
588,408,"S","thumb_384_7217ZPxKjb9chQAzQTSD7j10.jpg"
589,418,"M","thumb_720_4534IEMw9I2sHxiNFpD0Dx36.jpg"
590,418,"S","thumb_384_4923qz2RuHyGulVHJEBFuNOm.jpg"
591,418,"S","thumb_384_5764daeznbiDjO7yhV4ECE3q.png"
592,418,"S","thumb_384_9221stU8OdmWtBNpJ3skr19S.jpg"
593,420,"M","thumb_720_4508JJmoJwMCcyj6SzMuJNDo.jpg"
594,420,"S","thumb_384_7956qPA2wSJDtzpglNJEX9Tc.jpg"
595,420,"S","thumb_384_3393Vidwz9cq5tI6wp0xw2Es.jpg"
596,420,"S","thumb_384_5239VLvl58dNabAs0TcBDcEy.jpg"
597,425,"M","noimg.jpg"
598,426,"M","thumb_720_2712Z6PGfXjQVioYKHhgaYk1.jpeg"
599,426,"S","thumb_384_0244NxmD5qSnFvgNJ2oSLhD5.jpg"
600,426,"S","thumb_384_5767fNSDyo75JgfUQ1q4ESW2.jpg"
601,426,"S","thumb_384_8489X025BOZI24piiJrdKrYU.jpg"
602,427,"M","thumb_720_7263zxDezmCUwyW9ofK674VF.jpg"
603,427,"S","thumb_384_8670RmS85bVKRURZpp2Ueb3X.jpg"
604,427,"S","thumb_384_0015xdSkX7Mx2ygifIVekxS4.jpg"
605,427,"S","thumb_384_6032faOhGUY2Z4SCaaApLoBI.jpg"
606,428,"M","thumb_720_7110FIFwuZQR60FEAhZkwnwb.jpg"
607,428,"S","thumb_384_1280zQDkL5DxOTgepRQQOvLK.jpg"
608,428,"S","thumb_384_2474yHSgMi9AUgQOuOyTGYIE.jpg"
609,428,"S","thumb_384_1437Gdc1pZ2OUHu6C7RZx1Df.jpg"
610,434,"M","thumb_720_6774omAwOaUYNwcdukHSRhNC.jpg"
611,434,"S","thumb_384_5033brCjmlDNP3630jwJnLna.jpg"
612,434,"S","thumb_384_6117JilZA9wKcQ1aUTdCbTR8.jpg"
613,434,"S","thumb_384_3889KuXeyZ66cRytqORnM0cu.jpg"
614,438,"M","thumb_720_3246St8bWAddvC8bcuW9MXL9.jpg"
615,438,"S","thumb_384_1554OHjbmTvSfoYWJqGU276y.jpg"
616,438,"S","thumb_384_8651UTbCs656bHpXVHEVur38.jpg"
617,438,"S","thumb_384_3406Try1dhE6BPhVaHAutvXU.jpg"
618,439,"M","thumb_720_9547Nkjapnu2OUBPxtBef02G.jpg"
619,439,"S","thumb_384_6394W8fKCsdg9up4FGCpgyLj.jpg"
620,439,"S","thumb_384_0864MK69PXERfXOfflKONVHq.jpg"
621,439,"S","thumb_384_9736WP8x5974ViTRSEddTC4C.jpg"
622,440,"M","noimg.jpg"
623,441,"M","thumb_720_4090HFB6fDaVh2ftb7Tua5SL.jpg"
624,441,"S","thumb_384_4266c7yntu2TIjTBxRX4jjyW.jpg"
625,441,"S","thumb_384_8708S3gL2NAAg6eSqm1fzJbm.jpg"
626,441,"S","thumb_384_9394JQdFA17ZoyrvcO0r2JlQ.jpg"
627,442,"M","thumb_720_9715MaKUJCe9J2YgkzsO1C0D.jpg"
628,442,"S","thumb_384_5117oL9e1QBW5Zn4II5GQBiM.jpg"
629,442,"S","thumb_384_2707RR3i59tmJ0PxWyZUuryM.jpg"
630,442,"S","thumb_384_49079EYkislnCKMDWqXbHyo3.jpg"
631,443,"M","thumb_720_5386s7V3dMh6cnvdmWmYaMnh.jpg"
632,443,"S","thumb_384_4821dqwuuShpMSz4a5rcE5fD.jpg"
633,443,"S","thumb_384_11039jTpppjNtAzeNz2kxNFu.jpg"
634,443,"S","thumb_384_1625EKUhCzTBw0Mpg8uIMST6.jpg"
635,444,"M","thumb_720_7163GAMRT1ocfduXytFgCvQj.jpg"
636,444,"S","thumb_384_59341TqSfLyLbGbQtWy6QThE.jpg"
637,444,"S","thumb_384_5240RrLLhMPrKRjIOW7p77Sm.jpg"
638,444,"S","thumb_384_2195fxcy65JKRsUS0sGLXp37.jpg"
639,448,"M","thumb_720_5313TXG1EiO7SHG2oTtj21WJ.jpg"
640,448,"S","thumb_384_7295vVSJLDEegOs3DcG66MV2.jpg"
641,448,"S","thumb_384_1557OeCbPshQhkhcEPWNNXkv.jpg"
642,448,"S","thumb_384_3241kQkhbzYvcyEePEvx2iFD.jpg"
643,449,"M","thumb_720_95947lwyAOCyNQwwq60KrF8q.jpg"
644,449,"S","thumb_384_0843e72DyW4YBjMuVVqMym7B.jpg"
645,449,"S","thumb_384_5663vFJ29TSdXo0kGtVg8lzd.jpg"
646,449,"S","thumb_384_23277lAZKNzKFmLFykEuLLwT.jpg"
647,454,"M","thumb_720_1768QcuIUMyZm4qZRQo6W344.jpg"
648,454,"S","thumb_384_2012s72YPJOC3LzTgHcdE0lY.jpg"
649,454,"S","thumb_384_1930eUQQptcSnKsx8xfDyH5U.jpg"
650,454,"S","thumb_384_13352HS8TseUJuPWAJ2SS2N6.jpg"
651,456,"M","noimg.jpg"
652,462,"M","thumb_720_7788wRf6jsLbuSdwfcj2euE3.jpg"
653,462,"S","thumb_384_5480uCQzkufa1e3XTOKJmB0f.jpg"
654,462,"S","thumb_384_08483WuwfFktWEJzpdBwdat5.jpg"
655,462,"S","thumb_384_1209Sw9OfXSgN51NfECCrb9l.jpg"
656,465,"M","thumb_720_73627YpzfNnfxyw6uKfdrF71.jpg"
657,465,"S","thumb_384_8689VAHJ1JKF588iQ7bjfhaV.jpg"
658,465,"S","thumb_384_4544SaG1uIGJKXKTMJMVYRFO.jpg"
659,465,"S","thumb_384_6083GoAF80Jk28Wxr3NAd8U1.jpg"
660,467,"M","noimg.jpg"
661,468,"M","thumb_720_74509HjyeuF7PxaGkzGwJq2Y.jpg"
662,468,"S","thumb_384_9114NnBK0Ip0vPVCvMkkUeES.jpg"
663,468,"S","thumb_384_0260nppgo8ZF6PeK1SS5ItzM.jpg"
664,468,"S","thumb_384_4697hgz7jIwl9lkW163cRA3h.jpg"
665,471,"M","thumb_720_4279eAFdj9sxImj3R5HqQY6U.jpg"
666,471,"S","thumb_384_04460mAjlwYAsUS7hs4WFLCl.jpg"
667,471,"S","thumb_384_8439G7kx9v7LDt8Xv8COoXi1.jpg"
668,471,"S","thumb_384_3435zp0b2ENDMu66Z4SeZDUg.jpg"
669,475,"M","thumb_720_7387FcGjHwP2S10S1ruFB08c.jpg"
670,475,"S","thumb_384_3364x576PPxZZU2KHMWs1BUm.jpg"
671,475,"S","thumb_384_7553KI0PqcNN7yWzBSgKBtaH.jpg"
672,475,"S","thumb_384_6944sLTN04uvHffTJ9jDamVb.jpg"
673,477,"M","thumb_720_6084Elvp4HpgPMVvfPp3kRIz.jpg"
674,477,"S","thumb_384_4931YAyfFZkw3FKxvDKBrBYi.jpg"
675,477,"S","thumb_384_25453h43yL6zTJUEZ6A3w5Id.jpg"
676,477,"S","thumb_384_4774Xf67hCHLBCkCPG5MFK9l.jpg"
677,480,"M","noimg.jpg"
678,482,"M","thumb_720_6289e2kxz6aUIaHRHd6aGbey.jpg"
679,482,"S","thumb_384_7456xlqftdUTzrY2itcUgRhe.jpg"
680,482,"S","thumb_384_55720cy7UIpQ9cMuN5F2jDgn.jpg"
681,482,"S","thumb_384_132162teORSaexhHUlUOVpcC.jpg"
682,483,"M","thumb_720_7080ed54pJtXWqtvHpNll09D.jpg"
683,483,"S","thumb_384_406544Acc4SS9UEM1zEnoTa5.jpg"
684,483,"S","thumb_384_5024iim6IxbTlGRPv0dKdhXc.jpg"
685,483,"S","thumb_384_1383joqycI0ddd1ghizIf7t9.jpg"
686,484,"M","thumb_720_60220yj3sVGbRg6tWhQhYcBq.jpeg"
687,484,"S","thumb_384_8013Qm23pQrwmwuWVnNsSOje.jpeg"
688,484,"S","thumb_384_9681ZpiGZ5RgfDzUw2VuBrbv.jpeg"
689,484,"S","thumb_384_3049zLVIHJxY217N12RkQaks.jpeg"
690,492,"M","thumb_720_1513VOzjN9eQD2Vl8Jdp2e0U.jpg"
691,492,"S","thumb_384_8672x1ORO56mBKSd6Y5dSRW8.jpg"
692,492,"S","thumb_384_5636k3FCT0iA6vjKQJ3ZJo6C.jpg"
693,492,"S","thumb_384_7134Omx3DAOzCBdPkm8I65aC.jpg"
694,500,"M","thumb_720_3776pZvryYOOHYHErpYx5wQb.jpg"
695,500,"S","thumb_384_0265z5MnkrBQP4nqR2ZWD6Ry.jpg"
696,500,"S","thumb_384_0717gEZLXWuTDeN5m22362o9.jpg"
697,500,"S","thumb_384_9652gScEMwbbWk0udKYlIvIP.jpg"
698,502,"M","thumb_720_0067nj4Ot4J98V9G8qbg3zLJ.jpg"
699,502,"S","thumb_384_1747hQwt3wwZQaSl3SnyItzf.jpg"
700,502,"S","thumb_384_8745TJFVeIlxBNfAOMp8AsMF.jpg"
701,502,"S","thumb_384_6579yXOTcG8BPLcR6grszhBy.jpg"
702,503,"M","thumb_720_07486qBwkRrRlueaIftxigY3.jpg"
703,503,"S","thumb_384_0073ZWc88lhzYEBLNCNBKuoA.jpg"
704,503,"S","thumb_384_8613QXTITOSAqd8XF0ORbR1C.jpg"
705,503,"S","thumb_384_4435pdgoSEBKZ7d5WFmaMEdZ.jpg"
706,504,"M","thumb_720_3341ilS9tvjctjnLIarDtzo9.jpg"
707,504,"S","thumb_384_7329NOFKXmDeKjnsXrfLJYll.jpg"
708,504,"S","thumb_384_6956T7Va7HPngLN9tnUZSQTX.jpg"
709,504,"S","thumb_384_8180rX1EMOvoQJVuzYhZqWKD.jpg"
710,507,"M","thumb_720_8300NyFn3H1OxsOfhChxgbqx.jpg"
711,507,"S","thumb_384_1729EDjrK5nNVVNuGGdCHf8t.jpg"
712,507,"S","thumb_384_05436WZvaLpF0yzwFjRgMQzs.jpg"
713,507,"S","thumb_384_3858G5IUaY9AaV9c8wgyQrar.jpg"
714,508,"M","thumb_720_65266GxKuU2OlqIhiRx717Ci.jpg"
715,508,"S","thumb_384_65411lvR1haW64pbN75Bdbpe.jpg"
716,508,"S","thumb_384_0505k1bZkUbRSIzptXwgyHAQ.jpg"
717,508,"S","thumb_384_3349uq8aaANpgDmEQhRDarRZ.jpg"
718,510,"M","thumb_720_3532rYNz9EehHiE108RQZfRS.jpg"
719,510,"S","thumb_384_1432UpyI5xJD0gWPGIufGVsp.jpg"
720,510,"S","thumb_384_0506Fcnu7sViFGd56Rzt4S6r.jpg"
721,510,"S","thumb_384_2678QLybo7USXZQsX8CHIaZT.jpg"
722,512,"M","thumb_720_20332GdFvJ7B3H4hdoee9OOz.jpg"
723,512,"S","thumb_384_8591kzi26KltmvMSdgk7KQP6.jpg"
724,512,"S","thumb_384_9588I40LU6gSrLVYSqxM4wou.jpg"
725,512,"S","thumb_384_67703FyNcJcZOyOfMLd77Db1.jpg"
726,521,"M","thumb_720_5945LlLcyMdrpUts9A57Po7p.jpg"
727,521,"S","thumb_384_0692XrLeckKitNMHZS33u4yj.jpg"
728,521,"S","thumb_384_84949MzKIDAEFcOgCDbgUSxv.jpg"
729,521,"S","thumb_384_3435wDqVAAF1Y1bJQ3KfosVN.jpg"
730,522,"M","thumb_720_0066SmtQRhUYaNGSFWvYiTyw.jpg"
731,522,"S","thumb_384_7699nHS8unEo8eU2RHIBW3mB.jpg"
732,522,"S","thumb_384_2126gCFeKGdtbHdD74rmkBPU.jpg"
733,522,"S","thumb_384_1095SyYn7HWGHlR8icpt6TVv.jpg"
734,525,"M","thumb_720_7866QYmGBqN9dZw8CkBZMjRQ.jpg"
735,525,"S","thumb_384_5289RsxpEjM3ka3VHpRbqTfm.jpg"
736,525,"S","thumb_384_9666aFzAZSYG95sv5ZaWjxeM.jpg"
737,525,"S","thumb_384_0874ZwzXu2HQ3snJuTz68of6.jpg"
738,526,"M","thumb_720_3927EqwLLydlyOIjGQ9ca018.jpg"
739,526,"S","thumb_384_2772h7NSycTmljyphKzwL7wL.jpg"
740,526,"S","thumb_384_6624iZo4RypFhTc5OGYBEO58.jpg"
741,526,"S","thumb_384_9296knAz6u26dsrmDPLTPq36.jpg"
742,527,"M","thumb_720_9351TXMtFu6n4h8uR0sPRgVh.jpg"
743,527,"S","thumb_384_1672TtqgX4jWNj1grIhhZI3w.jpg"
744,527,"S","thumb_384_9273tJ06vD2tWhadxjaJA8He.jpg"
745,527,"S","thumb_384_8194Txz5fKYC9zNLBuPvMYUF.jpg"
746,528,"M","thumb_720_0261QHMs5XxQE9ww7pa8apOE.jpg"
747,528,"S","thumb_384_401344MuVteYmnh9tDj5ZLkA.jpg"
748,528,"S","thumb_384_8734LRsjYal0NBoSNzhoLtwM.jpg"
749,528,"S","thumb_384_8481PzlMAGtjpL3hUiZcHOOC.jpg"
750,529,"M","thumb_720_8910I48tvjzu7QnCTGroJKmX.jpg"
751,529,"S","thumb_384_4364k1cVR3TuI3JWjanDibrm.jpg"
752,529,"S","thumb_384_2378CYNzzJsfhHoFe8D7xQ6K.jpg"
753,529,"S","thumb_384_0616E679jzyhC69wuvYPhIkP.jpg"
754,530,"M","thumb_720_1818y7Y5j5KXTDXEDOgaHzEs.jpg"
755,530,"S","thumb_384_64423h98dIklACJDQ9ajquLF.jpg"
756,530,"S","thumb_384_957337TrayAYxDssgH4EbpKB.jpg"
757,530,"S","thumb_384_8141AL0AxJeJ2abuOfbMPZ01.jpg"
758,531,"M","thumb_720_7990OlTyRF3AaH9DKhQV7xhm.jpg"
759,531,"S","thumb_384_0577bHCfnmcNHuvND2VnFcdN.jpg"
760,531,"S","thumb_384_3603kpsBdDSQ2Mr9doNsgWcl.jpg"
761,531,"S","thumb_384_1597JZLixT7JJaExuDkEkvMH.jpg"
762,532,"M","thumb_720_73994Psz0N8b0TJ6rARD4sbK.jpg"
763,532,"S","thumb_384_19467mEb9IRnd5AINpGB3hcQ.jpg"
764,532,"S","thumb_384_2821K7qmxO1NsOXQck1s32cQ.jpg"
765,532,"S","thumb_384_8391Rstq57BckhpmfeL8pl3x.jpg"
766,533,"M","thumb_720_0041kFzG1Z9jyMs1S70QT4dT.jpg"
767,533,"S","thumb_384_5968n4xe1KmW7MbauB2ECoNd.jpg"
768,533,"S","thumb_384_6634kRkQ3h4iCfSRXVKdsBlD.jpg"
769,533,"S","thumb_384_5203godqRkIZn5qvFyXmlhpB.jpg"
770,535,"M","thumb_720_1344UPEYkRcNemkjjizNOJzH.jpg"
771,535,"S","thumb_384_0055nfYgXUSFM9XmaEszzgUx.jpg"
772,535,"S","thumb_384_7345w42hLjF0dJPT1vjdElL5.jpg"
773,535,"S","thumb_384_2004D6IUaATrlQPgwBpy1NVx.jpg"
774,538,"M","thumb_720_3614yWoo0KZODoU7ClNLcnlu.jpg"
775,538,"S","thumb_384_3627xG1yL2gMa9LCtb5LJYDA.jpg"
776,540,"M","thumb_720_9877b02HUG0uODWGbYHXKbHC.jpg"
777,540,"S","thumb_384_7815ubf17sbJhhkupJgTh1fz.jpg"
778,540,"S","thumb_384_2746ByILXeLzGEDDjiq2CO8Q.jpg"
779,540,"S","thumb_384_4995RRAQScf6lUtnWmxjmkTW.jpg"
780,543,"M","thumb_720_7183KnxOtKqSCXgKN0bVoOI7.jpg"
781,543,"S","thumb_384_0878ugZ5xjryDr0Md2T4Vhu3.jpg"
782,543,"S","thumb_384_5535AK2ZEnDIl4gCpIISCJke.jpg"
783,543,"S","thumb_384_1705vuTmNcbZfUgqvwW9Udvf.jpg"
784,548,"M","noimg.jpg"
785,549,"M","thumb_720_2212ePuZds2CyyApJo3QzEiN.jpg"
786,549,"S","thumb_384_264680XPhnBSUs8HfVekVX8r.jpg"
787,549,"S","thumb_384_91053dUhL3Gj8FwhatKg1E0G.jpg"
788,549,"S","thumb_384_7765QXwmY2POnx6MPkcsR6yh.jpg"
789,550,"M","thumb_720_1044TOZ8RUufQErr8GIYagHg.jpg"
790,550,"S","thumb_384_0891yFokdJDTbm64Akvm8VBC.jpg"
791,550,"S","thumb_384_3339mF2FfYj8M6heix42qu7F.jpg"
792,550,"S","thumb_384_1544X2lNt3Rvyxz6WHRkmlgH.jpg"
793,551,"M","thumb_720_5543AnmC0Pi9K6Y0hiB71SiS.jpg"
794,551,"S","thumb_384_1632xC3JkTf3JlF8a4isNufi.jpg"
795,551,"S","thumb_384_8996SJJaZrYFgB98Ro0XBNQs.jpg"
796,551,"S","thumb_384_7038b4PBF5877p0JgFGAo0m4.jpg"
797,555,"M","thumb_720_2781MlHJJ3bPNWMr7qIfz9Qw.jpg"
798,555,"S","thumb_384_6350KmgNI6y0aFvxMU89lAz1.jpg"
799,555,"S","thumb_384_8333ltMU9CGyRuJOYBTHbS13.jpg"
800,555,"S","thumb_384_8800Rel0oKVy5nZWK4in2G03.jpg"
801,563,"M","thumb_720_5511MutsmhCubQQq7sGqlvb9.jpg"
802,563,"S","thumb_384_4643CWmUSSOvYnAyoW7IdzbK.jpg"
803,563,"S","thumb_384_98499tcPXiO2xJ2GQbAoYUEj.jpg"
804,563,"S","thumb_384_29030Zll3g3gHMSdy6bHzpIC.jpg"
805,564,"M","thumb_720_89208gPeipMwhBFpS1I71knx.jpg"
806,564,"S","thumb_384_8049FMHKkQF4dC73vaPvWDNc.jpg"
807,564,"S","thumb_384_0442RQEfqsAVXuhrynDUtEaF.jpg"
808,564,"S","thumb_384_661221YUgmWekj2Su7ogMWem.jpg"
809,565,"M","thumb_720_001736UUN0ajHJs41jzazUpE.jpg"
810,565,"S","thumb_384_2261BtChrJxWKiHyZirrXMxX.jpg"
811,565,"S","thumb_384_8414tNpKvjefbbFO2MQUDoRd.jpg"
812,565,"S","thumb_384_9057G7anlx664m7A05j76Kye.jpg"
813,575,"M","thumb_720_2256jBTXAgfAfzsJmNtMX3hQ.jpg"
814,575,"S","thumb_384_8053RKcMzfzQWLxCyjnKiXR2.jpg"
815,575,"S","thumb_384_6968myKkVeuSo5F85imbVbJb.jpg"
816,575,"S","thumb_384_0521HPKakI4avUBUgLWEVDBy.jpg"
817,576,"M","thumb_720_5478b7dOQ0kPoppkWRXkXo9F.jpg"
818,576,"S","thumb_384_4266AWqCm6kgHOOxKQwnNnL0.jpg"
819,576,"S","thumb_384_318213N0l7PG9TQFE2haJQNp.jpg"
820,576,"S","thumb_384_49626JNeHq4XSLJNEirUiXad.jpg"
821,578,"M","thumb_720_8940lOACv3nx0e97NPsxgZhj.jpg"
822,578,"S","thumb_384_4519bACq1UaibYgWrVRCDpSE.jpg"
823,578,"S","thumb_384_9988yjbSArDE9hmBBzQ5gqjI.jpg"
824,578,"S","thumb_384_3680UDpb471gy2SIDqxsXXvw.jpg"
825,582,"M","thumb_720_4313r6JqRYC1LGKIEJQgMFOT.jpg"
826,582,"S","thumb_384_3097piWJiHSD2ZrV2tyktdWE.jpg"
827,582,"S","thumb_384_6294haaXtHRIM2GVZj3yGdGK.jpg"
828,582,"S","thumb_384_7482l374ctBtYAUooo0NijX5.jpg"
829,584,"M","thumb_720_9444GUHER2nPkgx4XbXpnYQK.jpg"
830,584,"S","thumb_384_1370C2BbcBnYDXMHt2wja0km.jpg"
831,584,"S","thumb_384_89213YcpoWEgu2ZSpZSAnQXp.jpg"
832,584,"S","thumb_384_4807jvE0dlvsndtdmx3BHDIV.jpg"
833,588,"M","thumb_720_61843DsPgnTB1kd4bOtall47.jpg"
834,588,"S","thumb_384_81230Yxxlw5oRCwwoHxUyBFN.jpg"
835,588,"S","thumb_384_5178wemTkvLmT8NJ9WPbNvx3.jpg"
836,588,"S","thumb_384_6504rViJmpgQRBHXsvu8voVI.jpg"
837,590,"M","thumb_720_69989AZ34l0U8LPxNGsWRGBe.jpg"
838,590,"S","thumb_384_5166wW56i0o5iBIYGdyEGZTi.jpg"
839,590,"S","thumb_384_8065QxjxqOvgFMu6rKOM5eHa.jpg"
840,590,"S","thumb_384_3674Lm2pApY7SGM0jHLUF21d.jpg"
841,591,"M","thumb_720_3270h1ZTRnluFfurX4EiA708.jpg"
842,591,"S","thumb_384_7356AA72EKH7TgMSyaJpMObO.jpg"
843,591,"S","thumb_384_38897YZOuOc0SLIARoMhJCxp.jpg"
844,591,"S","thumb_384_4245nwMTiwtzpRyddIuzzDzX.jpg"
845,592,"M","thumb_720_60701jCS7V5wqmZmMIqUhhpB.jpg"
846,592,"S","thumb_384_6473FdlseeTtnpbua3x57akq.jpg"
847,592,"S","thumb_384_1108SKAsPozwgVURiW1wOTQy.jpg"
848,592,"S","thumb_384_1516UKmDzRlLkDCikZRRt7fd.jpg"
849,596,"M","thumb_720_1357SVCIIJ9GVMbfiRHac8jL.jpg"
850,596,"S","thumb_384_2898CxKnVfgSYiSqKiJVKRAW.jpg"
851,596,"S","thumb_384_10769mrT6LTBCIUkvRltHPK9.jpg"
852,596,"S","thumb_384_6657TmxjdYILfgSSzswuXxbP.jpg"
853,597,"M","thumb_720_7927quLrSYhPDzDtBsNuUXdk.jpg"
854,597,"S","thumb_384_8170UgqOzyYizjqaXlZL6vMC.jpg"
855,597,"S","thumb_384_0702S2XM2tE2kMF9Q9Kezxw2.jpg"
856,597,"S","thumb_384_6882UMjxAwd9c6gy4c6mVCoB.jpg"
857,598,"M","thumb_720_33147DI31oJk8Kzvz8t964vm.jpg"
858,598,"S","thumb_384_9823DxxzkJfKHHqsvifL6wjx.jpg"
859,598,"S","thumb_384_4344j2ponbuI0WmzKlkm4QYJ.jpg"
860,598,"S","thumb_384_01492CdJefv7CJDpyohV0Qja.jpg"
861,601,"M","thumb_720_9778tRicWQRRtX8qdvoRH44J.jpg"
862,601,"S","thumb_384_7992pkHSTbAkD76rI6Tnuf6k.jpg"
863,601,"S","thumb_384_8707NJwfbsox6mdLm2m6X2hr.jpg"
864,601,"S","thumb_384_8154cwzN2DaW53fSx1haK50c.jpg"
865,603,"M","thumb_720_4435yDEauOWbly7N8zllmZHG.jpg"
866,603,"S","thumb_384_19193SNHrASILUCVjmYMaAGt.jpg"
867,603,"S","thumb_384_9558rZHRgBIe7VPF0m9mgdJY.jpg"
868,603,"S","thumb_384_7614vTUC5gv65xpzZlyZ3AVB.jpg"
869,604,"M","noimg.jpg"
870,609,"M","thumb_720_7850j9Z2vRhymRTCVEWMfUcw.jpg"
871,609,"S","thumb_384_84763y63jLCB1PPKItVrWuva.jpg"
872,609,"S","thumb_384_2182h6VyOJEOpimgyh4pKd9a.jpg"
873,609,"S","thumb_384_22470vrxRxQ3oORt8ijLJs4a.jpg"
874,612,"M","noimg.jpg"
875,615,"M","thumb_720_3068nUvskWk7ChzB2L9E5MoS.jpg"
876,615,"S","thumb_384_6004Zz7VvjfqdZwWwilhD8cF.jpg"
877,615,"S","thumb_384_3737IVyZqpcNIk6AXh1TKAV4.jpg"
878,615,"S","thumb_384_3415g7GtWNaT0FQXRgTkO4O8.jpg"
879,616,"M","thumb_720_7532k5HTf1IL9cHiiqWkF16A.jpg"
880,616,"S","thumb_384_09956Wz3s2RsIT3xDhZL6GRB.jpg"
881,616,"S","thumb_384_0807nLVqpuaRUDltCxylamWn.jpg"
882,616,"S","thumb_384_6345VaYziiwBVrg56GuTTMls.jpg"
883,619,"M","thumb_720_6694aD2Zh2i5vC4S3fl2Sev2.jpg"
884,619,"S","thumb_384_0414TPw1hsDkS3lnekDh8Onq.jpg"
885,619,"S","thumb_384_1118kxLtf9OZeFZtcbitQbxs.jpg"
886,619,"S","thumb_384_7505AfTvy54o9V5efy0a8rLz.jpg"
887,621,"M","thumb_720_5773EGBbt51rxNWAoQvxFVDJ.jpg"
888,621,"S","thumb_384_12125UpvGPQUgVkitBsVLwWe.jpg"
889,621,"S","thumb_384_2112CW8dPIChmwGL9LyRBlM2.jpg"
890,621,"S","thumb_384_08197t4CP1IeGT6GYLWWetQl.jpg"
891,625,"M","thumb_720_6803KHTunTw2w39F8T6wTdyp.jpg"
892,625,"S","thumb_384_5906uAzXXDNrbZSVLUKeShOO.jpg"
893,625,"S","thumb_384_12575ykcuDBXgROAp8HNfCBN.jpg"
894,625,"S","thumb_384_36434srhdFIfQGo9lPo4DtAv.jpg"
895,626,"M","thumb_720_4544Zi5jCwXU6Ss5Aw68kt03.jpg"
896,626,"S","thumb_384_3771N5edModwtP99EgLkiQiC.jpg"
897,626,"S","thumb_384_6258dVcr7XdUPBKsIvLJBS9e.jpg"
898,626,"S","thumb_384_9052asqT8ajJM9mQz9q4j9lR.jpg"
899,627,"M","thumb_720_12073ZUPsO6HVxzF8W7viSsn.jpg"
900,627,"S","thumb_384_5179e1P1qHbximERVOzcAByn.jpg"
901,627,"S","thumb_384_1550kzilrauFZEYVcbP82wMV.jpg"
902,627,"S","thumb_384_1916bhRcQq47QFk6ar0Q08aT.jpg"
903,628,"M","thumb_720_50171eWd6nQ6jH9GLxZV8XKg.jpg"
904,628,"S","thumb_384_9930YisCQno8CNYJSSBISuEr.jpg"
905,628,"S","thumb_384_19748Hgf3EaJjZLnptEDv31e.jpg"
906,628,"S","thumb_384_4608nPPNEaZMhumTvkwg2xpY.jpg"
907,630,"M","thumb_720_14592gSkor69PYiBVgfNtoxu.jpg"
908,630,"S","thumb_384_3307ELqe36OQMjJyfpNTKMnM.jpg"
909,630,"S","thumb_384_7682MVyV9l3H1YygVrtD8Nmi.jpg"
910,630,"S","thumb_384_7168ePvquB4LEw3tWnYCfV5g.jpg"
911,632,"M","thumb_720_8101hbU8PGTYxwlQ4VmqtN53.jpg"
912,632,"S","thumb_384_7863eLVleYWiQzCsncwkpQMI.jpg"
913,632,"S","thumb_384_1294Xeh4iYux6ezFxUBJkMn7.jpg"
914,632,"S","thumb_384_7543pvUoL2moDO5AbsCHOUc2.jpg"
915,633,"M","thumb_720_455082HFbcT4WOULsODtBinR.jpg"
916,633,"S","thumb_384_9244AGusdMmvMfwe6eHxQUR1.jpg"
917,633,"S","thumb_384_7573MACV1dMJcbmAV3IrWOuh.jpg"
918,633,"S","thumb_384_6675lTpzF9GNvkrcYIXQcSQh.jpg"
919,635,"M","thumb_720_41252aAdbwgnGEPQyZ9BgtmE.jpg"
920,635,"S","thumb_384_6840mbRPijHSFR9xIaK7C69U.jpg"
921,635,"S","thumb_384_5385yu5jbF5wM82Fp4BpAIEH.jpg"
922,635,"S","thumb_384_9010g4xI2vuAGT6FCh0LXSUO.jpg"
923,638,"M","thumb_720_2406PGPQDeCy3l1t3aHp9hp7.jpg"
924,638,"S","thumb_384_1875KHfYJtzcHsNkQSGopBYJ.jpg"
925,638,"S","thumb_384_6760PnGUPSER4ULHRpCzkHcc.jpg"
926,638,"S","thumb_384_4223sfp84ty7Du0e0HzEPkg4.jpg"
927,640,"M","thumb_720_0106eNVCOi3cNaPOCgpGafCK.jpg"
928,640,"S","thumb_384_8732bNbT2scU7G5jrlHIhuS5.jpg"
929,640,"S","thumb_384_08936M6ZovhUHVrG5P0aPTng.jpg"
930,640,"S","thumb_384_5639BwBb6rfCdTV0NVMFdtPv.jpg"
931,641,"M","thumb_720_6540femj2ZWYxaPP5Bvujho5.jpg"
932,641,"S","thumb_384_8394hNLbA6nxsf12tjL9D1zm.jpg"
933,641,"S","thumb_384_59203P2moQcGsqq16hlMhV8P.jpg"
934,641,"S","thumb_384_3805CIGOZgg9axvZ16Www9lk.jpg"
935,643,"M","thumb_720_6743862Liqq04xhmvn6GDz0S.jpg"
936,643,"S","thumb_384_98912MuOzCRGBHqpCK7qG0DB.jpg"
937,643,"S","thumb_384_6263Ca2jD2FRx4a1Zw5tA6k2.jpg"
938,643,"S","thumb_384_3302dQtwXKez2nyTo4e015LZ.jpg"
939,644,"M","thumb_720_1624qEW0x5ggOV6DOyV4osf8.jpg"
940,644,"S","thumb_384_6400Qonh14GAuwUfYoMinCvW.jpg"
941,644,"S","thumb_384_1977bZvQ2OBM2xiCNVFBHpb7.jpg"
942,644,"S","thumb_384_9928zXwWpPTKpdzgHZBFXTEt.jpg"
943,645,"M","thumb_720_0412pB7gUGLldRQkoJaOKrLN.jpg"
944,645,"S","thumb_384_7578KXfDZqLcgV1uT4uFKQTn.jpg"
945,645,"S","thumb_384_59726qwAFjTxw3u0yIrridQD.jpg"
946,645,"S","thumb_384_66050UV5IbPn8mKyxToey0r7.jpg"
947,646,"M","thumb_720_6040YqLBOqWJXTsyYpXwgEMI.jpg"
948,646,"S","thumb_384_3477iyMOv6XtldwDuhRntYmB.jpg"
949,646,"S","thumb_384_59481ylslDycoYh1Er0GBV0W.jpg"
950,646,"S","thumb_384_4501sKWvR6X1Clj0ZEGO9189.jpg"
951,647,"M","thumb_720_2935xMGWC26vCHxvjKJyqZ2P.jpg"
952,647,"S","thumb_384_3357hn4zc4ugbCSYuFpLIZRw.jpg"
953,647,"S","thumb_384_3230YMH9lesNkcMxSVqvqSuy.jpg"
954,647,"S","thumb_384_9337JF3lrHbCoXo7CApgNKNX.jpg"
955,648,"M","thumb_720_1857URD9si7hhqXdLT21lKlW.jpg"
956,648,"S","thumb_384_95410e6SW0Pf0IvmNbbPHvLv.jpg"
957,648,"S","thumb_384_6246tgPPoOo96t288pnknCmK.jpg"
958,648,"S","thumb_384_81066ozJ3PCfxZeMPJ9wwK6J.jpg"
959,649,"M","noimg.jpg"
960,652,"M","noimg.jpg"
961,655,"M","noimg.jpg"
962,663,"M","thumb_720_4134VB5hQMxAC2YVjpP09g6j.jpg"
963,663,"S","thumb_384_6354vvRPYth6OD5xN1InpLAk.jpg"
964,663,"S","thumb_384_9606bZOdaS7s24j16xkXbgFO.jpg"
965,663,"S","thumb_384_0862YpddXV4vUjlfXiRHhG3b.jpg"
966,670,"M","thumb_720_5189DBVXVHyN55wD5455IjWF.jpg"
967,670,"S","thumb_384_9542x3WEtfzOz3iLnRGQsQIy.jpg"
968,670,"S","thumb_384_6588sJgt61MnUxVrdg5bkcji.jpg"
969,670,"S","thumb_384_4909x0QLrovZs2ToRqZvddzv.jpg"
970,672,"M","noimg.jpg"
971,673,"M","thumb_720_3189LD3e5O1Z4PtgEF24gDkF.jpg"
972,673,"S","thumb_384_6294ZBSRMZVLQGGMt7yBDwO3.jpg"
973,673,"S","thumb_384_3906PPL7CQTcvaet6rdvvVzY.jpg"
974,673,"S","thumb_384_5554Irhk0u43YYMm2msPT8W5.jpg"
975,674,"M","thumb_720_7548MhntVJtQcUbQgFk0f1xW.jpg"
976,674,"S","thumb_384_9051aZv1gSGmqDvpcRjDwOMV.jpg"
977,674,"S","thumb_384_0620doRL8swClZ2EZGLYOXlb.jpg"
978,674,"S","thumb_384_3073anuZqoqRRXqTx2o9FbKu.jpg"
979,676,"M","thumb_720_3974XMRgNG3Rotcxl8vfBSPa.jpg"
980,676,"S","thumb_384_7790shjjIPWVPYmi8nnWQtze.jpg"
981,676,"S","thumb_384_5735SRiFxGpIvaNBLV3CRuAK.jpg"
982,676,"S","thumb_384_7404zXh3BHu8EQmGoCXtJS9w.jpg"
983,677,"M","noimg.jpg"
984,679,"M","thumb_720_1939Xz1L6fDxuZ084bUnk2hA.jpg"
985,679,"S","thumb_384_9057yhSUmF3luYwVqBOUWyFJ.jpg"
986,679,"S","thumb_384_0341ZZvcGJIvoLPjO17zfY0I.jpg"
987,679,"S","thumb_384_2390qmIebwdsXOsPqiJKefmG.jpg"
988,681,"M","thumb_720_8179XTSo5Upg9Vbrj3Vo1YIa.jpg"
989,681,"S","thumb_384_7919S7kCV9OVSHY3sJb94Yxh.jpg"
990,681,"S","thumb_384_6028XdcgfrVdNI1qezGTGVlx.jpg"
991,681,"S","thumb_384_54004y54Q9glEcfS8qonhPrb.jpg"
992,684,"M","noimg.jpg"
993,689,"M","thumb_720_2939cI2STsnX4Cb9lAUqsIbY.jpg"
994,689,"S","thumb_384_3116jTLCAw2aSLj0XW2lcezt.jpg"
995,689,"S","thumb_384_7508LHKLCgxJDFCvAKNaRRwP.jpg"
996,689,"S","thumb_384_3818GTjmeWVynA6EQJrqyoZr.jpg"
997,691,"M","thumb_720_8875VJexjnno9K9jzKCkvcGf.jpg"
998,691,"S","thumb_384_9383weHWn7GKSUcmsrArKoov.jpg"
999,691,"S","thumb_384_9454h0XoGlETyn2jy2jfJCHJ.jpg"
1000,691,"S","thumb_384_60821vh5OnT6aPC9GF7suNgg.jpg"
1001,692,"M","thumb_720_5813lwcBGxz1Js4HvA1LnabA.jpg"
1002,692,"S","thumb_384_86859sW1uMONMMj8IFb6aW8U.jpg"
1003,692,"S","thumb_384_4670AmkyzFL8hBCvHc1JEURV.jpg"
1004,692,"S","thumb_384_7540Jp7nA7q8ozyA7Bns5b9d.jpg"
1005,696,"M","thumb_720_4270dQRfHKP89NfBgbHw9QE2.jpg"
1006,696,"S","thumb_384_0889KdWX6fldzLwjTrl16859.jpg"
1007,696,"S","thumb_384_8494DgY846BhpjtXsZhsT91S.jpg"
1008,696,"S","thumb_384_6283TuDhEHhyk8W9k7AyAp99.jpg"
1009,697,"M","thumb_720_44774g0CV82mTlMqfBz4ijY5.jpg"
1010,697,"S","thumb_384_9792HbMbRyLHleFozduNQ9fJ.jpg"
1011,697,"S","thumb_384_84254T1mLe9ze1mam898sosL.jpg"
1012,697,"S","thumb_384_4696vNnVnt7ztBAyi4Su1VTV.jpg"
1013,698,"M","thumb_720_9038F39s4OwWZ9UsAicu5oG1.jpg"
1014,698,"S","thumb_384_91280OYCZr32fdUK7pOYlaYH.jpg"
1015,698,"S","thumb_384_6978lCOuXStXlUQB5utYexNY.jpg"
1016,698,"S","thumb_384_0138mtF6ncjeNg4wUPQEdDu3.jpg"
1017,699,"M","thumb_720_2256AFiMWhe1it9Fa9mFbmnT.jpg"
1018,699,"S","thumb_384_2876XaMwHvr7DypBarTVnili.jpg"
1019,699,"S","thumb_384_9307QYvpqYy8jTGiA5yuPklh.jpg"
1020,699,"S","thumb_384_5723sT0b65ppU4eBQaLL4NqH.jpg"
1021,701,"M","thumb_720_6830iv5c8P0tKWXNhs0Pz16q.jpg"
1022,701,"S","thumb_384_6274dRhDGr7Y92ZpmmuwJmht.jpg"
1023,701,"S","thumb_384_0477r9POJSKBEt8Rml4nUGFF.jpg"
1024,701,"S","thumb_384_9861dHvnvbaPROOKh96LVntB.jpg"
1025,702,"M","thumb_720_7081ptSmV3B0Rxb0boqisIxv.jpg"
1026,702,"S","thumb_384_6239UKvuNak3Ere4Ix9ew6qp.jpg"
1027,702,"S","thumb_384_4052fG1lqUZ51qOH4eGSjvaZ.jpg"
1028,702,"S","thumb_384_8096fEJsU25wljVhEGW9FxYG.jpg"
1029,703,"M","thumb_720_5423IFNEvAaIWbqJxGggn2gr.jpg"
1030,703,"S","thumb_384_4866ZdATVWS4Td6eClcJVVXv.jpg"
1031,703,"S","thumb_384_5136AGipGieg2ZJqCBTdiYgV.jpg"
1032,703,"S","thumb_384_1414fconMjyByS63DG2vge5F.jpg"
1033,704,"M","thumb_720_6835LN3Y4PG4YQDWJo1y7Vvr.jpg"
1034,704,"S","thumb_384_3180sywTZYPDawj18TeQB4bt.jpg"
1035,704,"S","thumb_384_9768yvZgJXeL56Z2ebhb1CDg.jpg"
1036,704,"S","thumb_384_4366mxaIYEB8t2TOc9Nh5N8d.jpg"
1037,705,"M","thumb_720_7248ureAwx8lK2g7Ig3lB0ZJ.jpg"
1038,705,"S","thumb_384_1809IB5yKiVX5dHFiI4vyKT7.jpg"
1039,705,"S","thumb_384_7505JtFRF1VOGhJT5PLDyt6F.jpg"
1040,705,"S","thumb_384_2839hFVopHr5u4rDzFfys4iX.jpg"
1041,706,"M","noimg.jpg"
1042,710,"M","thumb_720_0601cwUrlpHkwROq5Ls8nfVk.jpg"
1043,710,"S","thumb_384_3471c37r2mcinpmuEw7woQNn.jpg"
1044,710,"S","thumb_384_1342419CzkbIiNOeQTOehOKK.jpg"
1045,710,"S","thumb_384_5466WnmJNLtnCICWhUwkpPOm.jpg"
1046,714,"M","thumb_720_0971yZRF5bg41ka08TCEyX6t.jpg"
1047,714,"S","thumb_384_1698ZIBiGUfip9ljCwEuA8Wj.jpg"
1048,714,"S","thumb_384_2773fNeadLAj3tUb8flkaAeG.jpg"
1049,714,"S","thumb_384_4923OrtgeDrpIClNpe4kAJAM.jpg"
1050,715,"M","thumb_720_5047ArTwc8pjF8FsHVetiUE3.jpg"
1051,715,"S","thumb_384_7344kvYrddbM8C8RjFL9m7me.jpg"
1052,715,"S","thumb_384_0943jOBR9x4LvRdEBIRidLKn.jpg"
1053,715,"S","thumb_384_856947qp06sKccFaVZ9V8xJe.jpg"
1054,716,"M","thumb_720_6483yLKKYjAyM1hmybKivOTp.jpg"
1055,716,"S","thumb_384_375202ZFPVq0zQ3XHkzzQBTM.jpg"
1056,716,"S","thumb_384_4102fX5YMOTgJPzIEK9vKKIC.jpg"
1057,716,"S","thumb_384_4696tNzw9zsVZXTXG5YhEbkl.jpg"
1058,719,"M","noimg.jpg"
1059,721,"M","thumb_720_75841IOyE1HVAvKgLbLi7yBD.jpg"
1060,721,"S","thumb_384_6541YUMWsYhmYaTrxVNNxMj0.jpg"
1061,721,"S","thumb_384_7720AnC2J17Yff0dRnb9OjN7.jpg"
1062,721,"S","thumb_384_3513W4zPfWIntsa7Gqoh6VF4.jpg"
1063,722,"M","thumb_720_0704A83kBCCL05VSi8GWrLat.jpg"
1064,722,"S","thumb_384_0418PLbmnjNKEf7aEseMx6LR.jpg"
1065,722,"S","thumb_384_6083Vk9WwKECPZpjivXp35vr.jpg"
1066,722,"S","thumb_384_6947Np9exlmlbdm4dDmlZ2V1.jpg"
1067,725,"M","thumb_720_23020AQIhPInUf2tdGSnoHxA.jpg"
1068,725,"S","thumb_384_5341p4jgS4eDEsriTui7M5l9.jpg"
1069,725,"S","thumb_384_7748CmW5gmKHwHC4h04qeM4H.jpg"
1070,725,"S","thumb_384_9598WytU4dh7Z5mDxFs2b0Eb.jpg"
1071,728,"M","noimg.jpg"
1072,731,"M","thumb_720_21799xBqqdqysguKWjp8qYYY.jpg"
1073,731,"S","thumb_384_1925oLE7e4JFiB0pnh0ajLw0.jpg"
1074,731,"S","thumb_384_1508emzVTrhcCwo34Hhs1qb5.jpg"
1075,731,"S","thumb_384_3337FYvy9biDe27klRTl4TxL.jpg"
1076,733,"M","noimg.jpg"
1077,734,"M","thumb_720_2105tgndSBUKGgWwgPO9oajI.jpg"
1078,734,"S","thumb_384_376365FMFrvg1mPIGoTqpaKS.jpg"
1079,734,"S","thumb_384_3630RX4Yp82TJM4qUS9eqwXT.jpg"
1080,734,"S","thumb_384_2867xYPR9w7Y2mICVE8amdgs.jpg"
1081,739,"M","thumb_720_3729bfs7FulxKb2VaxbHfmBV.jpg"
1082,739,"S","thumb_384_8897y1i0n6KYlwVxce4VrLmP.jpg"
1083,739,"S","thumb_384_0441ZOjCUf2mKhqJ7PHROe1p.jpg"
1084,739,"S","thumb_384_02857G6BQCaL3SdOSR83Wtca.jpg"
1085,751,"M","thumb_720_1095XpnCT3AOG0oDJt6tpz0K.jpg"
1086,751,"S","thumb_384_2042XjkC60RCgEzwz9O4apTw.jpg"
1087,751,"S","thumb_384_33175aHPdgdBTHvgDa05lOBf.jpg"
1088,751,"S","thumb_384_7419hL8snv1JcSvrkvXNR84T.jpg"
1089,755,"M","thumb_720_8375oChjWqhxsMkZGmhuMKCy.jpg"
1090,755,"S","thumb_384_3663koscGKoE7xhIlIQRXv16.jpg"
1091,755,"S","thumb_384_0962K3merfUfFpNkYzr2zerZ.jpg"
1092,755,"S","thumb_384_9262GJzJ8MJmr3DexqcJbPFi.jpg"
1093,761,"M","thumb_720_8438yK5HIPU9XvClDWV9f3gP.jpg"
1094,761,"S","thumb_384_8559p1f3x4lal84ZrQjqacV5.jpg"
1095,761,"S","thumb_384_10144vsMTH8mRhfrTLjfY1Lf.jpg"
1096,761,"S","thumb_384_9997kRMjR2f57VmCmmnMqbeS.jpg"
1097,763,"M","thumb_720_1643RR65oiFglnt9PqpY8EXC.jpg"
1098,763,"S","thumb_384_25072D60cm9Mrc3RzScoBqmm.jpg"
1099,763,"S","thumb_384_8801zyPNX6ptZSLpxstw575S.jpg"
1100,763,"S","thumb_384_4171DLI1XnOxwM7vZbC2O6dM.jpg"
1101,766,"M","thumb_720_5539bC8hba6kzvnhMw8oXwrC.jpg"
1102,766,"S","thumb_384_6634wFq2zlKzoHQAvxhZgyj7.jpg"
1103,766,"S","thumb_384_19905ZyVJfO0tvQDZAFpKVts.jpg"
1104,766,"S","thumb_384_2094mcCAy4TDCeeiIKOJIwSC.jpg"
1105,767,"M","thumb_720_7833IfglTQ9sjEDK0uE4huGh.jpg"
1106,767,"S","thumb_384_5446dYbgLY4vVCiB6KW3fIBs.jpg"
1107,767,"S","thumb_384_5242VZSbFPcyg7VEb63nJAz4.jpg"
1108,767,"S","thumb_384_17188Rc6u4LqUImdQOF21lXR.jpg"
1109,769,"M","thumb_720_2774jFCJy2OD17FHiAIwhZjl.jpg"
1110,769,"S","thumb_384_1409mcCAOUG0ynJW2FAWRgEI.jpg"
1111,769,"S","thumb_384_0716sp2nCv6Umba3TBKadQTB.jpg"
1112,769,"S","thumb_384_5438vZywSPipZr64FbWr9j4E.jpg"
1113,774,"M","thumb_720_5887pXZMus1bGDBunavttg94.jpg"
1114,774,"S","thumb_384_2193h9cMf9dsb3tZlsiWK3i5.jpg"
1115,774,"S","thumb_384_6382t3xR9hSsOGPjMTDIdZB5.jpg"
1116,774,"S","thumb_384_6766CTAfnoV0j8j4Rv9jHM9y.jpg"
1117,777,"M","noimg.jpg"
1118,780,"M","thumb_720_5960X5vYerMIelTO18HmcSfA.jpg"
1119,780,"S","thumb_384_672959ijUS8lWfzQPjFkFCiP.jpg"
1120,780,"S","thumb_384_0810EJrElhMP2Z68tm7A5a9j.jpg"
1121,780,"S","thumb_384_1788GfN3NeC3HGkMo45uYhIK.jpg"
1122,782,"M","noimg.jpg"
1123,783,"M","thumb_720_2538IUOMCjsMapMSqlW62aLw.jpg"
1124,783,"S","thumb_384_2213cMwzUpiCoIlFZidT814o.jpg"
1125,783,"S","thumb_384_7430viwh8assGmRww5bBYat1.jpg"
1126,783,"S","thumb_384_4705uX5s3RqwgEvaAoaTPoY7.jpg"
1127,784,"M","thumb_720_7027JQ3WnxDu3TkUvprG1lJw.jpg"
1128,784,"S","thumb_384_1615cKM9Em4Nz8DHDp3DSSiu.jpg"
1129,784,"S","thumb_384_2755lnBaIyxvG2nSSLhb8ymg.jpg"
1130,784,"S","thumb_384_2269o60VabsrUBXyFJLUoetb.jpg"
1131,785,"M","thumb_720_9955rDWFdqJcap221keZbY4M.jpg"
1132,785,"S","thumb_384_5042udwkXQGQzziwCqZbtScG.jpg"
1133,785,"S","thumb_384_9806Mer3JHQOEKR6DiEqXYf7.jpg"
1134,785,"S","thumb_384_25332c8RvT9xbD15aXG748pY.jpg"
1135,787,"M","thumb_720_9847vCVU0rKhViKCHziC7sEs.jpg"
1136,787,"S","thumb_384_0563MBZLgAvsBprtvqXEvIAI.jpg"
1137,787,"S","thumb_384_14716o2QOlE5pT9rbdzbdZZz.jpg"
1138,787,"S","thumb_384_31199qOEbW81MzIyQMVVWDNn.jpg"
1139,788,"M","thumb_720_4633DKxfQWK6Z3ar9JP3w2Ls.jpg"
1140,788,"S","thumb_384_6494zT9qDCNxSJ2v4vVYcOaw.jpg"
1141,788,"S","thumb_384_2685jhE7axX88HmsBIFVsPEu.jpg"
1142,788,"S","thumb_384_2272bNCQiorgm7FtYVuWmREx.jpg"
1143,789,"M","noimg.jpg"
1144,791,"M","thumb_720_18975bRVjDXqqibbFlhXMM5L.jpg"
1145,791,"S","thumb_384_97772MiGyidYJlk8BwGYWenf.jpg"
1146,791,"S","thumb_384_28870cfBM5JiahdkayKnFfPS.jpg"
1147,791,"S","thumb_384_0580t6xK1wgWwub0HG3KTf9V.jpg"
1148,794,"M","thumb_720_0352o5jH9iODQ43J0GwCfEju.jpg"
1149,794,"S","thumb_384_7644dXCz07MXDiUiADhyjByP.jpg"
1150,794,"S","thumb_384_7968Szo7eXl4shPzpBi886ra.jpg"
1151,794,"S","thumb_384_44087BabrylK7B9ko3O1nsU4.jpg"
1152,797,"M","thumb_720_2284Nzx0MTV5dAfdFLOqtzQb.jpg"
1153,797,"S","thumb_384_7551dvV2xpihX4l1EeACgs4x.jpg"
1154,797,"S","thumb_384_4833ksabfTkfnE9vT9LYEen6.jpg"
1155,797,"S","thumb_384_6133r7Gtu5cOxjCKED40S7Zp.jpg"
1156,798,"M","thumb_720_0816VVOzffbtQgrAbeZ6hLcF.jpg"
1157,798,"S","thumb_384_1697NuH1k9PA6LO9BvquImdU.jpg"
1158,798,"S","thumb_384_9847GXCNxOet7Bytuou1ESn3.jpg"
1159,798,"S","thumb_384_1329sWqEOP73Klh61rum3qHB.jpg"
1160,800,"M","thumb_720_7677QJmpoDGLKdcWOr5RFlUn.jpg"
1161,800,"S","thumb_384_0510oGsWhSNfmvnvrn9jCH2n.jpg"
1162,800,"S","thumb_384_5867NaN7bYITrDr1lwpRpCI0.jpg"
1163,800,"S","thumb_384_09678ixIBZM3Qbl7T59qBnTo.jpg"
1164,801,"M","thumb_720_1944UQ9iCsLPvwC8TAuGFfAf.jpg"
1165,801,"S","thumb_384_1886doZk62INph0p7pVuRJx1.jpg"
1166,801,"S","thumb_384_142883VCqCppBEpPwgVj8Cbh.jpg"
1167,801,"S","thumb_384_0647BaMbRVkoaQK5LKrUDt1K.jpg"
1168,803,"M","thumb_720_8415iCtoBimmL5jIOfEPcOjT.jpg"
1169,803,"S","thumb_384_0829t9zDXl6QIX43l3kCWmIp.jpg"
1170,803,"S","thumb_384_8016ZrCzOq60Sir5ECmmfF6V.jpg"
1171,803,"S","thumb_384_5636GlxCKH285I7YBqt77Xol.jpg"
1172,804,"M","thumb_720_0891te0tXrr2zeqoNSe6Ison.jpg"
1173,804,"S","thumb_384_9950Fsv9dexc5utHUCpgLROw.jpg"
1174,804,"S","thumb_384_49969teK2piIwH2RCzNquCpk.jpg"
1175,804,"S","thumb_384_4312Qit5BURB25jOQtzJesHU.jpg"
1176,805,"M","thumb_720_9430fzi3C20Kb24m9MZfyazR.jpg"
1177,805,"S","thumb_384_3751djHmo8v13ZmcONmoP68S.jpg"
1178,805,"S","thumb_384_2381q8CZDLinVV6kO1f5q0tH.jpg"
1179,805,"S","thumb_384_8013kkJo17fYgq6t2C1XImFT.jpg"
1180,808,"M","noimg.jpg"
1181,810,"M","thumb_720_9660xxUtj4o2dX24F8Kg3HJE.jpg"
1182,810,"S","thumb_384_3086lTlseXyXYkihRCyFnI9p.jpg"
1183,810,"S","thumb_384_4133ldgF1KtGUZNHyACn09IV.jpg"
1184,810,"S","thumb_384_5761vUwbOEasQN8PAJwiCbg9.jpg"
1185,811,"M","thumb_720_1467X85DZ0ajHI2jYQWZJJKJ.jpg"
1186,811,"S","thumb_384_24892zyWdy0h8Y3zpELaPh0z.jpg"
1187,811,"S","thumb_384_50119OXynC4wrN8Gb6gwRuCF.jpg"
1188,811,"S","thumb_384_7716BM51lmszLGWN22aEcLsa.jpg"
1189,812,"M","thumb_720_7960yaSA8u17lzohqEo4KF0F.jpg"
1190,812,"S","thumb_384_9745YPJyLjaSEAiIfJf9q3vv.jpg"
1191,812,"S","thumb_384_92948Q9THynO9uQugsVswEsE.jpg"
1192,812,"S","thumb_384_4431YNjlhilyNcLcCbpFvcW9.jpg"
1193,813,"M","thumb_720_7747v9PEet3Z2z8PV1mYb2P5.jpg"
1194,813,"S","thumb_384_5455d17DF6fpgh7BiQAibKZa.jpg"
1195,813,"S","thumb_384_82142QVTmfEM1ulT3sYskNzN.jpg"
1196,813,"S","thumb_384_1080TkmxWBJibSMPbYyZCEaU.jpg"
1197,814,"M","thumb_720_1172r3o7HfkeK248pgPvlIAG.jpg"
1198,814,"S","thumb_384_7820oq1Cq45jD2qPRi0KXWvz.jpg"
1199,814,"S","thumb_384_7677lrUYMrPqqFPqpsBvrP4s.jpg"
1200,814,"S","thumb_384_88790gnSt0IVMr7CwmRkEM1v.jpg"
1201,817,"M","thumb_720_9587YX5NOTK9ucUDhf4goZlg.jpg"
1202,817,"S","thumb_384_0546yxhZmDDx9B8oLK3H17BT.jpg"
1203,817,"S","thumb_384_3775HkNnRVxL4wDXIGQnvveL.jpg"
1204,817,"S","thumb_384_1087Ku5BrvBuUsjamMxOQncc.jpg"
1205,818,"M","thumb_720_5945Azqzq2FNz7OB2LIQ7nyv.jpg"
1206,818,"S","thumb_384_9130NDkr9AOvz0QkHu4oy4YZ.jpg"
1207,818,"S","thumb_384_8010dCsbrB1bBDNvSOQJn9IQ.jpg"
1208,818,"S","thumb_384_8133CEs7QOyd7KSFvWbe6NI5.jpg"
1209,819,"M","thumb_720_4811SsBTCVxfKWNGKGVaijiQ.jpg"
1210,819,"S","thumb_384_7631ZXksx3S5zhArZmqqOksw.jpg"
1211,819,"S","thumb_384_0043s8j0Yw4e4eaex2mrrSD6.jpg"
1212,819,"S","thumb_384_3009w2I06UxoPDippHKTVASY.jpg"
1213,821,"M","thumb_720_0721cdiNWPzlyHp696DVQNUC.jpg"
1214,821,"S","thumb_384_3528OHuBPRtec1mNFKXFLbFc.jpg"
1215,821,"S","thumb_384_1308fAZSNJF3DxcLC0hHoWpn.jpg"
1216,821,"S","thumb_384_1390AQxMKNqUBWAfwPbnjvXp.jpg"
1217,822,"M","thumb_720_64967iB4tTJIpfw59aH1hEPm.jpg"
1218,822,"S","thumb_384_3782q9IPi9TOGIjNnvGGkDbh.jpg"
1219,822,"S","thumb_384_3411BiqIcvOaEyc59phy1G5L.jpg"
1220,822,"S","thumb_384_2773d6rqIuOPhZhli6eYMTyY.jpg"
1221,824,"M","noimg.jpg"
1222,826,"M","thumb_720_77754wsACbFRD6yOBfS61Cjb.jpg"
1223,826,"S","thumb_384_78543f2yOTB5fsgdmzbW93Jl.jpg"
1224,826,"S","thumb_384_1596MO13FpoMB0KPycsC3eYn.jpg"
1225,826,"S","thumb_384_5994EefEa0E7tZlZ2Babhnsw.jpg"
1226,827,"M","thumb_720_9789gJmlrshMwbjZiiJpAY6S.jpg"
1227,827,"S","thumb_384_9184nH2PnpIdcjQlnstyw4hC.jpg"
1228,827,"S","thumb_384_22177PaFeNC0OfKAx08nw9k6.jpg"
1229,827,"S","thumb_384_9181ydVjTpnBIa7IhXL01ZYH.jpg"
1230,828,"M","thumb_720_19608DkQkxkdNVS2z7ANXj7q.jpg"
1231,828,"S","thumb_384_1392pfFOPpX0QURvc9IutXFm.jpg"
1232,828,"S","thumb_384_6736fw4mS6p2dbe9yIQV1Sqx.jpg"
1233,828,"S","thumb_384_8373aDQmBPHBUHJaBz4czfgn.jpg"
1234,829,"M","thumb_720_51633LGP4BYdoifPNuanv2pB.jpg"
1235,829,"S","thumb_384_3059klLOvA5peu6hFSYd1KW8.jpg"
1236,829,"S","thumb_384_3479l6NW2Ljv4WF0IhG9xb9u.jpg"
1237,829,"S","thumb_384_0440sBrmwHnfPc1aA0ZSnizL.jpg"
1238,831,"M","thumb_720_0962q0XYcGGrTUl5Q9pI55P3.jpg"
1239,831,"S","thumb_384_4202m9YjK9N1cCxTvx3eN6gs.jpg"
1240,831,"S","thumb_384_3174OYnTxvApZDXE0ktpqXcF.jpg"
1241,831,"S","thumb_384_3338XCuU4qW1S0wEZOZHCJeN.jpg"
1242,833,"M","thumb_720_0015YKhDGAEwYBxuSzIVXP7b.jpg"
1243,833,"S","thumb_384_1052UgWF2uautpgBCt3m6rF8.jpg"
1244,833,"S","thumb_384_19614t9QS3wegzAa0mCS7Aq6.jpg"
1245,833,"S","thumb_384_0493eigsA4OEp7YWX0Exyhwb.jpg"
1246,837,"M","thumb_720_3233GnC14vGDFD1Q0VKrBgcd.jpg"
1247,837,"S","thumb_384_9804uhukhzjHUO0iciEbdt9n.jpg"
1248,837,"S","thumb_384_0178IKBtyo6YDkcw2tRjXTM0.jpg"
1249,837,"S","thumb_384_7990uDBhSyprblBQ9qSiT8zi.jpg"
1250,839,"M","thumb_720_4932VIrSbrmgr2oAGvPyS5UD.jpg"
1251,839,"S","thumb_384_6834FURGL5s60ygApeRBAuRQ.jpg"
1252,839,"S","thumb_384_6455ziW4F0du3W0o6efp0pPv.jpg"
1253,839,"S","thumb_384_9328uXljwJfifcTewvzqH4FL.jpg"
1254,848,"M","noimg.jpg"
1255,849,"M","noimg.jpg"
1256,850,"M","noimg.jpg"
1257,851,"M","noimg.jpg"
1258,853,"M","thumb_720_3039rItfpj11UTzEOBDzMgqn.jpg"
1259,853,"S","thumb_384_8982HOXqnS3pI0QCOUThxhwn.jpg"
1260,853,"S","thumb_384_3719f0N02LvTmq5KbKWUrRUU.jpg"
1261,853,"S","thumb_384_7029oDchR9s3IQfc6bG1ppo2.jpg"
1262,855,"M","thumb_720_1913eVALQs8F8wCZ9l8V7jiq.jpg"
1263,855,"S","thumb_384_4123tzABiNPTHtSkppOBuyHa.jpg"
1264,855,"S","thumb_384_3818UzVKO9y4OGxljX2nQLuL.jpg"
1265,855,"S","thumb_384_8597q37Xy67HueAT6K1DiLLb.jpg"
1266,856,"M","thumb_720_095391fsXGhXGqVucfWWTXaa.jpg"
1267,856,"S","thumb_384_069340TgSmGEiILjKOjiJha6.jpg"
1268,856,"S","thumb_384_2550N1VKbM4CVGDugsaul9Js.jpg"
1269,856,"S","thumb_384_5593atGMophC3uEuziPjeGiG.jpg"
1270,859,"M","thumb_720_3353k5kG5O6XwzokEt0ulNXf.jpg"
1271,859,"S","thumb_384_06677rgsBZymsmKY3jU4xZHR.jpg"
1272,859,"S","thumb_384_5001VqftpfobyaIT5VeVanqX.jpg"
1273,859,"S","thumb_384_221633B5oNCeBNL4swqPS6Go.jpg"
1274,860,"M","thumb_720_2152i6qSAzmLzqqMypI7TZuh.jpg"
1275,860,"S","thumb_384_2141R9xVPQmoPROcWmkRrvUk.jpg"
1276,860,"S","thumb_384_428693dVNZSk9w72N1NwuQkl.jpg"
1277,860,"S","thumb_384_4002lQadpEDTL1hxrJFm3CqM.jpg"
1278,862,"M","thumb_720_23240VAFXt22n8FX0UmK8fK9.jpg"
1279,862,"S","thumb_384_7410OwQqUCITWTyGJJihMUTi.jpg"
1280,862,"S","thumb_384_5369MdPeasTdUpakZc71VBG7.jpg"
1281,862,"S","thumb_384_8165Azo8y2xEDoLfA1JnmgSZ.jpg"
1282,866,"M","thumb_720_0210doTpcD0QrJTQnYauD1V6.jpg"
1283,866,"S","thumb_384_0640bfWLQJKU9LrSRPUqKBFA.jpg"
1284,866,"S","thumb_384_246289T1hqMEzyLx4o2kBrIY.jpg"
1285,866,"S","thumb_384_9930FQgDGfHGdk2xsVoOcTie.jpg"
1286,869,"M","noimg.jpg"
1287,872,"M","noimg.jpg"
1288,873,"M","noimg.jpg"
1289,874,"M","thumb_720_13712WhNY69dFiH3EnXzvJl7.jpg"
1290,874,"S","thumb_384_6338TmsLf1GSFo1x3LYoc4W6.jpg"
1291,874,"S","thumb_384_8367Kr5FB01VsRlk1xvSTxeM.jpg"
1292,874,"S","thumb_384_0712poaKgL6eI5mRQ6eaTfXC.jpg"
1293,879,"M","noimg.jpg"
1294,887,"M","noimg.jpg"
1295,889,"M","thumb_720_386524ZmZ7Z4CIL4U7AXW9B8.jpg"
1296,889,"S","thumb_384_3797ZgKjaKyBnIbisBGG3Jqd.jpg"
1297,889,"S","thumb_384_3556Z5dpVrCBlIRI5SQAKYKT.jpg"
1298,889,"S","thumb_384_8192HDqyrQ65yXj9yPxpgJ3u.jpg"
1299,897,"M","noimg.jpg"
1300,900,"M","thumb_720_2392CRDTSLrxfLlxLcgHEHMv.jpg"
1301,900,"S","thumb_384_2484mPYT7K6Kp9o3Tk7mOJj9.jpg"
1302,900,"S","thumb_384_2758bzIqsRHb02Tp16z9PRSk.jpg"
1303,900,"S","thumb_384_1759oPO5XFJF274qEmffV2t4.jpg"
1304,902,"M","thumb_720_6342zDuR3lSlrD9DHGnSWmrE.jpg"
1305,902,"S","thumb_384_4818uh9SjcMX7xdr3iNKlz1J.jpg"
1306,902,"S","thumb_384_1217J2Sigplk8YIvtZUhOMJM.jpg"
1307,902,"S","thumb_384_2570f1nfs5O0p4Ttky4zfJJ6.jpg"
1308,904,"M","noimg.jpg"
1309,908,"M","thumb_720_1760bb0Wa7ePPcsosisPkup5.jpg"
1310,908,"S","thumb_384_84737Vib4tq0tbQ9m7ocxydm.jpg"
1311,908,"S","thumb_384_2487HAlfqUdFjSCTTCpKTrXX.jpg"
1312,908,"S","thumb_384_4144pDXyLzaaBvHTfG8L3jgl.jpg"
1313,913,"M","thumb_720_6618kMMWuX9JVpJapHsHR1v6.jpg"
1314,913,"S","thumb_384_9110WGiR0uPk2LDTLTGmO5zn.jpg"
1315,913,"S","thumb_384_3560x4vxTlotnWF8ajHMG4mF.jpg"
1316,913,"S","thumb_384_364189FoAaZVGOdCFQkHRP8I.jpg"
1317,915,"M","thumb_720_0156W00OmRZxla9yKskStr1T.jpg"
1318,915,"S","thumb_384_7395U7ge4362ox0IVrMaFi2m.jpg"
1319,915,"S","thumb_384_6894QdY7cSbESqnCU2Og14fx.jpg"
1320,915,"S","thumb_384_3630OE7WOI0i3DGTBYv7zCBA.jpg"
1321,916,"M","thumb_720_2130xp4kdYTNmZJ4HBnbikBG.jpg"
1322,916,"S","thumb_384_0031eE1M6T5HqD7iZ650HBV8.jpg"
1323,916,"S","thumb_384_1930M0mPcNeimiUu4NPQydhC.jpg"
1324,916,"S","thumb_384_0299SHysFN1ug0PQM7g3Zigr.jpg"
1325,917,"M","thumb_720_2085tsaLnQDVJBQL4ze1hsqF.jpg"
1326,917,"S","thumb_384_1600G90aJD3T8LDY8JBXJIyO.jpg"
1327,917,"S","thumb_384_5267hKTu3a7579GpfseL2xWD.jpg"
1328,917,"S","thumb_384_7354yPP4krlMfEbFGF889Txf.jpg"
1329,918,"M","thumb_720_81852xgv79yUfnEbfLVm813B.jpg"
1330,918,"S","thumb_384_8929zcyndANymsv30bdO5WPQ.jpg"
1331,918,"S","thumb_384_33987K1ZpNgDRd0XkPJK63dk.jpg"
1332,918,"S","thumb_384_42297gz3lF4rwU59bb8T3Y7P.jpg"
1333,919,"M","noimg.jpg"
1334,922,"M","thumb_720_0045Fa38tRtlABFFR1yaW3EG.jpg"
1335,923,"M","noimg.jpg"
1336,927,"M","thumb_720_5960mckEpBs4b7xZAzaQ42wy.jpeg"
1337,927,"S","thumb_384_9565Yn3ePyPIo91DKqZ60ma1.jpg"
1338,927,"S","thumb_384_09685G05hwVADBkSJm7gOyiT.jpg"
1339,927,"S","thumb_384_3322GqyMHK9bRfDn1FPEnwjm.jpg"
1340,928,"M","thumb_720_7877toyMwfnAjQ1ieJhUylen.jpg"
1341,928,"S","thumb_384_0324yOVYuMHZxb1h7tQMixKI.jpg"
1342,928,"S","thumb_384_2370eHHtusydQCVkCQPXtgNs.jpg"
1343,928,"S","thumb_384_65766cWGm8NxCS5O67qv31TW.jpg"
1344,929,"M","thumb_720_0177BbuabekKvlRgMSEJ4DgO.jpg"
1345,929,"S","thumb_384_71326cNRrm6Ix7WsOL4zidiq.jpg"
1346,929,"S","thumb_384_8960tbP7COks2XI4dE2Zi9H2.jpg"
1347,929,"S","thumb_384_1303xjKDu198IEaAYvBmmwp2.jpg"
1348,930,"M","thumb_720_2966yQYLEPX9JyvXdnTSFe6w.jpg"
1349,930,"S","thumb_384_6068gujmp71NI64qBNu2G6MM.jpg"
1350,930,"S","thumb_384_8048w7OwU85ovUkn6Y3MAJTX.jpg"
1351,930,"S","thumb_384_0598kq82vIg7Gu2UIuazT5cF.jpg"
1352,931,"M","thumb_720_2798M6zRJaotMqt5AruEpLId.jpg"
1353,931,"S","thumb_384_99103XrP6AMtvM9iQZSm7zM5.jpg"
1354,931,"S","thumb_384_0323mWHofcAgeWtr5wMeiHCE.jpg"
1355,931,"S","thumb_384_4127raTur0pnc8Cd9gGQGgCa.jpg"
1356,933,"M","thumb_720_5962HKrSZdC9Tdg13QYZOASE.jpg"
1357,933,"S","thumb_384_6955apgO1XfYurTxC749ZDJo.jpg"
1358,933,"S","thumb_384_1373TDLxsiPodnlx4nRY6wDt.jpg"
1359,933,"S","thumb_384_9430c3tqoX2VAqgn7YyW89Dh.jpg"
1360,935,"M","thumb_720_7251RUN8vsJBFfPXQ0l4l80d.jpg"
1361,935,"S","thumb_384_6796KfBgxek2XkDA7Oi3zKdZ.jpg"
1362,935,"S","thumb_384_69290kcip61bn2r75LUqMSaS.jpg"
1363,935,"S","thumb_384_1360UfC480e463jLbXN4snTq.jpg"
1364,936,"M","thumb_720_9068Abea6c7Oi45coIa52kc2.jpg"
1365,936,"S","thumb_384_2439HnBCPqWXwwU6dw89B0j7.jpg"
1366,936,"S","thumb_384_0826ThYs2VEbdm0FNBZIEEIO.jpg"
1367,936,"S","thumb_384_83693W0Qo65QfvDvDhw6H2j9.jpg"
1368,937,"M","thumb_720_91812abFYm1PxoTZVho4sPDH.jpg"
1369,937,"S","thumb_384_4192OdxeZuN0ouMMsU8vhA8r.jpg"
1370,937,"S","thumb_384_7833qUTpPpAFGg1PUdcyfbR8.jpg"
1371,937,"S","thumb_384_4941PXrhNAiWHas8EpyOc2p1.jpg"
1372,938,"M","thumb_720_7471ur10OumhoA5QpAwMyNGi.jpg"
1373,938,"S","thumb_384_6213MWa5h1qRsH9Fq6VqwjA5.jpg"
1374,938,"S","thumb_384_3230mnknRETGstNvG6VVr05k.jpg"
1375,938,"S","thumb_384_5097mxikQUKTacZ7ubj44wvU.jpg"
1376,939,"M","thumb_720_6459ekT4XdU2RlAvregrV0IJ.jpg"
1377,939,"S","thumb_384_0771p8d3Xj4Qrt4SAxzTqelS.jpg"
1378,939,"S","thumb_384_3944zzYMsSVAVVaaDIZGdI46.jpg"
1379,939,"S","thumb_384_8817flVUrOQMHrEjIyjkl9so.jpg"
1380,944,"M","thumb_720_1929Td15cEpzGlCG3AEUlx8Y.jpg"
1381,944,"S","thumb_384_3143fjJCFU4o7MtQXOivr3RP.jpg"
1382,944,"S","thumb_384_1084DBtU2OfcJRo5UPYpKvaQ.jpg"
1383,944,"S","thumb_384_1311oXYDS6zAJoOpVA5E8YIR.jpg"
1384,948,"M","thumb_720_5165h1AgvbF4h7Ri7KzG33eJ.jpg"
1385,948,"S","thumb_384_2893leOqQrQBObaCbIwdN8dh.jpg"
1386,948,"S","thumb_384_2630a79eBO8xMjus0TWYTgcO.jpg"
1387,948,"S","thumb_384_5045UBYmiRYAkyHzzeIm9gjS.jpg"
1388,950,"M","thumb_720_8039zs0y6qBOMNnW7GKFXde3.jpg"
1389,950,"S","thumb_384_5862l1w0zT0UITWWCEmyY2sZ.jpg"
1390,950,"S","thumb_384_9174jXOvUOCrhBK4o5Ip4bkr.jpg"
1391,950,"S","thumb_384_3845d6Fyf57RsEEIVeHOEwzu.jpg"
1392,953,"M","thumb_720_4969027B1TKL3iIAePnfhnVm.jpg"
1393,953,"S","thumb_384_387811lyIMi9BWjYgw6eE4QK.jpg"
1394,953,"S","thumb_384_0674ZQSAqYG7suWjFAdXWxFS.jpg"
1395,953,"S","thumb_384_5394Bkj4BbeOpbumZVvAcSgk.jpg"
1396,959,"M","thumb_720_4677gr7Bk3gBPTALYAQAf3p7.jpg"
1397,959,"S","thumb_384_2893x2umh0t9PN0UuAYyzu32.jpg"
1398,959,"S","thumb_384_83646yYpAezkDas7l9oETQnp.jpg"
1399,959,"S","thumb_384_9051t2oxtKuDNf2x3gpULAoX.jpg"
1400,960,"M","thumb_720_35358iB2VNM0UQkxGeFCH6fi.jpg"
1401,960,"S","thumb_384_22237V9iyDWfQrhf4u5KHfHe.jpg"
1402,960,"S","thumb_384_8259CqqqivO0QquzCGHHrc2y.jpg"
1403,960,"S","thumb_384_4387b49QhWLTxvx9rz6csJgf.jpg"
1404,963,"M","thumb_720_4762S48PAdgRiKzyuFS3uETX.jpg"
1405,963,"S","thumb_384_7760yt3mRpUyVYpzpK8Vjq6R.jpg"
1406,963,"S","thumb_384_8545F1QoaL1m5Cm4wkpMr8Rt.jpg"
1407,963,"S","thumb_384_6088QPsj37DKVQaeXDZn9rTf.jpg"
1408,964,"M","thumb_720_3817qJfnhYJSz9VKvRutuujL.jpg"
1409,964,"S","thumb_384_2969fkhixsIJl80JSLTmag4q.jpg"
1410,964,"S","thumb_384_4057cBpz5fgGajPvTFRp0jyc.jpg"
1411,964,"S","thumb_384_4060V2GA0sUAdDWmZXWlXpKQ.jpg"
1412,965,"M","thumb_720_1922KFLEVkTweiEmWYC81Mu5.jpg"
1413,965,"S","thumb_384_0843scs2NwSebWJoVc721zvQ.jpg"
1414,965,"S","thumb_384_3092NOZO0orwd3SS0JrGfcBj.jpg"
1415,965,"S","thumb_384_3564hbXTj6Fi3R7rEqdVvWvo.jpg"
1416,966,"M","thumb_720_5699STxpjGhXMt159ncLIDRp.jpg"
1417,966,"S","thumb_384_1850xzDmYuVcIlOUO6i8Oa0K.jpg"
1418,966,"S","thumb_384_46513pLhs3XOqa3t8yaN1mBL.jpg"
1419,966,"S","thumb_384_9012vsxCrWHrUobaSGVo8QnI.jpg"
1420,971,"M","thumb_720_3598zfTteZWo7ymdVGdavLOc.jpg"
1421,971,"S","thumb_384_3486qnPHJ46bjL0KsYJrc1SX.jpg"
1422,971,"S","thumb_384_0629uzIFjiY6ZrrbvT3mIN8K.jpg"
1423,971,"S","thumb_384_9595aE5wgwitRvhVwgwZl8ql.jpg"
1424,974,"M","thumb_720_4622h5Un3f1hq9ike8tSlJAW.jpg"
1425,974,"S","thumb_384_9860ivzyiF9nGive29ikzJSU.jpg"
1426,974,"S","thumb_384_4611jy9xitb5m4rPkZ1ZJyYh.jpg"
1427,974,"S","thumb_384_6451777lglrtqsR0nx594Y4T.jpg"
1428,975,"M","thumb_720_3400iBZvpCdu5JJEWSj7XLXE.jpg"
1429,975,"S","thumb_384_3070Dgmc0oR2oA11j4orpMTR.jpg"
1430,975,"S","thumb_384_5414yjqT0juk8IUtBdfuEQ9d.jpg"
1431,975,"S","thumb_384_6786N90HweO1AQlZ4WQTe3Sd.jpg"
1432,977,"M","thumb_720_4773yxGXG2oZLSy94S92W4Bv.jpg"
1433,977,"S","thumb_384_0091f9OgJ8iqVN6JrNnDWzIk.jpg"
1434,977,"S","thumb_384_6815tGVIu2WRx4wpkmJnteF7.jpg"
1435,977,"S","thumb_384_3114rxYP3aPKGGGrDTqwWiDS.jpg"
1436,978,"M","thumb_720_58392bjXFKM414z7cW7ihx47.jpg"
1437,978,"S","thumb_384_8849kcRBRdoQv9NrXzr0AEzh.jpg"
1438,978,"S","thumb_384_7780DkSw2uP6mf0nN3aDdOkA.jpg"
1439,978,"S","thumb_384_5085R9YwSGjUFtv89hZ1jgTb.jpg"
1440,981,"M","thumb_720_448887nIRhkouOYi9sR1XhfI.jpg"
1441,981,"S","thumb_384_69271H6OdPhCtqTsNsMZv1h2.jpg"
1442,981,"S","thumb_384_3062CnQhcL2Pibr9SlIl9SoI.jpg"
1443,981,"S","thumb_384_2735psxTd0OmLyvrBY0vjPl3.jpg"
1444,981,"S","thumb_384_5991fqu7ahZMDZ1rDTDVvRRa.jpg"
1445,981,"S","thumb_384_7970G5LTYvsLWcjDnvKllJxr.jpg"
1446,981,"S","thumb_384_96041k5VBIVTjamSKtgXKSkr.jpg"
1447,982,"M","thumb_720_0418zAr8FntDvhHQNeG2nOj2.jpg"
1448,982,"S","thumb_384_3569Ul69ChuHA4MClNz8Ky5d.jpg"
1449,982,"S","thumb_384_5129zRk2sLhRqJO97DGkkfl3.jpg"
1450,982,"S","thumb_384_8809q9yg9XsMrsdyIQvJrP9K.jpg"
1451,983,"M","thumb_720_9990WcWbxSG1MhDq6pLHBPPK.jpg"
1452,983,"S","thumb_384_3820aAPtSqLFajgxYMnp1kcG.jpg"
1453,983,"S","thumb_384_2659rRU7xZVoiOahDiaIkiSm.jpg"
1454,983,"S","thumb_384_366835IMQVkMAb2pVCaLSAde.jpg"
1455,986,"M","thumb_720_5660dpb80e6crP2mijBrtT3g.jpg"
1456,986,"S","thumb_384_2054W4Pc2zeMZ5IfOfMmmQGj.jpg"
1457,986,"S","thumb_384_8074Ud1CXYaE5JTwCWe2kwFF.jpg"
1458,986,"S","thumb_384_2065V2GrpI5esqeMGpqJfmyf.jpg"
1459,987,"M","thumb_720_051040ChuDr2lvtDFH3DEu9x.jpg"
1460,987,"S","thumb_384_6519V3tTPAeMUN22Z5TC37K0.jpg"
1461,987,"S","thumb_384_7323IVtWnkR9SFuS5zQnnVBh.jpg"
1462,987,"S","thumb_384_6180PvYTmDtwsXXcnB3au9lv.jpg"
1463,989,"M","thumb_720_1270OG2UvpdYS3xeFGHSvOwb.jpg"
1464,989,"S","thumb_384_9223yDcHvnSxItEJT1D0q3ww.jpg"
1465,989,"S","thumb_384_37414WzJd0fbhXRaGJb0fkHV.jpg"
1466,991,"M","thumb_720_8792u35og7LpYG56TTmlnZep.jpg"
1467,991,"S","thumb_384_5947DQj3EpPngo1K8rdbvY52.jpg"
1468,991,"S","thumb_384_6850e3DTWcI3rWeX0B8bwWRG.jpg"
1469,991,"S","thumb_384_0633itq3CnZBDrkuYYtoNdg0.jpg"
1470,1007,"M","thumb_720_4948FhcEVfUNODqqeT58AvP5.jpg"
1471,1007,"S","thumb_384_98213GsvcDdjNh4IRH9MBokv.jpg"
1472,1007,"S","thumb_384_8234ogD7JoW2Ip8InZ5spRmW.jpg"
1473,1007,"S","thumb_384_0443vmYzTSH0DOszQj1tYuOw.jpg"
1474,1009,"M","thumb_720_9594eLpndR8UDMOoy16G3btf.jpg"
1475,1009,"S","thumb_384_7973Yv6a4XeYgvbWrOXFVUbe.jpg"
1476,1009,"S","thumb_384_7318uiAsgzmifHdFOPndqgyt.jpg"
1477,1009,"S","thumb_384_7938sF488CbR2SJVOsLlX34y.jpg"
1478,1011,"M","thumb_720_7542zuWOa7vHHvt5mkfnObkQ.jpg"
1479,1011,"S","thumb_384_14773wkAfV99Js5n84aQD28B.jpg"
1480,1011,"S","thumb_384_5196mRc6DwbjixvsFAAc4tj2.jpg"
1481,1011,"S","thumb_384_8691bvb3jctGmk6kDhO4kUVz.jpg"
1482,1013,"M","thumb_720_16975oX6C4YlKMBVsOOIry6A.jpg"
1483,1013,"S","thumb_384_3341724ipCjDkW4GjRqAAph7.jpg"
1484,1013,"S","thumb_384_2848Yx1TEUYprgcti8ZiJWvS.jpg"
1485,1013,"S","thumb_384_63198GPguedNVvJtRy3GMB7L.jpg"
1486,1016,"M","thumb_720_72307aHTEEltlj8GESwgnzI9.jpg"
1487,1016,"S","thumb_384_18959ENR7GGRVYyKaksFxQfk.jpg"
1488,1016,"S","thumb_384_14580qbU68lQ0pLckmwrK8ee.jpg"
1489,1016,"S","thumb_384_1880riemg3ZnKLDflWPi6vGN.jpg"
1490,1023,"M","thumb_720_8920mL8X4QwnXtiSF10BNgEW.jpg"
1491,1023,"S","thumb_384_3855Wvw9f1S4JGhrSZego2OB.jpg"
1492,1023,"S","thumb_384_1404vK8CmjfLyAZKz5CxfgNK.jpg"
1493,1023,"S","thumb_384_3510vmlTH9zigwHNjSDg4wfZ.jpg"
1494,1024,"M","thumb_720_5341YzY2yQWKNTGEsEdfpPpc.jpg"
1495,1024,"S","thumb_384_8090jkap5Gn1mLIC8Mls4Qie.jpg"
1496,1024,"S","thumb_384_5721Fs68VFybFxPnoKEeNiQd.jpg"
1497,1024,"S","thumb_384_8938ejRAKP5BJprqGCBVb5id.jpg"
1498,1025,"M","thumb_720_28962YGRML80hBAH1uQskMq7.jpg"
1499,1025,"S","thumb_384_3645eNnHG4LPealqswCw9V90.jpg"
1500,1025,"S","thumb_384_2851rejsVhV3QwECub5S5jqK.jpg"
1501,1025,"S","thumb_384_98033iVvRGMcpoKYyUDkxLMO.jpg"
1502,1027,"M","noimg.jpg"
1503,1028,"M","thumb_720_2243v9p80i1uG38k26lUaSVm.jpg"
1504,1028,"S","thumb_384_6585Gm8anjZyEJFiEFd4Vv0g.jpg"
1505,1028,"S","thumb_384_4720YyMSvNREUuChkXEsOnMx.jpg"
1506,1028,"S","thumb_384_5084bzN1Nq7uO1dmbWM9HXSd.jpg"
1507,1029,"M","thumb_720_127089C6nimsgCUyS7fg8l7e.jpg"
1508,1029,"S","thumb_384_9205Nb2XxNy8viCDR9eSL4xp.jpg"
1509,1029,"S","thumb_384_91839sFJzCR0RJNytDzqpaV9.jpg"
1510,1030,"M","noimg.jpg"
1511,1031,"M","thumb_720_9668cBTQbs6ED9Ab3KPw2z2s.jpg"
1512,1031,"S","thumb_384_8207qrDaoWy0SYaxHjLz045D.jpg"
1513,1031,"S","thumb_384_0518NSAXSm3C8yoz13e2ndIl.jpg"
1514,1031,"S","thumb_384_0359MoIJL5vpCpjeAI0uN3Wg.jpg"
1515,1032,"M","thumb_720_2452DNgwQwOftyYfT8rvS3Ay.jpg"
1516,1032,"S","thumb_384_59075srzxMSftLhhUMj2yrcB.jpg"
1517,1032,"S","thumb_384_7139aCEokh8fZx76ED4fPWVX.jpg"
1518,1032,"S","thumb_384_0586m0gE222Uljr061BqO3Kd.jpg"
1519,1034,"M","thumb_720_1522UZ1qNFX1G9tM2MVPJ14O.jpg"
1520,1034,"S","thumb_384_7407UHabuwKAQSevgvqc31lq.jpg"
1521,1034,"S","thumb_384_619078RaG6lMgM5kobxxniNy.jpg"
1522,1034,"S","thumb_384_5719F52e9h3jb4P1DRbj5URj.jpg"
1523,1035,"M","thumb_720_3825EJsUMXPxSuBzPUMmH9Bv.jpg"
1524,1035,"S","thumb_384_7726DrLRRxRoNGoJdePAcXTU.jpg"
1525,1035,"S","thumb_384_26380dAz7kNNXkAy1Vq4kxyr.jpg"
1526,1035,"S","thumb_384_4675wgOsFEpVs3BihshrUBQ7.jpg"
1527,1038,"M","thumb_720_038385n7ORZ5dD7mERGbJPzS.jpg"
1528,1039,"M","thumb_720_3679pERFaqw8X3STMFPvMvG3.jpg"
1529,1039,"S","thumb_384_69012y10xJJwVWJWmFngwGFU.jpg"
1530,1039,"S","thumb_384_0278IKqBanotNhjEEkvzavIu.jpg"
1531,1039,"S","thumb_384_3978oNxP7ZJBHnvcrflRT23V.jpg"
1532,1040,"M","thumb_720_6694wiZgbYHLqsc6fkzewcCG.jpg"
1533,1040,"S","thumb_384_3322LH3y3CiE71gTvVrDVEHn.jpg"
1534,1040,"S","thumb_384_17154D6xK9ouNnT5O2y0D2GM.jpg"
1535,1040,"S","thumb_384_0416iIBqzKAo6USZDwIobCHn.jpg"
1536,1042,"M","thumb_720_8482oK4tMAkdYGMJBwpRhU57.jpg"
1537,1042,"S","thumb_384_08554A52gTSvqrlXFNfJlZ2h.jpg"
1538,1042,"S","thumb_384_7099NnZeIwMKNtxGwT6QWPEj.jpg"
1539,1042,"S","thumb_384_3823jxBKrwv6sZ145sxCXyn3.jpg"
1540,1043,"M","thumb_720_57702NRj0jqKnYFlyA5cfU8D.jpg"
1541,1043,"S","thumb_384_9753phmoLTJyeI2JYH1Wkp7S.jpg"
1542,1043,"S","thumb_384_0732g14485e9CwgLnFriOGSR.jpg"
1543,1043,"S","thumb_384_8688Z0nh3e59dMtVRkP9PXlg.jpg"
1544,1045,"M","thumb_720_09791vfKSLQdHi1YaI1dnt95.jpg"
1545,1045,"S","thumb_384_8787Eyz3YRSypcmmWnTk3qMX.jpg"
1546,1045,"S","thumb_384_34065cF0fHkOZHRriLufZr3e.jpg"
1547,1045,"S","thumb_384_4449v14z9G7w10gesyvPVK37.jpg"
1548,1051,"M","thumb_720_1526cl9KeJB4tcCpblSIBv9y.jpg"
1549,1051,"S","thumb_384_0262d8QwAng2PGXTc4Aq7TcX.jpg"
1550,1051,"S","thumb_384_1006CXwKUSi7b98IFYCJ4zP0.jpg"
1551,1051,"S","thumb_384_9008ZQBJYeZ3h6DaH0BMKll3.jpg"
1552,1055,"M","thumb_720_9703h5UskKPTJxDVrYa3kRjP.jpg"
1553,1055,"S","thumb_384_4766oyZoFSs0Rwfdc9Va3ISR.jpg"
1554,1055,"S","thumb_384_3821Hje58zUp86qfvIAWi4Hn.jpg"
1555,1055,"S","thumb_384_1797hoCRrUE3rcfZUU8BuUkj.jpg"
1556,1057,"M","thumb_720_7395xW1MRwlJq7vKeKzKaCV7.jpg"
1557,1057,"S","thumb_384_77544zRbIGPhIGzq5EB5o5tB.jpg"
1558,1057,"S","thumb_384_26868Uelh5VPVaUaL4x1cazz.jpg"
1559,1057,"S","thumb_384_66170sFmbo9gNm9rYZS4y10Z.jpg"
1560,1065,"M","thumb_720_4999GVAfuaS0I8tY3p06TFGD.jpg"
1561,1065,"S","thumb_384_5640inHRH8tl03DIJvLbiDke.jpg"
1562,1065,"S","thumb_384_92087aKHK6Q8CqUzI1mDdXIu.jpg"
1563,1065,"S","thumb_384_1597GAPZMSzj33Jrg43Z7fUP.jpg"
1564,1066,"M","thumb_720_3306pfXEyCIwbIrEmdVnuN1O.jpg"
1565,1066,"S","thumb_384_0754IdY1H36wRtxUIsuo3wiH.jpg"
1566,1066,"S","thumb_384_3327vgsulHESoPJB4sI2n9k0.jpg"
1567,1066,"S","thumb_384_7170jH6Zby694q9lMxPBELRd.jpg"
1568,1070,"M","thumb_720_97073ImA03DzB2wY3ZoLP6DN.jpg"
1569,1070,"S","thumb_384_9410YfaAekZCdtgijtyrqhr1.jpg"
1570,1070,"S","thumb_384_2949CvVRifZuzvn234DO0sIT.jpg"
1571,1070,"S","thumb_384_0343uXJp8KqSouvjmK5ahKuV.jpg"
1572,1075,"M","thumb_720_5272Y3DgZlWZNTyoaFeWeAAq.jpg"
1573,1076,"M","thumb_720_4021LLfNCGMYVAFKoj18LKmR.jpg"
1574,1076,"S","thumb_384_9122YT4Qg13OPQdmaGLfQERm.jpg"
1575,1076,"S","thumb_384_6113fepi2I38AQPAH1WbjhQn.jpg"
1576,1076,"S","thumb_384_5720t0HYub26C58S4eaz8OG4.jpg"
1577,1085,"M","noimg.jpg"
1578,1095,"M","thumb_720_5604Vr9gBA6xTsez3TLDKQZ9.jpg"
1579,1095,"S","thumb_384_3808narkGfSFJTvE2uLkMptu.jpg"
1580,1095,"S","thumb_384_8404RKBxRtux9xzvZgl4OI3U.jpg"
1581,1095,"S","thumb_384_0592VXNs8dXDWi8RcIXHcnAe.jpg"
1582,1096,"M","thumb_720_86070hpgdEolbjJo4UPnYklv.jpg"
1583,1096,"S","thumb_384_1867DFug4Z3peRO6Lx8BTLtg.jpg"
1584,1096,"S","thumb_384_8965A5odryhUDyjQox5136qY.jpg"
1585,1096,"S","thumb_384_8014s7F9gN8hegXXsKWvllCE.jpg"
1586,1097,"M","thumb_720_7513wShYR3gc4kw17sABrWet.jpg"
1587,1097,"S","thumb_384_9729gLs9de3NJWdThJ9CyHOJ.jpg"
1588,1097,"S","thumb_384_0260oUuqGkeMjQYedFqc2ZZD.jpg"
1589,1097,"S","thumb_384_5749ZqUs7eIUFb44hxhtC1X1.jpg"
1590,1100,"M","thumb_720_1907qSpsSVE4VLFsQsO29UlK.jpg"
1591,1100,"S","thumb_384_49429WEQCFvOEgoy4b9fsNma.jpg"
1592,1100,"S","thumb_384_4400aKxxrRGyyj0BvEN5h1K2.jpg"
1593,1100,"S","thumb_384_6473j180zwqxX7tfOXtlkF1I.jpg"
1594,1101,"M","thumb_720_6769nSIiZ8URcGHBK3P6oQL7.jpg"
1595,1101,"S","thumb_384_8809S436oqUuzR6gm9CzzNuK.jpg"
1596,1101,"S","thumb_384_6803Rx1P4hoY4hfrWBpsAU8f.jpg"
1597,1101,"S","thumb_384_2864FU4ulomsBxwgP4CdtykI.jpg"
1598,1102,"M","thumb_720_79225nZYSxKBoXL3ZJJEGuuB.jpg"
1599,1102,"S","thumb_384_2693t3VVy5XVW0sEl7gQYpJV.jpg"
1600,1102,"S","thumb_384_9206XR0YoHOvj1pr14P8SNG1.jpg"
1601,1102,"S","thumb_384_9683R0DlE0sOlDtwygsANqCe.jpg"
1602,1107,"M","thumb_720_4555nui8icN45cOw1AVaEH56.jpg"
1603,1107,"S","thumb_384_6892eTm5KOfpxGcaTRcCwKQe.jpg"
1604,1107,"S","thumb_384_1940aHEflBVwf0lMNbddXrQ6.jpg"
1605,1107,"S","thumb_384_0433LGftPXBRfQ69PdPYoaMU.jpg"
1606,1111,"M","noimg.jpg"
1607,1112,"M","thumb_720_9148yrQNUDGuNSa1sx6BOvls.jpg"
1608,1112,"S","thumb_384_1080ORSdQt5CXFfwEbHFBV2K.jpg"
1609,1112,"S","thumb_384_7618MO2FEhl88AlPveHwCjFd.jpg"
1610,1112,"S","thumb_384_0598BA5MzOeCNWhbkm6M7Opt.jpg"
1611,1113,"M","thumb_720_5770q0tVSlYuQ90q9MK8hgWv.jpg"
1612,1113,"S","thumb_384_1499fHb8lmVFKKOptQeCmjQO.jpg"
1613,1113,"S","thumb_384_664513UVaZiZXnO3cJn0OFxN.jpg"
1614,1113,"S","thumb_384_5836TcplWHdLgt0DCd2hquSA.jpg"
1615,1114,"M","thumb_720_8111tlMwNTiJJZFCRWN1EHSN.jpg"
1616,1114,"S","thumb_384_19631ADSaT0Fr6WnD8tXgaN6.jpg"
1617,1114,"S","thumb_384_8709G36SbdxdkHxRz29YqGo2.jpg"
1618,1114,"S","thumb_384_1779YNqE2EfooTuseGBQ8jHP.jpg"
1619,1115,"M","thumb_720_3495P2v94aTu8ORN450hV7SZ.jpg"
1620,1115,"S","thumb_384_833993Giafo7zuheZmCYepkH.jpg"
1621,1115,"S","thumb_384_570867Kb8vx7f7bCjf25tZxm.jpg"
1622,1115,"S","thumb_384_8149i6fNjvQVylEBuaAcKwbW.jpg"
1623,1116,"M","thumb_720_6292NE8EVxlJ4U48puaCUTz2.jpg"
1624,1116,"S","thumb_384_7829msATJ7MwP9EjC0F34MAd.jpg"
1625,1116,"S","thumb_384_0122rQ4udgsiqMMghS7LzBFx.jpg"
1626,1116,"S","thumb_384_56357qjoe6yKdas1OD7YNbao.jpg"
1627,1117,"M","thumb_720_7195CfQAR9BKYK73MFW8GkQB.jpg"
1628,1117,"S","thumb_384_6621ttfFaMg6HAUHSr1RHJQe.jpg"
1629,1117,"S","thumb_384_4171SDaXZcDd8urdfovQBUQW.jpg"
1630,1117,"S","thumb_384_40899ZhyWymdHIc5rYL3UeQz.jpg"
1631,1118,"M","thumb_720_13753jwo0U339HQTe0BIPfKR.jpg"
1632,1118,"S","thumb_384_45395RVfLeI2qpWrZ5di0xG5.jpg"
1633,1118,"S","thumb_384_633648jVghRfjYw9zlLseDyY.jpg"
1634,1118,"S","thumb_384_6647qmNHr5ahmZOTswkq5aCO.jpg"
1635,1119,"M","thumb_720_5792NMYvk0D77FZR8tKv0Q7A.jpg"
1636,1119,"S","thumb_384_2358yeQKXlFnRugszAURM8dS.jpg"
1637,1119,"S","thumb_384_37109yAWxRdqpIA73ZLPEjUF.jpg"
1638,1119,"S","thumb_384_0456SvaogLirgAxCENVEDzLE.jpg"
1639,1121,"M","thumb_720_33341Dtfp3n0sRhVw4bPu0Mz.jpg"
1640,1121,"S","thumb_384_922694jM8eQzBLxdbjI8wxep.jpg"
1641,1121,"S","thumb_384_3613L17enGpIotiEzJoG4aKi.jpg"
1642,1121,"S","thumb_384_8194VE4WYg9XonxBzMpFOO8O.jpg"
1643,1125,"M","thumb_720_6873hvH8uzNfU6nn9hLvU5vj.jpg"
1644,1125,"S","thumb_384_8009Ra83jSAnDCtZmSyZN3Pw.jpg"
1645,1125,"S","thumb_384_6324C3KU8b2MoF8tMPjwqql7.jpg"
1646,1125,"S","thumb_384_9783KeRpxaCfPTnD81aJC2wI.jpg"
1647,1127,"M","thumb_720_0167ClW2IgarnwoOk3cuIW9M.jpg"
1648,1127,"S","thumb_384_6096CPjYL7XJbbf0jwiGt6rs.jpg"
1649,1127,"S","thumb_384_83251XAjxRtfgzcjI48sOoJA.jpg"
1650,1127,"S","thumb_384_3635glpNmLMWhVXaytvMquYy.jpg"
1651,1128,"M","thumb_720_9779KYHQY3OrQIJItNJ7ojtr.jpg"
1652,1128,"S","thumb_384_76511c1SPnedOozOlSp3aIuL.jpg"
1653,1128,"S","thumb_384_1681rjVze1GYlebbU0uEqD9c.jpg"
1654,1128,"S","thumb_384_7726cG2bxhiJjnk0BynnTZol.jpg"
1655,1129,"M","thumb_720_2583j5leNg59E4XSldk8BbqP.jpg"
1656,1129,"S","thumb_384_1979WdZbv7cyKiYYzBNCUGFw.jpg"
1657,1129,"S","thumb_384_5668GxXuNnJHv6LyTkLZJDP3.jpg"
1658,1129,"S","thumb_384_0309kgMuoUwMFTx4h9eMzsEo.jpg"
1659,1131,"M","thumb_720_3161gNNLrb5B8fOCY1MJD8Qj.jpg"
1660,1131,"S","thumb_384_6552oK4eLLVDpYYCZgYsHmoC.jpg"
1661,1131,"S","thumb_384_5717hByyUAOvxozD3L1OsD7S.jpg"
1662,1131,"S","thumb_384_23719ul58U1SLfckSMROAfGD.jpg"
1663,1132,"M","thumb_720_5365dIB92VnrIEylQhHGgeGa.jpg"
1664,1132,"S","thumb_384_0418axnpJwIA8hwBTG0YrHGx.jpg"
1665,1132,"S","thumb_384_9319K8mIbqgkzn4ejGCC34os.jpg"
1666,1132,"S","thumb_384_8483pGOxujapslADHVPH8zAj.jpg"
1667,1133,"M","thumb_720_4781kATOy0L0KDyiodd70i5I.jpg"
1668,1133,"S","thumb_384_1227sRIHoFuo8ZoK3c4WHkQ4.jpg"
1669,1133,"S","thumb_384_7245bCGBpvvlzk2onFVBoJoQ.jpg"
1670,1133,"S","thumb_384_2399q4GI1gFCaVin55QymNyI.jpg"
1671,1134,"M","thumb_720_6150cjWkm8TC2eHJC5knuEBS.jpg"
1672,1134,"S","thumb_384_6907tTE7RkDfRv7RYHxFR7CI.jpg"
1673,1134,"S","thumb_384_7592NFbAMHibOn1gQHM4DnbY.jpg"
1674,1134,"S","thumb_384_4787wmgIbzKCOOeIF5uTFauq.jpg"
1675,1137,"M","thumb_720_1794iYHEYMksx77VT1R4Rl6o.jpg"
1676,1137,"S","thumb_384_5929gzUMLE0ZtSFwRLHQQ5SW.jpg"
1677,1137,"S","thumb_384_6324OixgFYsmoiY8nDOmrx3R.jpg"
1678,1137,"S","thumb_384_0546j1ZZUByUE8ij4qzschkg.jpg"
1679,1139,"M","thumb_720_7346QdrAfxIbtxSqpLPY069C.jpg"
1680,1139,"S","thumb_384_1292nR9HrhwCxp5FABTNaTzr.jpg"
1681,1139,"S","thumb_384_9177X32B42UvSAD8GLMpAHVr.jpg"
1682,1139,"S","thumb_384_4054adbLKjzKlg4oViXsYhk1.jpg"
1683,1140,"M","thumb_720_1858Km8xnRnAXQe4JrzXhGYo.jpg"
1684,1140,"S","thumb_384_6268Z2c9prRwU4qMgIMeibx5.jpg"
1685,1140,"S","thumb_384_6007ttw5opE6loI1rMrx8kid.jpg"
1686,1140,"S","thumb_384_9654Q4RqFTgP4iuinTOfTX6g.jpg"
1687,1141,"M","thumb_720_6039BkP52G18YGkg1KdcCFh0.jpg"
1688,1141,"S","thumb_384_08083YRTk7aLyUgtUuSVPjWf.jpg"
1689,1141,"S","thumb_384_5152bVhIlFRBL3U9GmNYj27u.jpg"
1690,1141,"S","thumb_384_7755kyI98s5n9olCrQXhZjjZ.jpg"
1691,1142,"M","thumb_720_92059iZLzQn54PGnkKXH0A93.jpg"
1692,1142,"S","thumb_384_1529O3C4ej4kN3vZXmxK58L4.jpg"
1693,1142,"S","thumb_384_8414gVSoCZBbzz7MH6oDZBxj.jpg"
1694,1142,"S","thumb_384_2517RMSE2HP6iGJ9umY6b6KJ.jpg"
1695,1143,"M","thumb_720_87682GPlLnfZWNSKMGkG6jSW.jpg"
1696,1143,"S","thumb_384_7160DUzL7Nt735TQCY8NehMx.jpg"
1697,1143,"S","thumb_384_7832a5dEQblaRZxMSJHDtwav.jpg"
1698,1143,"S","thumb_384_6205WbpE4fYs6aBXB0MLBxm7.jpg"
1699,1145,"M","thumb_720_3256ehkPAmO1IR8BBjHmAFNo.jpg"
1700,1145,"S","thumb_384_21820PCp8UFyEM9ltlxBcrF3.jpg"
1701,1145,"S","thumb_384_3806LkDS4R3VRcWviVOfw2U6.jpg"
1702,1145,"S","thumb_384_9805bqyHDcMv53iVF5X9JPnh.jpg"
1703,1147,"M","thumb_720_7245hRiUBYMZp0Z1RRsQiCZo.jpg"
1704,1147,"S","thumb_384_0723L3rE0Yt5iZKm6ybI6JuR.jpg"
1705,1147,"S","thumb_384_4457YVSUUZkTws0hN1YZroi8.jpg"
1706,1147,"S","thumb_384_6805XlMDSaxFbKHKGh9daL8g.jpg"
1707,1151,"M","thumb_720_9074rR14D1UyLnrEq6AnyDIh.jpg"
1708,1151,"S","thumb_384_8330MxWwRoDMlWSqCeNUXlCV.jpg"
1709,1151,"S","thumb_384_0011MeHXPmPHFAMwB67UtAqs.jpg"
1710,1151,"S","thumb_384_7912EGQXWjHjqIS1iimu26rZ.jpg"
1711,1152,"M","noimg.jpg"
1712,1155,"M","thumb_720_2362yOMXjzKfMwuCJzo2j7GP.jpg"
1713,1155,"S","thumb_384_6338SFJLEaQYDVssI7BvSdw5.jpg"
1714,1155,"S","thumb_384_9586gmpqTbLMqtDzxCSiYpJL.jpg"
1715,1155,"S","thumb_384_2789fnA32wIyERynUMSa58pC.jpg"
1716,1157,"M","thumb_720_53690nyJK3WjIk2Pz3cImwdZ.jpg"
1717,1157,"S","thumb_384_3478RPxKDPuW7suyNSsaFg9g.jpg"
1718,1157,"S","thumb_384_0446RJYEYMpceqcc0K5odgpv.jpg"
1719,1157,"S","thumb_384_3176C67HxOZOczCdN5DEqzXf.jpg"
1720,1159,"M","thumb_720_5201eHbf3TPweX9xkaWV3rSi.jpg"
1721,1159,"S","thumb_384_4830iZh56yxc8XJR126PE9d3.jpg"
1722,1159,"S","thumb_384_4037AjYcghPXYObMtbevnnta.jpg"
1723,1159,"S","thumb_384_5915m12FY8gQBjdJZQWC84xr.jpg"
1724,1163,"M","thumb_720_2506YQCWDf99lgzzL9YXlBYC.jpg"
1725,1163,"S","thumb_384_7672oy2wt505gotOBC75Rnoi.jpg"
1726,1163,"S","thumb_384_0531hxKspGHVF17J34SjdyFT.jpg"
1727,1163,"S","thumb_384_2184kXBy0yY9dPP6nvoE3g7o.jpg"
1728,1167,"M","thumb_720_2527ClmH6szotr4WgD4HWy0Z.jpg"
1729,1167,"S","thumb_384_2641pPsarBetFIMCzuuaC8aT.jpg"
1730,1167,"S","thumb_384_03244BiQEqStNEXVJJovfVLy.jpg"
1731,1167,"S","thumb_384_3211exagXNVTJTzPIhAfp2Bo.jpg"
1732,1168,"M","thumb_720_7755io7gsrgzKAhKdWZyWIgf.jpg"
1733,1168,"S","thumb_384_5092Y0nWZMnU2IZRWt4abnWP.jpg"
1734,1168,"S","thumb_384_8065nZcyMPzAwsyCq0WYj9Hx.jpg"
1735,1168,"S","thumb_384_4968FhEIhcCStZcMnCSvS7JK.jpg"
1736,1173,"M","noimg.jpg"
1737,1177,"M","thumb_720_4666pXf8PRZu9tZYMpi14419.jpg"
1738,1177,"S","thumb_384_78637ETnPBuZgLbmMr8R8GXN.jpg"
1739,1177,"S","thumb_384_6713BnkuT9p8uJpOsEinqr9V.jpg"
1740,1177,"S","thumb_384_5146YyAhq4DtKZSxi0uLkbJl.jpg"
1741,1178,"M","thumb_720_3882MAosfllBM0KkUjsYN33i.jpg"
1742,1181,"M","thumb_720_2541Oa7CZrtvSTbARJNR0kWv.jpg"
1743,1181,"S","thumb_384_5910H3VRQ8s72uUEY4TYWcfp.jpg"
1744,1181,"S","thumb_384_9249SgTWsm1OqNkVWw9IlaRa.jpg"
1745,1181,"S","thumb_384_72546m190iLHNuK2DjcNTNY4.jpg"
1746,1182,"M","thumb_720_3667CamphYIrLzhKaE6JSOuo.jpg"
1747,1182,"S","thumb_384_4189qqzoAtWUOIr2jMbBXCMY.jpg"
1748,1182,"S","thumb_384_4606ylQflcAbeoZlg7JgFdbV.jpg"
1749,1182,"S","thumb_384_22614pgKC90Y8xZuoX3GLFAY.jpg"
1750,1184,"M","noimg.jpg"
1751,1190,"M","noimg.jpg"
1752,1191,"M","thumb_720_53736CXBiBE33qBlCPAXbh6z.jpg"
1753,1191,"S","thumb_384_96330KvpAJKAOllkgKm19yXr.jpg"
1754,1191,"S","thumb_384_3676CazKvYvY3OHYkLERExxy.jpg"
1755,1191,"S","thumb_384_95753LueePojvEPVaPd36Zc9.jpg"
1756,1192,"M","thumb_720_9102msQGW7q44UWaxFKCS0HD.jpg"
1757,1192,"S","thumb_384_0630WWGMeEJoxVFB0rhonp3U.jpg"
1758,1192,"S","thumb_384_3697zWj1dE0vYfV0RTr3ltaf.jpg"
1759,1192,"S","thumb_384_0787BZCfIc6QqpnuEywCVFGD.jpg"
1760,1194,"M","thumb_720_6092givrJ9CZ1LH3S2VHYwhA.jpg"
1761,1194,"S","thumb_384_4250MLq47et0iDsuXMzumtjR.jpg"
1762,1194,"S","thumb_384_5335mQ0nrq70O6vk8xrjmxea.jpg"
1763,1194,"S","thumb_384_29373nOFCztatuiAguIVbIFV.jpg"
1764,1196,"M","noimg.jpg"
1765,1197,"M","thumb_720_9640S4KYcJyhTWVOYxtmficN.jpg"
1766,1197,"S","thumb_384_2063x19bbOw6xCwgjX18mP86.jpg"
1767,1197,"S","thumb_384_66548IBz6oHbXOBcymXDDN6h.jpg"
1768,1197,"S","thumb_384_4924wyS4FJ4nq8CIr3kQHF2F.jpg"
1769,1200,"M","thumb_720_4677Jy34D6gXGvS0nUK0rSWz.jpg"
1770,1200,"S","thumb_384_4118nD1LSmFLH1bWem6Cwe4S.jpg"
1771,1200,"S","thumb_384_6713y5H4P7ldCX3uteESDRwI.jpg"
1772,1200,"S","thumb_384_4622keylm2Zvy268CiswH4Dt.jpg"
1773,1202,"M","thumb_720_2982Z2fp50K7LANAlRtOL4I1.jpg"
1774,1202,"S","thumb_384_9351Qr3SZxaem607lrJyFDre.jpg"
1775,1202,"S","thumb_384_2660gq45reHUWn3pvzZtkN7j.jpg"
1776,1202,"S","thumb_384_6190ShcoUUQkHmMLuMAjgjIa.jpg"
1777,1205,"M","thumb_720_2513Vid0rHegUe65EwKdnzp9.jpg"
1778,1205,"S","thumb_384_1300QsPqqg67q6lzea6MQ7r4.jpg"
1779,1205,"S","thumb_384_7815KrC7jCC7CIAzN7Iz8foc.jpg"
1780,1205,"S","thumb_384_3604N54cy1bO2mxy0Naz0Urs.jpg"
1781,1206,"M","noimg.jpg"
1782,1208,"M","noimg.jpg"
1783,1215,"M","thumb_720_6915YuNfdUkeHakA2XYBU43w.jpg"
1784,1215,"S","thumb_384_1920bj15Btp1DvR8S6ykMhGU.jpg"
1785,1215,"S","thumb_384_55309wWowwyu9ITzqPYdZeXp.jpg"
1786,1215,"S","thumb_384_7559MDY1915YVoJh4N5qNRJ5.jpg"
1787,1216,"M","thumb_720_147555cxZiSo0ajwMvJ4CL8i.jpg"
1788,1216,"S","thumb_384_5361BON5I3RcFV5ek0yrj68o.jpg"
1789,1216,"S","thumb_384_90935d9iVQuncpAncEbPYbvU.jpg"
1790,1216,"S","thumb_384_6687Oa52mJFPWjLg61swvWhk.jpg"
1791,1218,"M","thumb_720_23190Cw5dcPfyyYrNsoBA7CU.jpg"
1792,1218,"S","thumb_384_4612gilGTRgDb7xXPf1TDlp3.jpg"
1793,1218,"S","thumb_384_3528LBnZKGJ05Xy2bNZHuD1N.jpg"
1794,1218,"S","thumb_384_6967Z8cI1UxHU9HnNPVZbceg.jpg"
1795,1220,"M","thumb_720_7421RUhDvMOrLiSbXptYOtkR.jpg"
1796,1220,"S","thumb_384_06479VpobEYeqTiJDQ77X1jR.jpg"
1797,1220,"S","thumb_384_98588AynFNdvWiDJzfCfT1gg.jpg"
1798,1220,"S","thumb_384_51297wWFcRuP1jssmJBW3EBA.jpg"
1799,1221,"M","thumb_720_2678NwOwMsKYrXd3TyJIwGpX.jpg"
1800,1221,"S","thumb_384_0153Mq30NHa2CyLW0kpyu5BI.jpg"
1801,1221,"S","thumb_384_3249nWt7cd9HIXl7QyqS9nRQ.jpg"
1802,1221,"S","thumb_384_3011Z0etBLP0zoUm8zM86ttQ.jpg"
1803,1222,"M","thumb_720_9458FBzObI82GgGPRzha0J5p.jpg"
1804,1222,"S","thumb_384_9274lG7HS70jvk6zjIjtuBoK.jpg"
1805,1222,"S","thumb_384_4217D3jCifMjfGKe8EF03to0.jpg"
1806,1222,"S","thumb_384_5055qvEPkPddyFrHULBAWIxc.jpg"
1807,1223,"M","thumb_720_1078mnCjHfxsCKA3fGjCQygw.jpg"
1808,1223,"S","thumb_384_9701QZhmY5Szrxb5Aj8L5G2A.jpg"
1809,1223,"S","thumb_384_37418U6ZBEDHUsXylU5DZRyj.jpg"
1810,1223,"S","thumb_384_5976v73HiL5Qo9IXXqLqSqx1.jpg"
1811,1225,"M","noimg.jpg"
1812,1231,"M","thumb_720_9137Yk3T2lNJ9MiwE49n1b1T.jpg"
1813,1231,"S","thumb_384_4447oFayv21YYWlxm9DUYa90.jpg"
1814,1231,"S","thumb_384_8423Qt6RBwfb0ImkUPjkEfgc.jpg"
1815,1231,"S","thumb_384_1896wNtkEm6drMRMLZabBrfD.jpg"
1816,1233,"M","thumb_720_1476pIMXryAoyMp8rf5gEZpI.jpg"
1817,1233,"S","thumb_384_0771SO0tBcK2f0Ig1R3yJvSG.jpg"
1818,1233,"S","thumb_384_0180KHBHPsjqkqE3jqDsd0Bu.jpg"
1819,1233,"S","thumb_384_0091XdwOfdDcTiZZjmjqags8.jpg"
1820,1234,"M","thumb_720_9923sdPcRmETAzh9UOaOugms.jpg"
1821,1234,"S","thumb_384_4476NKQe9YKlXsjXvja4i4sU.jpg"
1822,1234,"S","thumb_384_3724msJhf9B2Mwdegmd6JzdZ.jpg"
1823,1234,"S","thumb_384_8594RmDsaAjQJSdF4BBMAKJx.jpg"
1824,1235,"M","thumb_720_8263liQZ6EG73GzxkEA9ZBBg.jpg"
1825,1235,"S","thumb_384_1549W1Ofat7LPqcucoEnm38f.jpg"
1826,1235,"S","thumb_384_2827yVTYhpUiT2TOJeYt86sG.jpg"
1827,1235,"S","thumb_384_3151Z9Rv2z8Z9PAy1bnuaRhS.jpg"
1828,1237,"M","thumb_720_6498kxs5q1cLpfu3J1oYqWKW.jpg"
1829,1237,"S","thumb_384_1389gaM8cTZPEjdfFpRB9PZc.jpg"
1830,1237,"S","thumb_384_44699V4Iq76DRktplFsKUDVj.jpg"
1831,1237,"S","thumb_384_9716KfcLrzofvvgKK8j20KoI.jpg"
1832,1242,"M","thumb_720_72373zyxftfQZU9ztqmWgbnu.jpg"
1833,1242,"S","thumb_384_7838dkbVz0uZnY3GgAkWHXxo.jpg"
1834,1242,"S","thumb_384_1312IxBiF9w6evcRQi2qPiZG.jpg"
1835,1242,"S","thumb_384_2037o1rFBeMhtaRXNZZtJ0tt.jpg"
1836,1244,"M","thumb_720_438590OQDSiazElCFjYc5bbi.jpg"
1837,1244,"S","thumb_384_83776HIx0HerCLc2E3B46Edo.jpg"
1838,1244,"S","thumb_384_1161p0NSaGjlmfjletsDpTBN.jpg"
1839,1244,"S","thumb_384_7390l16nDe3729OVUjHWwiz2.jpg"
1840,1245,"M","thumb_720_8624MarqYhsbUxHb83TaO2HS.jpg"
1841,1245,"S","thumb_384_6740I5kt75TRRH9Mk5pKPABi.jpg"
1842,1245,"S","thumb_384_0448QvwCkEvOesY3S2PDR4dt.jpg"
1843,1245,"S","thumb_384_14205LIvYs0w6VpIwHWc3hUd.jpg"
1844,1246,"M","thumb_720_6591boh4s4ypAq97AgQMuAKz.jpg"
1845,1246,"S","thumb_384_4567ARSUSnt1pc0FqRE7NSPS.jpg"
1846,1246,"S","thumb_384_8092OdQq7A8szE6jBKjfzRF7.jpg"
1847,1246,"S","thumb_384_0124dJRP4aaqmScA04lAMg8i.jpg"
1848,1250,"M","thumb_720_8930McqcIr9sKinWVHd9XBhW.jpg"
1849,1250,"S","thumb_384_5100fZ4JnNBNwqbFpyXj4HoK.jpg"
1850,1250,"S","thumb_384_1086G6O3qqU0S23MpRJUzYLE.jpg"
1851,1250,"S","thumb_384_8574RTvJxHP23To6CgHa9qvU.jpg"
1852,1254,"M","thumb_720_8965SirEyHflaXdBbhA8mXZy.jpg"
1853,1254,"S","thumb_384_1597dOwwtUtAQUVnJvjJOiOn.jpg"
1854,1254,"S","thumb_384_1893I1wDnxe09yCVUCmuxw9o.jpg"
1855,1254,"S","thumb_384_7795YpEeUiPvM08w3NBNI9i1.jpg"
1856,1255,"M","thumb_720_2091vrB6R8u6Uzs95pCRg4Yw.jpg"
1857,1255,"S","thumb_384_3350se2ZeluTzDSKAkv8p9QN.jpg"
1858,1255,"S","thumb_384_4820Np45Af71APKdv6mEvQnI.jpg"
1859,1255,"S","thumb_384_8551ToQWAx5jYigAATDsG8xU.jpg"
1860,1258,"M","thumb_720_7932n8qlCOSovLhtfjJ8okdK.jpg"
1861,1258,"S","thumb_384_3431JM59DqUkhLzj8POTA3ho.jpg"
1862,1258,"S","thumb_384_8102E9pcF6Gu5pL9F0Vtx5zi.jpg"
1863,1258,"S","thumb_384_2486i28WsBwtYmy96hqZ0aZ9.jpg"
1864,1260,"M","thumb_720_3838WjWP5wnDycBd9nAZcuvW.jpg"
1865,1260,"S","thumb_384_8261GyNjnbNKYnEbHpEhLRSC.jpg"
1866,1260,"S","thumb_384_2460IRwaCWfWG5WtKpKELwyC.jpg"
1867,1260,"S","thumb_384_6547VavpGVhWOPqRfr6P5WwF.jpg"
1868,1264,"M","thumb_720_5788MdTGCGqAz3QjRUXCQ4pZ.jpg"
1869,1264,"S","thumb_384_1595qz4ScmdAcnXTBCTP3QBO.jpg"
1870,1264,"S","thumb_384_6693jbvWTs8cckCcYM9Fau3C.jpg"
1871,1264,"S","thumb_384_6621w4whQzg325uZkCI5ZETB.jpg"
1872,1266,"M","thumb_720_7631lNhmocEuXIWGY3dDcy1k.jpg"
1873,1266,"S","thumb_384_65039TEu5kaQSFCqhzGsxGP9.jpg"
1874,1266,"S","thumb_384_4027VwKPOYSGOCdhHdgDiZHL.jpg"
1875,1266,"S","thumb_384_1748x3bFkxzBQ2Y7F8etU0c8.jpg"
1876,1270,"M","noimg.jpg"
1877,1272,"M","thumb_720_2870zTTkM3qzyIiW0U55D97j.jpg"
1878,1272,"S","thumb_384_9983I1zP22KpZkaZ3xfjbbVe.jpg"
1879,1272,"S","thumb_384_3695Hsra3qLQCxlbLexQYNIE.jpg"
1880,1272,"S","thumb_384_3018GIsJBA8oKNnJnIYDawuB.jpg"
1881,1279,"M","thumb_720_8112dwhWQTgoUnfCqPDtvdvR.jpg"
1882,1279,"S","thumb_384_4095VTROa8GISRCXbXhKxxmk.jpg"
1883,1279,"S","thumb_384_8419NNy3TgwBbd9Oo6UAbwty.jpg"
1884,1279,"S","thumb_384_3713MO5unApAmmyY8m7Qluju.jpg"
1885,1280,"M","thumb_720_5448CyS2ZBND0FjEcCivTYBg.jpg"
1886,1280,"S","thumb_384_4807roskojWvR47lmYmd5BrH.jpg"
1887,1280,"S","thumb_384_9294V876fbiPCkhfXwbxTYqr.jpg"
1888,1280,"S","thumb_384_3730QbO5cFmeyhgH8AfBHUkR.jpg"
1889,1282,"M","noimg.jpg"
1890,1283,"M","noimg.jpg"
1891,1284,"M","thumb_720_1675m8yQ9OgGRfi3t8YUCwFI.jpg"
1892,1284,"S","thumb_384_2280M9FarH3ZcXaxEXTc7iXe.jpg"
1893,1284,"S","thumb_384_94690IdFCUfC2ylUMQSrejlX.jpg"
1894,1284,"S","thumb_384_0515DC1FDKgItHW25TNpwS3f.jpg"
1895,1287,"M","noimg.jpg"
1896,1291,"M","thumb_720_1067xdeHjJ3S4phjP14Zwc0n.jpg"
1897,1291,"S","thumb_384_5626S1PPubISYLaiV6OLIzjz.jpg"
1898,1291,"S","thumb_384_0258kk8ShWXslEPQc6m5W87m.jpg"
1899,1291,"S","thumb_384_639818LSIYzakv4RAlf4eySi.jpg"
1900,1293,"M","thumb_720_5940yHUtH6pZlUItL2LtMTPv.jpg"
1901,1293,"S","thumb_384_8657f1V2oZxgj7nwFGkeYD3k.jpg"
1902,1293,"S","thumb_384_9739ev9Teix20w4IexNwJ2Dl.jpg"
1903,1293,"S","thumb_384_0355IkRGfl3Fdgv9yaVVszck.jpg"
1904,1295,"M","thumb_720_05322fyoZYdEIOR12jxjD82s.jpg"
1905,1295,"S","thumb_384_39746XxkJiquTfLWwCfF0ZtP.jpg"
1906,1295,"S","thumb_384_2449bKzZDc0yRyEqGTm1PqXc.jpg"
1907,1295,"S","thumb_384_3253iUODdVL7oJ5AlRy9VKlH.jpg"
1908,1299,"M","thumb_720_66258lMr0QiU0HLlhIMBYR9G.jpg"
1909,1299,"S","thumb_384_6002uRzJi6BvG8UASUzx5Ms6.jpg"
1910,1299,"S","thumb_384_56352K2tYXEOCiO7LfvGd1iM.jpg"
1911,1299,"S","thumb_384_8360jPcMr5LdfswNtSCC3h96.jpg"
1912,1301,"M","thumb_720_2348TPQ8354ermeZDegyiYYu.jpg"
1913,1301,"S","thumb_384_31190tdgZVBrNmOYE7XaAB5k.jpg"
1914,1301,"S","thumb_384_0987KoKbOIk8wkoO0HxnYOmE.jpg"
1915,1301,"S","thumb_384_2311vaWIXdvpNHHk3Mi4Dpje.jpg"
1916,1303,"M","thumb_720_76718qTEWyUwZivnMZWmZGzl.jpg"
1917,1303,"S","thumb_384_3421xjiqJjvSnHS3Ido3Wzqn.jpg"
1918,1303,"S","thumb_384_5317Ijb7VNCY8Lm1agQM7rza.jpg"
1919,1303,"S","thumb_384_7760AmtfZJvz53XpviyU1hfE.jpg"
1920,1305,"M","thumb_720_0694mtO4uYkaGjVyTvdGP8Zv.jpg"
1921,1305,"S","thumb_384_6509isQDEYoyKBcGtaUFu6vy.jpg"
1922,1305,"S","thumb_384_0817GnK2JwFWUcF78uDf0b6P.jpg"
1923,1305,"S","thumb_384_0309ZtYQzBBXIwzcBJJC0YPv.jpg"
1924,1306,"M","noimg.jpg"
1925,1308,"M","noimg.jpg"
1926,1311,"M","noimg.jpg"
1927,1313,"M","noimg.jpg"
1928,1316,"M","noimg.jpg"
1929,1317,"M","thumb_720_9770kudLzd5halh1iR9DLvc0.jpg"
1930,1317,"S","thumb_384_9724HJqqKPwa5cLngBZtll7T.jpg"
1931,1317,"S","thumb_384_4043tjXwPtxPoDhRD3mRHLdM.jpg"
1932,1317,"S","thumb_384_6080OjjLDFZTra80s0TNB5S4.jpg"
1933,1318,"M","noimg.jpg"
1934,1321,"M","thumb_720_0017pJAmyY2zUdfpjApQsHua.jpg"
1935,1321,"S","thumb_384_3215hVTxnsjKs2cc6sGTRO1p.jpg"
1936,1321,"S","thumb_384_6142aVcZzSlXtSMBX1TYDEIX.jpg"
1937,1321,"S","thumb_384_4369X3MeA85U9oLg5mzP58Ib.jpg"
1938,1323,"M","thumb_720_3887AcHjdjzPe2QrDkflyhiV.jpg"
1939,1323,"S","thumb_384_15594WsKWJcsfAI9PMoOaxN7.jpg"
1940,1323,"S","thumb_384_8427av9COBRE4tRKtOq1aNrX.jpg"
1941,1323,"S","thumb_384_337973GG4kOdRIHwJ4MOWkGg.jpg"
1942,1324,"M","noimg.jpg"
1943,1325,"M","thumb_720_9297QSZtFlT3lgDTkuEBfmWi.jpg"
1944,1325,"S","thumb_384_5679JMmUS3LognNoEKPn9ipT.jpg"
1945,1325,"S","thumb_384_3786orIomMsIAybGp3Vj0ohi.jpg"
1946,1325,"S","thumb_384_0234n4BWkvwicTt90mG6zrPO.jpg"
1947,1327,"M","thumb_720_1833u9D63SqnTfClEAKrR2n6.jpg"
1948,1327,"S","thumb_384_7796NvvcPYvxnEMpGVpR02fr.jpg"
1949,1327,"S","thumb_384_1475SFLkW5w6Y2Eiy4EOHg5J.jpg"
1950,1327,"S","thumb_384_1741TPCcM7vPIBIcBxyUF4C5.jpg"
1951,1330,"M","thumb_720_3126k5bNyZESNCbNBnhyOmXU.jpg"
1952,1330,"S","thumb_384_2786BcOhguXTBygDyz8gh364.jpg"
1953,1330,"S","thumb_384_1792jXJxCy5NCYfNPePUe4bI.jpg"
1954,1330,"S","thumb_384_2722RP9FEH2DHHYDmE7vcZcw.jpg"
1955,1332,"M","thumb_720_1655nSXEIbxmBsgxDdFa5h5B.jpg"
1956,1332,"S","thumb_384_3186XmaTk9XrDZAeM2S7tMCJ.jpg"
1957,1332,"S","thumb_384_9497eaxaqXFPhgROcwBH4fun.jpg"
1958,1332,"S","thumb_384_0037MzxduuNEyPBYUiqEhme6.jpg"
1959,1335,"M","thumb_720_3379YLFxXAtV0MZwiq1wms7p.jpg"
1960,1335,"S","thumb_384_59851KwW8Fz4t6JWB1ckCRVf.jpg"
1961,1335,"S","thumb_384_4868tfBavlx5XU2QmxttwWma.jpg"
1962,1335,"S","thumb_384_5937qncdVQcpRe6vUZ6xEX2c.jpg"
1963,1336,"M","thumb_720_3504QpbLNaTXricYkbmtK6mL.jpg"
1964,1336,"S","thumb_384_1267P3bmiw32Yr38SkmnKLYX.jpg"
1965,1336,"S","thumb_384_3837BjczX6MVmxiFFKMS56UW.jpg"
1966,1336,"S","thumb_384_5992n9tRPT6CSN0qLcLAJcqg.jpg"
1967,1337,"M","thumb_720_5074hPiSfGlAKOR28q2hjf6V.jpg"
1968,1337,"S","thumb_384_8654fob4g3yYzLXJCyKsCAtQ.jpg"
1969,1337,"S","thumb_384_4934igmmIqhNAG9Pblb2r8ck.jpg"
1970,1337,"S","thumb_384_5226ktERUT4SKQSBbWFzcT5t.jpg"
1971,1344,"M","noimg.jpg"
1972,1345,"M","thumb_720_0578HbhKa85gs0W9duD7M74R.jpg"
1973,1346,"M","thumb_720_4706OZ8eCKRHn0NYbp9QZ6Oy.jpg"
1974,1346,"S","thumb_384_1478kBinOEA8Uzls2L1EIJua.jpg"
1975,1346,"S","thumb_384_2575BSBiu2nwron6xfhIfYy2.jpg"
1976,1346,"S","thumb_384_90588MwjNR9xC1WilgbMzaIi.jpg"
1977,1352,"M","thumb_720_5148H1kTLCVPHKfPjhOSrZ9y.jpg"
1978,1352,"S","thumb_384_6686ytgr1ztNVqHObMLzwrkR.jpg"
1979,1352,"S","thumb_384_0574ETp6R2HPM2Fk22fFpMyF.jpg"
1980,1352,"S","thumb_384_9639D2d2qCBZTYllmAgnkVl6.jpg"
1981,1353,"M","thumb_720_6642TsJNEInO6805TifcLqXZ.jpg"
1982,1353,"S","thumb_384_8639Aag7FnYSlQ9WIbl3F8qQ.jpg"
1983,1353,"S","thumb_384_5873WDb8pELOzho8FHgqHAOi.jpg"
1984,1353,"S","thumb_384_8055uyHa27jT9fxsgET6aFUO.jpg"
1985,1354,"M","thumb_720_3620APvETejTjcWfgrDMBpPD.jpg"
1986,1354,"S","thumb_384_06137ZMv6mth927GKYN4guZY.jpg"
1987,1354,"S","thumb_384_01871qVPlbHcQ9lU732GP5p4.jpg"
1988,1354,"S","thumb_384_6106TujOgcaTbNkw5ZUScwN1.jpg"
1989,1356,"M","noimg.jpg"
1990,1357,"M","noimg.jpg"
1991,1360,"M","thumb_720_2685hjeeNVYyBTcD1YjrdkjX.jpg"
1992,1360,"S","thumb_384_9632Ey2huCVHR79mtItQQxVe.jpg"
1993,1360,"S","thumb_384_7858dXHFCybFpY6maBJMOv9h.jpg"
1994,1360,"S","thumb_384_2679I0wv3rvd4yzONQkVPmiy.jpg"
1995,1362,"M","thumb_720_6672TLNNwlaySzzeFfG1Xtii.jpg"
1996,1362,"S","thumb_384_27964ePsl7Hb93QGgTbX1SSL.jpg"
1997,1362,"S","thumb_384_2893fGK9AArq7eev7ZIBfMBU.jpg"
1998,1362,"S","thumb_384_5697vxG91eyF2LhhN3N8IN5D.jpg"
1999,1364,"M","thumb_720_06705IoH3d5oUGYDcVXIGQ87.jpg"
2000,1364,"S","thumb_384_7902ET0QcHmaEz9EZwOqBlNi.jpg"
2001,1364,"S","thumb_384_6273VKXoB2vMohbyS0q7TDOS.jpg"
2002,1364,"S","thumb_384_2855hZH5xdWFHlm4IuZ7k2uY.jpg"
2003,1368,"M","thumb_720_8333Zbm6zbPEALbdesTxGeqd.jpg"
2004,1368,"S","thumb_384_4469qUx4hqiVtziRO0GTIwyy.jpg"
2005,1368,"S","thumb_384_3867fxLieIWeAtxVujvjz2l5.png"
2006,1368,"S","thumb_384_2991vqEeKwpoJZm3XzzX1QBM.png"
2007,1369,"M","thumb_720_0863ZMdwcwRV5puY33Di41tY.jpg"
2008,1369,"S","thumb_384_3826G959dXOEwjJf79Ej27FL.jpg"
2009,1369,"S","thumb_384_5732JopL2abVXjB2ctPukDGc.jpg"
2010,1369,"S","thumb_384_0878VRK07hxXiXr4evCAPDeD.jpg"
2011,1370,"M","thumb_720_5294EhBwCoM1ehkD2fKE8jM3.jpg"
2012,1370,"S","thumb_384_0653hxxOHArBGiUP3HttzCi1.jpg"
2013,1370,"S","thumb_384_2357zoeR8n4VRx1EqcIZ60Mj.jpg"
2014,1370,"S","thumb_384_340425lApSgz3m3qrQhHokDp.jpg"
2015,1371,"M","thumb_720_0070Z1NYEInLjaCCqTICTFfz.jpg"
2016,1371,"S","thumb_384_5551c30Ga8G75Gs5mCnJd4kR.jpg"
2017,1371,"S","thumb_384_3885B66uOgeKuqwG31WDotbZ.jpg"
2018,1371,"S","thumb_384_60965JaCv0WhxlpaaUqlI4lP.jpg"
2019,1379,"M","thumb_720_2390NVW3WMw3pajOmHY1f1at.jpg"
2020,1379,"S","thumb_384_4280Wg6wqUpPJd6RoBd80uJp.jpg"
2021,1379,"S","thumb_384_5204ogALmrZED61F1MSaQJuN.jpg"
2022,1379,"S","thumb_384_5231JMRNzbcrHc28Q2mTq9X2.jpg"
2023,1380,"M","thumb_720_0966ZXWJrk3rrZ5t2iu5HAo9.jpg"
2024,1380,"S","thumb_384_0804Hne1OQH2BJlOViesMkkz.jpg"
2025,1380,"S","thumb_384_2817q1hiuzutSxu5a8KHwgPD.jpg"
2026,1380,"S","thumb_384_3435jzo9mo6IktvZLfYa632Y.jpg"
2027,1382,"M","thumb_720_4238ruNdcbJwNZk1DltzJzXM.jpg"
2028,1382,"S","thumb_384_0041PF7Y9tQxl4JdKCXhlqMZ.jpg"
2029,1382,"S","thumb_384_1404Y1jEqaEPKBYXstQRKJD3.jpg"
2030,1382,"S","thumb_384_4784tGtcVc7ZYRhZrOoRJZy7.jpg"
2031,1384,"M","thumb_720_0755gzmmg66aTxDm87M7Bo3y.jpg"
2032,1384,"S","thumb_384_71842FMoHcACAlUAlMwk9NnR.jpg"
2033,1384,"S","thumb_384_6270ad7wM0lPyUeMXkhJ5XHz.jpg"
2034,1384,"S","thumb_384_4428r4D9FRRcQNXd0K8lQA1d.jpg"
2035,1385,"M","thumb_720_374371rCLxO686NSWwtXzBfQ.jpg"
2036,1385,"S","thumb_384_2602L3p2SuRd8Pn0nffY7CGd.jpg"
2037,1385,"S","thumb_384_5680bQmFe7MoX923oFnPmamI.jpg"
2038,1385,"S","thumb_384_0468zWkej8jiTv2C80HOFbfi.jpg"
2039,1387,"M","thumb_720_1356y0ZIx5DX3ZM6GSroNAXc.jpg"
2040,1387,"S","thumb_384_6136jlTobJv3PxAqOu5VzuHQ.jpg"
2041,1387,"S","thumb_384_7831GJ5ZYVLPW1BU1dOP9L0k.jpg"
2042,1387,"S","thumb_384_353024fnu8sUg9IKXzUJn8Kk.jpg"
2043,1388,"M","thumb_720_4827OH0hfr9spGMlq0p8A3iL.jpg"
2044,1388,"S","thumb_384_1067GGO2OjFD0TM3a08Y6acx.jpg"
2045,1388,"S","thumb_384_6956cvWV3nxdyzHbtTf317DT.jpg"
2046,1388,"S","thumb_384_0045eQPtWy84RO7HvekESzpR.jpg"
2047,1389,"M","thumb_720_73417ZLp7BXUdQgfMMR5H627.jpg"
2048,1389,"S","thumb_384_6718TxasvVy8GvlO6gak0ere.jpg"
2049,1389,"S","thumb_384_2951ZiM4ZMRc49WRPFlO7NaT.jpg"
2050,1389,"S","thumb_384_8688ZcZw3W6fmGB3CF3UndMi.jpg"
2051,1390,"M","noimg.jpg"
2052,1405,"M","noimg.jpg"
2053,1407,"M","noimg.jpg"
2054,1410,"M","thumb_720_8359gKASWEaQMpP475TeQEjD.jpg"
2055,1410,"S","thumb_384_85320P7y1mjDyqFTnLCjbl6u.jpg"
2056,1410,"S","thumb_384_1753lg1USEQcZWqzeonrnRAG.jpg"
2057,1410,"S","thumb_384_7789HjXi8oA3Y1YpCzHnDbuX.jpg"
2058,1413,"M","thumb_720_2592AhiE9bfcrlerWeHQtm8b.jpg"
2059,1413,"S","thumb_384_8840uBFVDQz3rD7u6NQxNpPm.jpg"
2060,1413,"S","thumb_384_3922rKXe2kWsxHOzJJULZpLJ.jpg"
2061,1413,"S","thumb_384_1135DE5joCgOmCAiEnlGM3f4.jpg"
2062,1418,"M","thumb_720_3434AQF3179Yx5whxZ7iErTn.jpg"
2063,1418,"S","thumb_384_11735lkXUdFhz2eDd0QzBctE.jpg"
2064,1418,"S","thumb_384_0542Gjet7u38q1YKr659pOv1.jpg"
2065,1418,"S","thumb_384_8037CmaO2afUHsPB84vnmsnM.jpg"
2066,1425,"M","noimg.jpg"
2067,1427,"M","thumb_720_7125hfhonKPcATq0AxQSMq1k.jpg"
2068,1427,"S","thumb_384_6905uggeewaNUlZpOOyRkbtO.jpg"
2069,1427,"S","thumb_384_7685gMNoaohKLRj5ycGeN9G6.jpg"
2070,1427,"S","thumb_384_3581Csf7C1uf7zEjL35Zr92A.jpg"
2071,1429,"M","thumb_720_3842S5ASN8mdK4toE9gtgOaD.jpg"
2072,1429,"S","thumb_384_1731RaDlUOKhEIZP5viOq5vU.jpg"
2073,1429,"S","thumb_384_3295Zbon3m63m4XaJtB8foJB.jpg"
2074,1429,"S","thumb_384_1584Q00fULJv2lxpajVKKS7B.jpg"
2075,1431,"M","thumb_720_2356nYX3BtNwREhp8sXRf2eg.jpg"
2076,1431,"S","thumb_384_2321nlc30fzRqdOJAxJ5vG2U.jpg"
2077,1431,"S","thumb_384_8366DCEpONPuUpahO74Iw5pg.jpg"
2078,1431,"S","thumb_384_9267gfiTWOdwef9G8n2nqeiz.jpg"
2079,1432,"M","noimg.jpg"
2080,1435,"M","thumb_720_5101KtJyPEZ3p1ptBMmJsuvo.jpg"
2081,1435,"S","thumb_384_3792GxLDtQuQXPMryLb77e9Y.jpg"
2082,1435,"S","thumb_384_5480ybisNlBuEXy8iaqelx1O.jpg"
2083,1435,"S",""
2084,1436,"M","thumb_720_57727Y3M0O6UaPF1l0TlJRXj.jpg"
2085,1436,"S","thumb_384_3293VvVHa3HhdFPsu1MdSaNR.jpg"
2086,1436,"S","thumb_384_9795LychkFy5AVLqiaAw7xjj.jpg"
2087,1436,"S","thumb_384_6286nEuoSFF1g5veJqp175a7.jpg"
2088,1438,"M","noimg.jpg"
2089,1441,"M","thumb_720_6661UB5SneyC2ThHAdKHvt3z.jpg"
2090,1441,"S","thumb_384_0865gPPdR6h7aQKvj5ML2j38.jpg"
2091,1441,"S","thumb_384_2354XcH3Up5cdsKCPOeVlngL.jpg"
2092,1441,"S","thumb_384_93675sN9O5UzmmgYioD4KQ5f.jpg"
2093,1446,"M","thumb_720_7096MgDjrzwSngWgx1GP5LoI.jpg"
2094,1446,"S","thumb_384_4060HoaJVXJa0lsy8ZY85oQS.jpg"
2095,1446,"S","thumb_384_115767Hmx6QsNwgVQS2tpu1i.jpg"
2096,1446,"S","thumb_384_8820OC8OqxhaVav1I5aILQzv.jpg"
2097,1447,"M","thumb_720_7831YRImoCw9egHpHvfThEbZ.jpg"
2098,1447,"S","thumb_384_6914YYartDPMjwdid2MKZDqY.jpg"
2099,1447,"S","thumb_384_8624HFbacmK7PuKLLCIzHs0H.jpg"
2100,1447,"S","thumb_384_4114yeiioIV9RnH3sVWLjKss.jpg"
2101,1448,"M","thumb_720_20839XfOrZfUkrRArI6AalAs.jpg"
2102,1448,"S","thumb_384_9958e2sNKew7yRlvLNvfI45h.jpg"
2103,1448,"S","thumb_384_4903HJnQ3Xbm6KWxGCYBy0Z5.jpg"
2104,1448,"S","thumb_384_37716yhna78lYb6CSg28bHM4.jpg"
2105,1449,"M","thumb_720_1648YfMoVZVqRz3wWKyOLmQO.jpg"
2106,1449,"S","thumb_384_1798nO2ZwsFdWt1ISzXoxPIm.jpg"
2107,1449,"S","thumb_384_1369W0ERBmAveTOedJhh5cae.jpg"
2108,1449,"S","thumb_384_1476CIkVkTrjvqXcenHJDmwT.jpg"
2109,1453,"M","thumb_720_5158zXUykBzpWVmHOgv3EMBv.jpg"
2110,1453,"S","thumb_384_1891lyGZziCsF1xU1pkWTty3.jpg"
2111,1453,"S","thumb_384_9603hDyT9zf2CfjtQlSEJtI1.jpg"
2112,1453,"S","thumb_384_1205c7faJ85GrWF5nTaoQszo.jpg"
2113,1454,"M","thumb_720_4159Bf0Ef5hKF3KAVqswLylY.jpg"
2114,1454,"S","thumb_384_8227vWpbavOURaHj6qllygf3.jpg"
2115,1454,"S","thumb_384_2677Skm7I5gqkA2LTRxr0GBG.jpg"
2116,1454,"S","thumb_384_7215ZoZB0WRgDd3xOKMUS5Le.jpg"
2117,1455,"M","thumb_720_5096X9euC4zHg9L3CvHuuGdO.jpg"
2118,1455,"S","thumb_384_4605bBe8iwrlL6sNfLjKAtMQ.jpg"
2119,1455,"S","thumb_384_13541ScBQ9HCjhOpcpJU3ND2.jpg"
2120,1455,"S","thumb_384_231044cFrVPLSCUVidkRfuvF.jpg"
2121,1456,"M","thumb_720_8254dVYpFbt4Dl6zT71eEP5C.jpg"
2122,1456,"S","thumb_384_9086Uyqxl4DtYOlCUP7ud1o8.jpg"
2123,1456,"S","thumb_384_5183DcjUCAe9AfU1UXD8hnaL.jpg"
2124,1456,"S","thumb_384_3206RjaeabNGTR1s4BKwa8Mf.jpg"
2125,1457,"M","thumb_720_6508RfLxRudkG9bs8D1hFlwr.jpg"
2126,1457,"S","thumb_384_7089EVxHjugaeYTWZK3eNEhe.jpg"
2127,1457,"S","thumb_384_63324wDat16LacGuwl9XWVnF.jpg"
2128,1457,"S","thumb_384_5311pHTVCOty5q8aGec4OBy9.jpg"
2129,1460,"M","thumb_720_1047djlaRn8UG5oqqEDK9e7T.jpg"
2130,1460,"S","thumb_384_7722S5BQQ0boYpREIGXS4Aen.jpg"
2131,1460,"S","thumb_384_2792oCZz98X5VKkYl4oxtn87.jpg"
2132,1460,"S","thumb_384_05771Ggn086SY2WSIZAhR8ch.jpg"
2133,1463,"M","noimg.jpg"
2134,1467,"M","thumb_720_4524y9WHW5ZbQJPdXxJebROE.jpg"
2135,1467,"S","thumb_384_98941e6UAZ6rWoPpQg5b8PoS.jpg"
2136,1467,"S","thumb_384_6763zEnKq836PDfCD8UIl2Ux.jpg"
2137,1467,"S","thumb_384_9401A7fhehi4ffcqCSTrkA8U.jpg"
2138,1468,"M","thumb_720_9529efHHu0zIGUdWlYxFUqPk.jpg"
2139,1468,"S","thumb_384_1590kzLJBeL0Fz2SoUFKBY8H.jpg"
2140,1468,"S","thumb_384_1944glx3Ikh0G50wrn1NhLeR.jpg"
2141,1468,"S","thumb_384_0492XHmQyj4KsFxv25rxFBcW.jpg"
2142,1471,"M","thumb_720_1738psqJBZfvdlZYzEGWytYn.jpg"
2143,1471,"S","thumb_384_3184P9QTQlxJbVuydkcsxRag.jpg"
2144,1471,"S","thumb_384_5568CheaFjCoddgHLTzO9xy8.jpg"
2145,1471,"S","thumb_384_5107Dohdb1c72WJ4L6U4yH0z.jpg"
2146,1473,"M","thumb_720_8725LFnasbgeSIEVcAa1gL7l.jpg"
2147,1473,"S","thumb_384_0809YMZIeQaw8ZJLcnINbpHF.jpg"
2148,1473,"S","thumb_384_48186dgCyo2Wp3p140XBODbf.jpg"
2149,1473,"S","thumb_384_1055Cq7bFKlXGK88yti6ny5b.jpg"
2150,1475,"M","noimg.jpg"
2151,1476,"M","thumb_720_9820Zvi17VdXdDoDlyDjFLPZ.jpg"
2152,1476,"S","thumb_384_5693mio5iXZszv62PC1ISL7P.jpg"
2153,1476,"S","thumb_384_3968kBRtDgZkrUjw7r26A4PQ.jpg"
2154,1476,"S","thumb_384_4807PAxWFWEmc8D7XOvNnXsY.jpg"
2155,1477,"M","thumb_720_9845HX49VdKjioc0iQh8qXJ9.jpg"
2156,1477,"S","thumb_384_9426k8u6ixncvgJyPMn2PTdu.jpg"
2157,1477,"S","thumb_384_0827BexFdVuDAbRVaRdRq5Ah.jpg"
2158,1477,"S","thumb_384_90960HRCX2LUO1l9JhjV3MRM.jpg"
2159,1479,"M","thumb_720_0494v8YJezGZ6T9AJSJUUP1u.jpg"
2160,1479,"S","thumb_384_93942JRBD0yb86wgkUjr7Dmq.jpg"
2161,1479,"S","thumb_384_9063QIJnOqJQesdtQEOjxi2v.jpg"
2162,1479,"S","thumb_384_6527NaizQ2AxmNIWeAuq4LTe.jpg"
2163,1480,"M","thumb_720_5921GRPZJg8vU5xWOgwOqxRH.jpg"
2164,1480,"S","thumb_384_24984P491fGuCOYXK9ogvivD.jpg"
2165,1480,"S","thumb_384_6892Q75z68A0a47potffTNHX.jpg"
2166,1480,"S","thumb_384_05028Bj3VhKO66Pg03EBPWTa.jpg"
2167,1482,"M","thumb_720_5559jCEqaU2Lrg71DIU6IrZT.jpg"
2168,1482,"S","thumb_384_8244szm7r94erTgyKPnjlieX.jpg"
2169,1482,"S","thumb_384_94060KCJ4pV00WZ44xG60nd0.jpg"
2170,1482,"S","thumb_384_7792MsPshkwnFfRmxhzeA49O.jpg"
2171,1483,"M","thumb_720_0865tZV1H5MotwgtetuPAsMH.jpg"
2172,1483,"S","thumb_384_5665HwDwF9aGT1IK4vlfEPGR.jpg"
2173,1483,"S","thumb_384_36140YbCdHmvtebQR08QTbY9.jpg"
2174,1483,"S","thumb_384_0592OuZZcLn4XgzVd6sGAPyD.jpg"
2175,1487,"M","thumb_720_3611PaCpPZCy7hO0NP152dLv.jpg"
2176,1487,"S","thumb_384_6784iKUfTLp4Y7t1RWfJfZwW.jpg"
2177,1487,"S","thumb_384_918840EHQl7BocQqCCTbGlYs.jpg"
2178,1487,"S","thumb_384_4466fzjwblPdDMNrMWhEdxvV.jpg"
2179,1488,"M","thumb_720_7697OB0IQQQjVbNNqOdlxtL2.jpg"
2180,1488,"S","thumb_384_0398TpZjWdtbQqxS1zbvrZNj.jpg"
2181,1488,"S","thumb_384_4512Mh5aZ0zNLzjRO23NauFH.jpg"
2182,1488,"S","thumb_384_0027rhBtjkICQZUNVPgHXNsW.jpg"
2183,1490,"M","thumb_720_8652XpbluBORfVeeSVf3Cldg.jpg"
2184,1490,"S","thumb_384_3226oywKIYd0sTIJneuGWu5W.jpg"
2185,1490,"S","thumb_384_7977V8NVYnKnYLrtXHphJ4W5.jpg"
2186,1490,"S","thumb_384_8617vc8ZpvTG9y5hrSvMvfiP.jpg"
2187,1491,"M","thumb_720_141585RDf1KJJfZiIkpvjzHZ.jpg"
2188,1491,"S","thumb_384_3640Bfnkcg71BMnlSLvI8Y3f.jpg"
2189,1491,"S","thumb_384_50014fNVWxQUezB2lJDztjn1.jpg"
2190,1491,"S","thumb_384_1082KrD0r8H3KUfqFQKOkwXs.jpg"
2191,1492,"M","thumb_720_4631Iej9FNP0bpsdC2UhHiSb.jpg"
2192,1492,"S","thumb_384_22394WbV4rrV4P9TUB0LFuHN.jpg"
2193,1492,"S","thumb_384_1369hxHF4IhCMoXGI4szAuv4.jpg"
2194,1492,"S","thumb_384_7100zyqNW30BZRftdt2InCL1.jpg"
2195,1493,"M","thumb_720_18643MM8nekAjBDBsCujSl4B.jpg"
2196,1493,"S","thumb_384_15024WQKSJho3P3wniig4zGl.jpg"
2197,1493,"S","thumb_384_8118i5IbE7pqeMSZfGB0IhlS.jpg"
2198,1493,"S","thumb_384_9664idTW1n3GI3tHSS0xjl0S.jpg"
2199,1498,"M","thumb_720_89190f88J9jgz2DqRuPWfgqW.jpg"
2200,1498,"S","thumb_384_2188vzR3Qend6ZtdEQ1AYTjn.jpg"
2201,1498,"S","thumb_384_4714SrRHKAp3U6FTizVxwlkJ.jpg"
2202,1498,"S","thumb_384_9636du8RNc6SyGVqfQ4Q8hSl.jpg"
2203,1499,"M","thumb_720_5862JRdryzLnIuLrl8eILQf5.jpg"
2204,1499,"S","thumb_384_6144Aad7eP6VJlM5x4cGNfxx.jpg"
2205,1499,"S","thumb_384_7677SD7em8OyWxKChShFe1Eq.jpg"
2206,1499,"S","thumb_384_3132eQGvZ1vETrNKK66ea0OS.jpg"
2207,1501,"M","thumb_720_99284C6zoUEIg4V4XLJVaUml.jpg"
2208,1501,"S","thumb_384_6288rHVTLgvDyfrvv3WcgB85.jpg"
2209,1501,"S","thumb_384_54115uLazEpkPr2OAlg98ib8.jpg"
2210,1501,"S","thumb_384_4107pP3GcuH50tlIS82SEmWj.jpg"
2211,1503,"M","thumb_720_96137l6nPrRagQwA51mQmxVi.jpg"
2212,1503,"S","thumb_384_3534WS94smTKLm5RLN7BG81G.jpg"
2213,1503,"S","thumb_384_1562WUDaJ92JXHTfKyxyIF59.jpg"
2214,1503,"S","thumb_384_2842N3l3dwBJbX8fpOm3P7JI.jpg"
2215,1504,"M","thumb_720_8577wMQ5PLycsAOKkjd1H3iv.jpg"
2216,1504,"S","thumb_384_2483fKK1kjWHEzJyblOzyQdY.jpg"
2217,1504,"S","thumb_384_2893fBNr3bbZn1ecFA7jjhHa.jpg"
2218,1504,"S","thumb_384_9345Cu1hDkNPMf3My3UcrYHK.jpg"
2219,1507,"M","thumb_720_1977Rkcbo1029wcKw1rJATrR.jpg"
2220,1507,"S","thumb_384_8966VgwF7xTEmbdHBKhXUUSk.jpg"
2221,1507,"S","thumb_384_8263G65su5hSfQtEzLLCzPCY.jpg"
2222,1507,"S","thumb_384_8200GvtaAjr8KH3zp6brvY8m.jpg"
2223,1508,"M","thumb_720_7434TTXZiuCk2IEbiaK0NFED.jpg"
2224,1508,"S","thumb_384_1357Gwe8xMvvHo2tpd9fV46x.jpg"
2225,1508,"S","thumb_384_14487dTynKpncDix0k5dx9Ca.jpg"
2226,1508,"S","thumb_384_0754Yb8cJyVqramX4mXOeuiq.jpg"
2227,1511,"M","thumb_720_8317WpnxxAT8kLhQjRsPKg25.jpg"
2228,1511,"S","thumb_384_6974QpvM62ikcz39ysYsR2dv.jpg"
2229,1511,"S","thumb_384_3415dKAA9YBLjk9fxJj87j2L.jpg"
2230,1511,"S","thumb_384_1159VohlAwFsDkfvGfdG3HNr.jpg"
2231,1513,"M","noimg.jpg"
2232,1515,"M","thumb_720_2165CFEOuztnbVZ6sMUTj3vL.jpg"
2233,1515,"S","thumb_384_0340GJviWjH7MP53SIclDkgC.jpg"
2234,1515,"S","thumb_384_9490ZN2FCM59wrbk14mZDRKw.jpg"
2235,1515,"S","thumb_384_24455Zk683fJDlbFjNa9Jr6n.jpg"
2236,1516,"M","thumb_720_4223HpcmUvXXRHJo2NvJvtrL.jpg"
2237,1516,"S","thumb_384_7841oaP7sCsSjgVROt8y0kka.jpg"
2238,1516,"S","thumb_384_6765r252WYjuyOyXDHN1vcfy.jpg"
2239,1516,"S","thumb_384_6621UhfvAn3JkyZIinBbUzMv.jpg"
2240,1517,"M","thumb_720_8228p5mrooukyzCJSJaIxhyT.jpg"
2241,1517,"S","thumb_384_5173T6d7msh3BX36xdzCgDXF.jpg"
2242,1517,"S","thumb_384_3684Hz35vv9oCZp2sNhNoGDJ.jpg"
2243,1517,"S","thumb_384_5636iAWEtTtJV0wbiarhSDu3.jpg"
2244,1520,"M","thumb_720_3245gzM1VjUwqC5OmFjaANfz.jpg"
2245,1520,"S","thumb_384_86403EBQM0gKWgzKRw6tc0ms.jpg"
2246,1520,"S","thumb_384_8813yVpnU8LGXofvfbJ08cQN.jpg"
2247,1520,"S","thumb_384_035043ahWE7oo2ZsVvnG6VKN.jpg"
2248,1525,"M","thumb_720_56068JE3eMKJQfDbu58RDYFO.jpg"
2249,1525,"S","thumb_384_2728Lp8upeP9xDwJJdRZX7Ga.jpg"
2250,1525,"S","thumb_384_8003c2JV6cgrU6RVznD2CAup.jpg"
2251,1525,"S","thumb_384_6472CoYMBBX4XerxeyU1tm6Z.jpg"
2252,1528,"M","noimg.jpg"
2253,1533,"M","thumb_720_2075IRmv1rVb3BtLLK2WbaxU.jpg"
2254,1533,"S","thumb_384_70345gDBjEeOdszYFKSMe4Q2.jpg"
2255,1533,"S","thumb_384_2067w2eEy6bP77gOitH9XJQz.jpg"
2256,1533,"S","thumb_384_7144R2BomtRge7PiNbUyASeN.jpg"
2257,1534,"M","thumb_720_5037Z4cHCk4w2ZbAP9zJOpTd.jpg"
2258,1534,"S","thumb_384_59014egGnwFIKtmOauNEPASX.jpg"
2259,1534,"S","thumb_384_5631kLyhUszWVIrHPSnpQaIL.jpg"
2260,1534,"S","thumb_384_7997CLbcMAuE1Pp7trM8uCuK.jpg"
2261,1537,"M","thumb_720_5341XPkYDtTmadeAb8gbfNCN.jpg"
2262,1537,"S","thumb_384_1304LZPzTgMPScabAKAAoQbX.jpg"
2263,1537,"S","thumb_384_0243T5CVPyCpbIPw5tq8SW4V.jpg"
2264,1537,"S","thumb_384_6630x81Y9jC1s8x6C6jV4APA.jpg"
2265,1540,"M","thumb_720_66311uBNchMPgA13Wtr82oRy.jpg"
2266,1540,"S","thumb_384_1153NhRPZgGY2qTB0y8iWKyD.jpg"
2267,1540,"S","thumb_384_1500sMYzmlbj3AZzeMpOV0Ho.jpg"
2268,1540,"S","thumb_384_0000mQ0G6nfzMm3s3luFXIpZ.jpg"
2269,1541,"M","thumb_720_5902994wtFszN6q3PikcSqKk.jpg"
2270,1541,"S","thumb_384_284225hhBwm0Ui8ehZlN8N75.jpg"
2271,1541,"S","thumb_384_4011U9Yf0CH0gW8MkNwQI5Ky.jpg"
2272,1541,"S","thumb_384_0926hwPrpAmKZT0ewoopKA3l.jpg"
2273,1542,"M","thumb_720_8378p3WpS5Ek6ikiJJ5HTQcf.jpg"
2274,1542,"S","thumb_384_5872Ti4cbL0VfjFptBtiec38.jpg"
2275,1542,"S","thumb_384_6192H2VNvZL834A4YEyRc6hi.jpg"
2276,1542,"S","thumb_384_6608WzekiIS1LgBhZYK22YMV.jpg"
2277,1545,"M","thumb_720_6979Ox4y4Hz57YILDg4OAqoJ.jpg"
2278,1545,"S","thumb_384_6289nscUOAxf9mHPdPJ2ulVb.jpg"
2279,1545,"S","thumb_384_1703yi0HtRfr82K62JdrGu6t.jpg"
2280,1545,"S","thumb_384_09077Xd4R3sUXd6kxUkfUKhf.jpg"
2281,1547,"M","thumb_720_8558Fc07KhXv9rFhlXDb4mOd.jpg"
2282,1547,"S","thumb_384_37550iekm6PgiLW5nM9KCjBs.jpg"
2283,1547,"S","thumb_384_7525QaxmlSTMN877SAPnzW1f.jpg"
2284,1547,"S","thumb_384_3991ktPpUL0VJo2Lz8U4Rcsg.jpg"
2285,1548,"M","noimg.jpg"
2286,1551,"M","thumb_720_09370Kb2ZwGbD3RfsDE3bAHu.jpg"
2287,1551,"S","thumb_384_5388JiB7zvMaUftjTMwY8w7D.jpg"
2288,1551,"S","thumb_384_2331ZKMFXNX67VJgacQX5FdD.jpg"
2289,1551,"S","thumb_384_6535nCKpHWymaxTjtm5WLX0Z.jpg"
2290,1554,"M","thumb_720_8981n9bwSVY1jzbVQ2vgubtw.jpg"
2291,1554,"S","thumb_384_0140LcAUNY7em19BKU5KEwDu.jpg"
2292,1554,"S","thumb_384_15529GIB9PG1mC5K6WDDrxYp.jpg"
2293,1554,"S","thumb_384_6143AJBjhE53Zz5c1Wh7wr7h.jpg"
2294,1556,"M","thumb_720_7479qjP3RJmTeuTs9w9CZEjJ.jpg"
2295,1556,"S","thumb_384_0169mIxpOaTv8GOtuebY5gyZ.jpg"
2296,1556,"S","thumb_384_7583fLXXKk7I0uEXO1LJ8eEP.jpg"
2297,1556,"S","thumb_384_75525ePNnekouFgz0sIfxCNT.jpg"
2298,1557,"M","thumb_720_46493VZGI7qo3eeUnOJfDxRo.jpg"
2299,1557,"S","thumb_384_84471lGewlckz2thyznzzpfB.jpg"
2300,1557,"S","thumb_384_0826hBinJ1GOKAZnLOSdi0sr.jpg"
2301,1557,"S","thumb_384_5221R7rRN30w1JTzjSD9oB1A.jpg"
2302,1562,"M","thumb_720_28734fuJLfhPM4ds5Z1hIGmb.jpg"
2303,1562,"S","thumb_384_76719n1kIdxaDm8yDjSuScKy.jpg"
2304,1562,"S","thumb_384_33116AoalMPAVH2lp0mfEUyG.jpg"
2305,1562,"S","thumb_384_6202LgrKgnXl4TvqVpqxLbCt.jpg"
2306,1563,"M","thumb_720_9888bEmziHoCK09tI51XieYX.jpg"
2307,1563,"S","thumb_384_8778TXtUad9XbwMWVMjSVOxl.jpg"
2308,1563,"S","thumb_384_7839EvEPzdjGCX2TxTeuy6EL.jpg"
2309,1563,"S","thumb_384_9192sfPBRn4SrNBMm7CMhb0L.jpg"
2310,1569,"M","thumb_720_7967Q5o94M8QX2Eb2mENH44G.jpg"
2311,1569,"S","thumb_384_8753TqlwTwCSsvEMTO0MS8Jy.jpg"
2312,1569,"S","thumb_384_5960iWj1P5asaTHm1xP5PzaK.jpg"
2313,1569,"S","thumb_384_381082bAMnZTOWJZtMwbk3op.jpg"
2314,1570,"M","thumb_720_2211jPDsPstbwjg6rQYnNlPD.jpg"
2315,1570,"S","thumb_384_82114A6C5N9FBvfI68j0YmEU.jpg"
2316,1570,"S","thumb_384_8328yN3NrjzGcb8RqP9nj10l.jpg"
2317,1570,"S","thumb_384_2440USPH9ilXBMZn9R8VU0ad.jpg"
2318,1572,"M","thumb_720_5865AGEsFfnpb1qGhvmSHFd7.jpg"
2319,1572,"S","thumb_384_5702a1nbyaiz77fY99Z3QYg6.jpg"
2320,1572,"S","thumb_384_9372HoWSrskp31S4TuVo3PAX.jpg"
2321,1572,"S","thumb_384_3381gw1OX3mv10adJ9iuBcUV.jpg"
2322,1573,"M","thumb_720_0270up16ESgN3Tc2aY05shjh.jpg"
2323,1573,"S","thumb_384_0248D7SCm7dPlVxJZQ6Qbm1V.jpg"
2324,1573,"S","thumb_384_5681A6Hszaj49pmz9IYrsbYK.jpg"
2325,1573,"S","thumb_384_6790eqs0tMbIF0JbOB5HVIeM.jpg"
2326,1575,"M","thumb_720_0714kkJ7dmlEQ5lEcFPIxc4y.jpg"
2327,1575,"S","thumb_384_9334dFBWBiFg1oWwAtCWBfWE.jpg"
2328,1575,"S","thumb_384_00792ymlNvLjFjvf315IzkBS.jpg"
2329,1575,"S","thumb_384_46704wzEaPGN9P7kId6VLyqt.jpg"
2330,1580,"M","thumb_720_8130RX1mPy0UGfivX7bQVb3w.jpg"
2331,1580,"S","thumb_384_41969n4Mk6eshZ4SyBH17YWJ.jpg"
2332,1580,"S","thumb_384_44543qOontxMDzyj4nRWcJd8.jpg"
2333,1580,"S","thumb_384_0334aNY2pGf2kGU8o15k934H.jpg"
2334,1581,"M","thumb_720_1444rmsHGK1z1ruxW559NRIT.jpg"
2335,1581,"S","thumb_384_7436MzM6YgHt7kfaMsb481cR.jpg"
2336,1581,"S","thumb_384_7873HcZ9zAFGvRtkSZR8rZJw.jpg"
2337,1581,"S","thumb_384_1063D3GE7gnfmeex33sSdH8G.jpg"
2338,1582,"M","thumb_720_1084v4Kuwgiv8Mg89QzlUYeG.jpg"
2339,1582,"S","thumb_384_2922mJzQP5BIEAyAKIuKxJ5d.jpg"
2340,1582,"S","thumb_384_4974N1psB3qy74NerTKcFCDD.jpg"
2341,1582,"S","thumb_384_4705wbj452DyuibA2LYhMgdR.jpg"
2342,1585,"M","thumb_720_0767PmqSULIXrTzYCJUFhUDi.jpg"
2343,1585,"S","thumb_384_8016mpKlX39LD5X0VE6B9ZTq.jpg"
2344,1585,"S","thumb_384_2830PQ7HjdN6JJYtEwaPEJyl.jpg"
2345,1585,"S","thumb_384_8417kXXKuEO9T71HNgLmecsj.jpg"
2346,1586,"M","noimg.jpg"
2347,1587,"M","thumb_720_4261MsLIo1nbcA6mrnVcCsSp.jpg"
2348,1587,"S","thumb_384_5102RdY2LMo65T2vMjiJdyco.jpg"
2349,1587,"S","thumb_384_71540sQYMley6YwJkrKo704C.jpg"
2350,1587,"S","thumb_384_1878Eq4v1XHssTZC80tW6xhC.jpg"
2351,1592,"M","thumb_720_4415nf41Pparaj7QIgEXVxhf.jpg"
2352,1592,"S","thumb_384_0215yZ6xkDuQv1pX13iyeCrY.jpg"
2353,1592,"S","thumb_384_14110wFxmVSu0vHw5UryPXAx.jpg"
2354,1592,"S","thumb_384_1631qUgQq6HRFlq8eQ7jdP6S.jpg"
2355,1596,"M","noimg.jpg"
2356,1601,"M","thumb_720_8911lowhx24u5bD0ECfCy8wC.jpg"
2357,1601,"S","thumb_384_6147R5fs2zFzJZUHlBm2fIHQ.jpg"
2358,1601,"S","thumb_384_46946M50AznNlO5IylqJntUU.jpg"
2359,1601,"S","thumb_384_7916LJd9lzkkXNJEQDtgAzvF.jpg"
2360,1605,"M","thumb_720_9980CwpCiQdbfTd5dqzfMCCQ.jpg"
2361,1605,"S","thumb_384_2181jZr3ophCJ0hJQ3fhtgvd.jpg"
2362,1605,"S","thumb_384_3726fadveHMIhbl1L8lukRY5.jpg"
2363,1605,"S","thumb_384_9837tCoetIvLPZf5ukvWGrR9.jpg"
2364,1606,"M","thumb_720_67866BxKpNoAfuistrgmfE9U.jpg"
2365,1606,"S","thumb_384_1946GWjslL0uYxF8FIuOkSQj.jpg"
2366,1606,"S","thumb_384_8460OyZQ65dyvdT3SpV4JcbD.jpg"
2367,1606,"S","thumb_384_19834PNynXJs64J26IA0t6zF.jpg"
2368,1607,"M","noimg.jpg"
2369,1610,"M","thumb_720_6816CZfp2WgTq0WZvPZEGLYA.jpg"
2370,1610,"S","thumb_384_5810028PoQh1I37jDDdYdTbh.jpg"
2371,1610,"S","thumb_384_1670hrYcUAJtVwxUQGzvtqe2.jpg"
2372,1610,"S","thumb_384_7355ERRzcRXmH2w96MCnN4Mk.jpg"
2373,1611,"M","thumb_720_221143Mi7lrY7tfA5W1VBL5I.png"
2374,1611,"S","thumb_384_6210xs5WdYwk9uuFvzCoAFd6.jpg"
2375,1611,"S","thumb_384_6667M7n2rjZpMvlZfJHi9OK2.png"
2376,1611,"S","thumb_384_6505E4b6RadfB2VuJuIrMHhy.png"
2377,1617,"M","thumb_720_6788jbyBl46qXNAGxOuNzRA6.jpg"
2378,1617,"S","thumb_384_6335zVhnP5ooPw92ZuSK8WhV.jpg"
2379,1617,"S","thumb_384_5544XxX5NfuBxjHUKUO3FHoJ.jpg"
2380,1621,"M","noimg.jpg"
2381,1622,"M","noimg.jpg"
2382,1626,"M","thumb_720_9703x5BfZ0y5SQWtXwXgZKDO.png"
2383,1627,"M","thumb_720_91199cb63a7JvZ8ry59V5j4Q.jpg"
2384,1627,"S","thumb_384_1469DYCfYkD1ALOXpJoG4cTP.jpg"
2385,1627,"S","thumb_384_2169ASRCHaCET18cYo6FcURm.jpg"
2386,1627,"S","thumb_384_5058V3vB2IEn4y9yVUbgc9HL.jpg"
2387,1628,"M","thumb_720_5275fN4RU0Uy8HIgRrGQkNsC.jpg"
2388,1628,"S","thumb_384_3019KoX6M5gM1Dcdhi7WaeMr.jpg"
2389,1628,"S","thumb_384_2743Q4P2lXl1q5m6xOoeOX4t.jpg"
2390,1628,"S","thumb_384_3261FjKMaazkUHpqCmxlW2Ht.jpg"
2391,1629,"M","thumb_720_7861JDfzoUPqHvcpjDtejDnc.jpg"
2392,1629,"S","thumb_384_4240xsE2tCgz9zuG3WD3vWNe.jpg"
2393,1629,"S","thumb_384_2583nuq2W4Z24QS8CjpPoR1r.jpg"
2394,1629,"S","thumb_384_5490CZcx4AUuIyDIsMXPE4e6.jpg"
2395,1630,"M","thumb_720_98273XkEEReVQRAXWPq174ll.jpg"
2396,1630,"S","thumb_384_7935KWEp7XEV0LKMHHDVJVzu.jpg"
2397,1630,"S","thumb_384_5061r54mwF1I5EZKXtq3soH4.jpg"
2398,1630,"S","thumb_384_8516UydgZvpdB49Cy1x75paL.jpg"
2399,1631,"M","thumb_720_5786sOnCG6J57QYQ3KGAhatE.jpg"
2400,1631,"S","thumb_384_9714eKnpqcOZgNmYwLf5KiAu.jpg"
2401,1631,"S","thumb_384_1214k3S6YPETUv43ELKdIzhi.jpg"
2402,1631,"S","thumb_384_56489tFYnAyIk8nendbSl2Rg.jpg"
2403,1632,"M","thumb_720_0646QYh77juVuKCqPH3ud047.jpg"
2404,1632,"S","thumb_384_9444yvKIlzom0Yha9KktkOR1.jpg"
2405,1632,"S","thumb_384_2256Zt5ptB5kxj5GLrL1hTd1.jpg"
2406,1632,"S","thumb_384_4098INTBA7r8qoByDCwvBTU2.jpg"
2407,1633,"M","noimg.jpg"
2408,1636,"M","thumb_720_97656YqyzRjjVUrLbzByo8K5.jpg"
2409,1636,"S","thumb_384_5794Yi8QoJ8HZlAtR6X2qgeY.jpg"
2410,1636,"S","thumb_384_3608NFBPyHB87AvzMGKNiyno.jpg"
2411,1636,"S","thumb_384_8628r1icX5JXBNIjcQTgH31D.jpg"
2412,1641,"M","thumb_720_6909QCfKhBim0b85peQV6s40.jpg"
2413,1641,"S","thumb_384_5068yxiqNNvJXPZJtg64Aut8.jpg"
2414,1641,"S","thumb_384_1649uivkGkmsR6fZKpkt26UU.jpg"
2415,1641,"S","thumb_384_1642yTLkt3kL7QQbwEJdaTUX.jpg"
2416,1643,"M","thumb_720_68672BQlbFvdogRJklhPhBw4.jpg"
2417,1643,"S","thumb_384_2706kE0wcQSplFhZLGEvwtea.jpg"
2418,1643,"S","thumb_384_4869BO3ev0H2viTWwJojWcyo.jpg"
2419,1643,"S","thumb_384_5322whg2lA4r1rb8qB9VFqlY.jpg"
2420,1647,"M","thumb_720_6084PbMSVvpQGwOxis9LuOwr.jpg"
2421,1647,"S","thumb_384_9907xNHO8IQujqax4rGVGEkm.jpg"
2422,1647,"S","thumb_384_4384rploxzjGGNBiwAmqYXYF.jpg"
2423,1647,"S","thumb_384_5349hOaSfYzidPxqjjssCaLs.jpg"
2424,1648,"M","thumb_720_7815pEH3uxprDqPNYJ4oBLHZ.jpg"
2425,1648,"S","thumb_384_79350hz1EWZkQ2EssySIA8Qa.jpg"
2426,1648,"S","thumb_384_5266xMfGrpFiA4Je2kXJFTLz.jpg"
2427,1648,"S","thumb_384_1469jY8tNtFWmnn3XW1k7rnW.jpg"
2428,1649,"M","thumb_720_0636FeSmX85RoG8dw0gFTHkS.jpg"
2429,1649,"S","thumb_384_28576rpjkqAdnLJP827M6jpt.jpg"
2430,1649,"S","thumb_384_8796f78pKgV0YypNhpyUy39r.jpg"
2431,1649,"S","thumb_384_1602p7tG2kqey7EGLSOdOPnY.jpg"
2432,1653,"M","thumb_720_6952P1GpezMpKMLY3Y66knAC.jpg"
2433,1653,"S","thumb_384_9357eGLg0P59nXqjWh1Gtz0W.jpg"
2434,1653,"S","thumb_384_8153arQXaxOWmzUcU1ZquwNw.jpg"
2435,1653,"S","thumb_384_6816mBRhokT8PZaMU4xO1LJO.jpg"
2436,1654,"M","thumb_720_4865YBpf7Uu5nebm7FUpuIeW.jpg"
2437,1654,"S","thumb_384_3891QFUyreseWAtLW2eGpx4Q.jpg"
2438,1654,"S","thumb_384_256803swmQHXRS83oSwbktWj.jpg"
2439,1654,"S","thumb_384_2120o7VLQz960LjpBY2s1Il6.jpg"
2440,1655,"M","thumb_720_4923cXjIy9f1rRZtWGRwTxoN.jpg"
2441,1655,"S","thumb_384_0361C2LoQJstSOaBwtfpH4VU.jpg"
2442,1655,"S","thumb_384_3253h7KCtKR34kHGTY7uyCoH.jpg"
2443,1655,"S","thumb_384_3206zUGhaUKPEGbhR8xPrIYB.jpg"
2444,1657,"M","thumb_720_1891PkjJjmxgMVH4yyO1B8Id.jpg"
2445,1660,"M","thumb_720_4871F07NUEorvQuyyTyon8z8.jpg"
2446,1660,"S","thumb_384_3129J0ApXKWbeSFyb3zRXXqe.jpg"
2447,1660,"S","thumb_384_5008sHzkGgwGNOWdaJvDti6q.jpg"
2448,1660,"S","thumb_384_8474ouoyW9vKlkwwtU24uPiw.jpg"
2449,1662,"M","noimg.jpg"
2450,1665,"M","thumb_720_34294jFBTsM2V11JQluOhPwj.jpg"
2451,1665,"S","thumb_384_67528e8EeFV2mjUUyAgXWjJt.jpg"
2452,1665,"S","thumb_384_2055wfrZDZyRsQyjn9glT7Iy.jpg"
2453,1665,"S","thumb_384_9027ZiCUTID1N7l0KuGC1hQE.jpg"
2454,1666,"M","thumb_720_5591sOcQzHHYyO8HfYub3SYj.jpg"
2455,1666,"S","thumb_384_5448E0zM9SJjBeZdf3FXlNxH.jpg"
2456,1666,"S","thumb_384_93651WVDgUfyamtLYQ2sYLmB.jpg"
2457,1666,"S","thumb_384_0577XGhguegApzwJIuHycHrY.jpg"
2458,1667,"M","thumb_720_7234dcTVxbi9Qz6fbaEdaJYD.jpg"
2459,1667,"S","thumb_384_5082x74mRofEBei2K4feZyRY.jpg"
2460,1667,"S","thumb_384_9318YJUJXitwrn7jmzURsPMN.jpg"
2461,1667,"S","thumb_384_0691Dd2Cg56li1ERgHlCEoTT.jpg"
2462,1668,"M","thumb_720_27512vmnHwDOlFSLTpUg03fZ.jpg"
2463,1668,"S","thumb_384_0424n9VSRLqerZhiHV0U35mD.jpg"
2464,1668,"S","thumb_384_34972B0o3OYwsTes88RUY8dX.jpg"
2465,1668,"S","thumb_384_7645wJVC5NRx1zcYUtYQyfFq.jpg"
2466,1670,"M","thumb_720_1453TwrZhld9AA6yXHA1c6S6.jpg"
2467,1670,"S","thumb_384_26572HSSJe6G8ckjtNDh23eY.jpg"
2468,1670,"S","thumb_384_6522rWZ2fGd6vTWdBHM1zISE.jpg"
2469,1670,"S","thumb_384_4936lvhLxRezezi1A7BzaDuG.jpg"
2470,1672,"M","thumb_720_0222lfqrtpoqbj6eIoBi5rnM.jpg"
2471,1672,"S","thumb_384_4033hjVGFwlpUPi3wxSuNBsI.jpg"
2472,1672,"S","thumb_384_3871AX0NNxO3p3USFviFYpyN.jpg"
2473,1672,"S","thumb_384_5015OaoSlLpNpcVJwLclNTg4.jpg"
2474,1674,"M","thumb_720_7153N1QEMT1kxqI5UkDUMnzj.jpg"
2475,1674,"S","thumb_384_4373rl8nMQnMoKvrAzuwNybX.jpg"
2476,1674,"S","thumb_384_64040HIjlpyj9Ml7DbVlpnAr.jpg"
2477,1674,"S","thumb_384_1766s5C63k7zO9WoXN6E2aFR.jpg"
2478,1676,"M","thumb_720_5894gg6dzEaXoVLImUwj4ZFF.jpg"
2479,1676,"S","thumb_384_5644GgR4UUbzWXBNY74yGzRK.jpg"
2480,1676,"S","thumb_384_54218GmSnf3aqrk0omEPybyg.jpg"
2481,1676,"S","thumb_384_6796kmfxus48SCuBQ4GOYKCS.jpg"
2482,1678,"M","thumb_720_9977fe83ht6xF0q7wXRhTfDD.jpg"
2483,1678,"S","thumb_384_226538OlS0jg0EEpUtNTh8B9.jpg"
2484,1678,"S","thumb_384_84683d7UjjICEhTTteOnf59C.jpg"
2485,1678,"S","thumb_384_5229nCv5Xp2vw8XN2BLa3eas.jpg"
2486,1681,"M","thumb_720_2011AfkxXaga1Ylw2jOxmnDJ.jpg"
2487,1681,"S","thumb_384_9773Hx1ouzeGEIgXrnDHXLSW.jpg"
2488,1681,"S","thumb_384_9131xMSibPmKaqLYiD1qsqFp.jpg"
2489,1681,"S","thumb_384_5191cmmgDKGpAowy81Kkn6zg.jpg"
2490,1682,"M","thumb_720_7181lmM9CC3D5zESwBA7Smz6.jpg"
2491,1682,"S","thumb_384_5847z1pgs1bNJ1NtathIeG39.jpg"
2492,1682,"S","thumb_384_74360KffbaUK7tNkYtcTgEYd.jpg"
2493,1682,"S","thumb_384_2991MgQaJHoaM9qUot2Gjs2i.jpg"
2494,1684,"M","thumb_720_1914LXwazIFgXYqoWd5rDrIL.jpg"
2495,1684,"S","thumb_384_0188YkyDEac8lNtWRuom8SUH.jpg"
2496,1684,"S","thumb_384_4678UJgdIU4iV8erwSZBf4y7.jpg"
2497,1684,"S","thumb_384_8521drO4fIFq3y9HWK0T6fmZ.jpg"
2498,1685,"M","thumb_720_9336oLL3aOSnpqKJvSrh6lLV.jpg"
2499,1685,"S","thumb_384_8187NjmccJHHyjxKjwUfbmJP.jpg"
2500,1685,"S","thumb_384_2087SrU7fE3Ixhxdxko0beM0.jpg"
2501,1685,"S","thumb_384_5578nmwf2ZkJ7hmWxnT4jCMg.jpg"
2502,1686,"M","thumb_720_7302ikangibfbnQdcgh7hnOW.jpg"
2503,1686,"S","thumb_384_1373Ba3QwURcs5xID9S1tZ7I.jpg"
2504,1686,"S","thumb_384_4699f4udyy2ssvQgMvJj0h0a.jpg"
2505,1686,"S","thumb_384_61136yaz0uVwcXZWNcrnn49S.jpg"
2506,1689,"M","thumb_720_163744YRA4ijcc6bV2HOohao.jpg"
2507,1689,"S","thumb_384_7795eFlCslALrc8lLo1RNAPe.jpg"
2508,1689,"S","thumb_384_7127XBKKVBh2zuLZuB09SDPI.jpg"
2509,1689,"S","thumb_384_0111OC3IbT6OZOfcryjwibw3.jpg"
2510,1692,"M","thumb_720_3350aIS6DRXgydoPiLcrSThY.jpg"
2511,1692,"S","thumb_384_9457IVYTXQ68eTpLu7v8VTfB.jpg"
2512,1692,"S","thumb_384_63663a47ym8xMw6Rc4sSQEyS.jpg"
2513,1692,"S","thumb_384_73069JNEhZNj5h4OfMygSFTr.jpg"
2514,1693,"M","noimg.jpg"
2515,1696,"M","thumb_720_90118cOwYbqsNjUws6z00nq8.jpg"
2516,1696,"S","thumb_384_1725DftNB7WI424naLzt1FOu.jpg"
2517,1696,"S","thumb_384_4956AUekeOC7RTaes9PChAvM.jpg"
2518,1696,"S","thumb_384_1598PhOouE3gqaAKiUHvlerx.jpg"
2519,1698,"M","thumb_720_8197cJWYkGPA86trO4nb0Osx.jpg"
2520,1698,"S","thumb_384_0868y3a8fr6CfCVbEOXQQhOY.jpg"
2521,1698,"S","thumb_384_0855jjSvHsHWpxYiWodfLPE6.jpg"
2522,1698,"S","thumb_384_1938eIDQdFrdQ4B4coE0dT16.jpg"
2523,1701,"M","thumb_720_2193z7FghvNeQjbh8UNmv09V.jpg"
2524,1701,"S","thumb_384_2125ajTlcgLyTkDbRinzwL8j.jpg"
2525,1701,"S","thumb_384_9892jCUITqJ5cagDJTExaf6i.jpg"
2526,1701,"S","thumb_384_7347XUJ6mW1lXnq0oVTs8ZJY.jpg"
2527,1703,"M","thumb_720_3081XMemrzFgNmv1sqUbZ3IR.jpg"
2528,1703,"S","thumb_384_22024z3UMYlz6t3t2ka2NkRj.jpg"
2529,1703,"S","thumb_384_507417Dd102O6QnVyddE3UvN.jpg"
2530,1703,"S","thumb_384_2531nOoO0K50ZlepgBVZLTUM.jpg"
2531,1704,"M","thumb_720_93841SjORauyb5ipB9SOhPBz.jpg"
2532,1704,"S","thumb_384_1776ebnjVOnfKkh6uqjb5EMs.jpg"
2533,1704,"S","thumb_384_1928b7GxQ1ZfPlRppfeerD2V.jpg"
2534,1704,"S","thumb_384_3604DEfvtUeNAfpNMPL63P10.jpg"
2535,1705,"M","noimg.jpg"
2536,1706,"M","thumb_720_1340aquZAoVPXFnz30DKoKPH.jpg"
2537,1706,"S","thumb_384_4962MAKk7r3sc471NVf2yc6X.jpg"
2538,1706,"S","thumb_384_5576k6wIKdTpQVlL0miUiC6M.jpg"
2539,1706,"S","thumb_384_3178FQeS3pszjdOobLVpOyMI.jpg"
2540,1707,"M","thumb_720_8822gv2HwR3W2ZQM1juwlGYo.jpg"
2541,1707,"S","thumb_384_76468pHf18asDoLMLCVTUHLO.jpg"
2542,1707,"S","thumb_384_8635CUMKufMTNd4IzFw2wm3x.jpg"
2543,1707,"S","thumb_384_7601EkZc3ZQVGzkiyiuS5W8x.jpg"
2544,1709,"M","thumb_720_5129KCZnHRvbIXFb26d4xePR.jpg"
2545,1709,"S","thumb_384_7580UuLt2kmw6YSq6BzlH9Z2.jpg"
2546,1709,"S","thumb_384_2632WqmRJ1pEqD9dDhyWAjOV.jpg"
2547,1709,"S","thumb_384_2144sNeWfvmJsCaxg8h2eXBY.jpg"
2548,1710,"M","thumb_720_5474l0cQ8bj4FT3hdX9qOZqN.jpg"
2549,1710,"S","thumb_384_4684jEIGdkKNCEGctfsXa6gq.jpg"
2550,1710,"S","thumb_384_9393VbUgjojs1a4RltddlZ08.jpg"
2551,1710,"S","thumb_384_9971Ad9ebuB2LRoCq5957h4s.jpg"
2552,1711,"M","thumb_720_6340LJMzXWWghPxvdoOcny0p.jpg"
2553,1711,"S","thumb_384_1646VrjKQy2k5EYvHggr46ve.jpg"
2554,1711,"S","thumb_384_5173ZphF5yTwhDjFX4KBIUax.jpg"
2555,1711,"S","thumb_384_0589tvCB3aJWTMyL8iaVYxmC.jpg"
2556,1715,"M","thumb_720_08167PRrRb42rYyWZgDHwZJZ.jpg"
2557,1715,"S","thumb_384_7780nNl3g1h6cyjU77w83rEu.jpg"
2558,1715,"S","thumb_384_4264BAtTwpiSMmeybr0VyNun.jpg"
2559,1715,"S","thumb_384_0395syMLn9sDp7BHs09i8eVD.jpg"
2560,1717,"M","thumb_720_0801S2U9bTxwtFVpdTQrCmtV.jpg"
2561,1717,"S","thumb_384_4280uffIFaxmSKxImMJIKuqP.jpg"
2562,1717,"S","thumb_384_61105ZisXLnmu1K48StGAbOz.jpg"
2563,1717,"S","thumb_384_8270FF68VHysHtDgb1Mtxdo4.jpg"
2564,1718,"M","thumb_720_9820jo28WPtP3VmEzKzYXKVn.jpg"
2565,1718,"S","thumb_384_9905cVE6U7NWL4zNwWcXgeEe.jpg"
2566,1718,"S","thumb_384_5778sdzxjrylECvjO0Yu3uOv.jpg"
2567,1718,"S","thumb_384_51402HsC3zrm9wXV2DyNQHr8.jpg"
2568,1719,"M","noimg.jpg"
2569,1721,"M","thumb_720_5247qw23cdkpbTvAjNrYmedc.jpg"
2570,1721,"S","thumb_384_24428cyfNCZnrdBO4lpUDxpN.jpg"
2571,1721,"S","thumb_384_73417KEBJJJ5TbPo0OUm7JGr.jpg"
2572,1721,"S","thumb_384_8854fTTeHogLyhz9krXVXGsz.jpg"
2573,1734,"M","thumb_720_0421NFd3d15OivV94qvKKzfO.jpg"
2574,1734,"S","thumb_384_1010AcRENUHhS0z0GefX6NUP.jpg"
2575,1734,"S","thumb_384_26590OnVhTp1NxnpUCMpIZlm.jpg"
2576,1734,"S","thumb_384_6265J4cagei02eEq5kmy1l2s.jpg"
2577,1735,"M","noimg.jpg"
2578,1736,"M","noimg.jpg"
2579,1738,"M","thumb_720_1298Orr698q4LLBtqEABjDax.jpg"
2580,1738,"S","thumb_384_32639iZwghA7KFfiHAaatsQk.jpg"
2581,1738,"S","thumb_384_6674PFGp9L0Du4OsbQp1hFlT.jpg"
2582,1738,"S","thumb_384_2014bKI9pXgq6FmaWhdIuVyN.jpg"
2583,1740,"M","thumb_720_1674sWqQyafsMdDdjT9XafeY.jpg"
2584,1740,"S","thumb_384_3340tiOL6zom1fyuPntvU3d7.jpg"
2585,1740,"S","thumb_384_6993jjhZVBEjzdCZBEYjS8La.jpg"
2586,1740,"S","thumb_384_4828Sg685IzKvUV4XJ5ZZZsu.jpg"
2587,1741,"M","thumb_720_3774nFzpJnC6Z4hLOZWV0kUT.jpg"
2588,1741,"S","thumb_384_3225guYgZqEUMuurlzFX1dZW.jpg"
2589,1741,"S","thumb_384_5053ZJoopsqUIxbOJ73DigQi.jpg"
2590,1741,"S","thumb_384_57463Pozx9lFAL8HklTCLDqT.jpg"
2591,1742,"M","thumb_720_5512zndICaqjFUw26ykgN4Ya.jpg"
2592,1742,"S","thumb_384_7582492e2bQK3kAUqDLIuC5F.jpg"
2593,1742,"S","thumb_384_3502dz5HXzgtdIZlipaIFBhp.jpg"
2594,1742,"S","thumb_384_1556ojTrUcePfLzVRS2C9Lg6.jpg"
2595,1744,"M","thumb_720_3722PDQLsEjIXgmWmoQqX1M0.jpg"
2596,1744,"S","thumb_384_9294OjlckT53mJoPJwBF0kRa.jpg"
2597,1744,"S","thumb_384_62427ehcbw0lhlMC9LjUCIf6.jpg"
2598,1744,"S","thumb_384_90745n4FJ5kthmGuBgRdc3wE.jpg"
2599,1746,"M","thumb_720_2854VNOmP0dAHSH4iN5s89ys.jpg"
2600,1746,"S","thumb_384_7219nhTKY1vJIVuT3peWegaJ.jpg"
2601,1746,"S","thumb_384_8479MOMpmBsuMQPfhEeDqZRu.jpg"
2602,1746,"S","thumb_384_6207twzIlVhmbXHG1ZiP58Xw.jpg"
2603,1749,"M","thumb_720_9359hPzFRJYvcoFQzY7GkGwV.jpg"
2604,1749,"S","thumb_384_1571JckHDFF9jPVqmjMTaolJ.jpg"
2605,1749,"S","thumb_384_8296xjt9yhhlDtNJyrquGWZD.jpg"
2606,1749,"S","thumb_384_00204azELHpYrzEw3boKjtoM.jpg"
2607,1750,"M","thumb_720_8140iS5A8zLLRDCaeh4D3Ai5.jpg"
2608,1750,"S","thumb_384_3877FiIsX8fR88r5Vm9kbUrm.jpg"
2609,1750,"S","thumb_384_6955V09bpxHLIFcVahrQRSkv.jpg"
2610,1750,"S","thumb_384_3636xbMoXw6fyfHhG91Vvggh.jpg"
2611,1755,"M","thumb_720_0438FzGWpiw9Ayo02rXkSTmy.jpg"
2612,1755,"S","thumb_384_8321dzaMDqz5bFeSWvzbzkXk.jpg"
2613,1755,"S","thumb_384_0650LfezLEZaONGqukBzn8jO.jpg"
2614,1755,"S","thumb_384_3027gxtR7aZMBrVm2Gr0UQIj.jpg"
2615,1756,"M","thumb_720_9240M3xB0UHwguuNhHcTchPN.jpg"
2616,1756,"S","thumb_384_8556iyUdHWXSETYMJlordd2A.jpg"
2617,1756,"S","thumb_384_5687afRtmxRKh2Il3HJ9jVsK.jpg"
2618,1756,"S","thumb_384_7490bOArVV6tVE1iYxQBbkEP.jpg"
2619,1757,"M","thumb_720_6027xSFtfAzRpToRwfE4wLNY.jpg"
2620,1757,"S","thumb_384_7892C9WszcHA9zaPhwKeBzW8.jpg"
2621,1757,"S","thumb_384_1438CFqv2uFQfJ1t5OktigJm.jpg"
2622,1757,"S","thumb_384_2581wzGRTzy726qtvspb3CIR.jpg"
2623,1759,"M","thumb_720_2585T80Ftpfdps6AL33ncirj.jpg"
2624,1759,"S","thumb_384_6950hFJLw42Vm0pIM6gkb4x9.jpg"
2625,1759,"S","thumb_384_4533ijTCAbXdZ5ayxhPsudbM.jpg"
2626,1759,"S","thumb_384_9918mIhooq7FiYZbqjjnDw05.jpg"
2627,1761,"M","thumb_720_8347icBx36mQ8AqARVM3fEw8.jpg"
2628,1761,"S","thumb_384_5365FThHeEvowwMFNBGigQZG.jpg"
2629,1761,"S","thumb_384_5992eqwZ4Iwhr10RiGOOtK1E.jpg"
2630,1761,"S","thumb_384_9746goPJPaKoh6TPa5bY8zK7.jpg"
2631,1763,"M","thumb_720_4218A6wYh3zzVuGB6h0LQBZN.jpg"
2632,1763,"S","thumb_384_2579TChvStMmjcQRHDcdoHfA.jpg"
2633,1763,"S","thumb_384_1718htYSTpgO3zoul8SD0ZD1.jpg"
2634,1763,"S","thumb_384_2704QDe0EHgYlEJA3xgEd21R.jpg"
2635,1769,"M","thumb_720_89576p6gtJPUpKXvihD0ilcA.jpg"
2636,1769,"S","thumb_384_7148Tb1j5L6dEzrHLlA5RbHH.jpg"
2637,1769,"S","thumb_384_4986X4Rw5zHU2LyJuNPt22S7.jpg"
2638,1769,"S","thumb_384_7280RVv5nWIEnbHGrWAbpk5u.jpg"
2639,1770,"M","noimg.jpg"
2640,1771,"M","thumb_720_2780Ybt3uBzCa8tlK3RcC6Uv.jpg"
2641,1771,"S","thumb_384_5996A3XpIWaqAVu3IzK1G2gX.jpg"
2642,1771,"S","thumb_384_6098jz0DPmkpazSh65Nt36PV.jpg"
2643,1771,"S","thumb_384_0945ZZ3Xwf84QkQp7Q2KnJHd.jpg"
2644,1773,"M","thumb_720_8273gI3eT3B3SY65bHQPOrU9.jpg"
2645,1773,"S","thumb_384_5411cjajwIguZnd7LEmmwPSP.jpg"
2646,1773,"S","thumb_384_8094GEnsxiGJ9alYqDlFyyvM.jpg"
2647,1773,"S","thumb_384_5435lqB2R6cy2Xtn27sxjDJY.jpg"
2648,1774,"M","thumb_720_7694y6nJDpsAQWDiv7r7X0FF.jpg"
2649,1774,"S","thumb_384_0494JJHn8Cu4s5gAnTFYNUel.jpg"
2650,1774,"S","thumb_384_7017GHszVYIVEjQIb4WTsrjH.jpg"
2651,1774,"S","thumb_384_1869fucw5USuJVP5tWQqcbeR.jpg"
2652,1776,"M","thumb_720_7922zTbLn3nQp8qLRrnUilVU.jpg"
2653,1776,"S","thumb_384_5279UH8MOjvavzyufngnft1L.jpg"
2654,1776,"S","thumb_384_2144aouSuIP9conBJJtCtQup.jpg"
2655,1776,"S","thumb_384_0380BTNC8wbwtxgWpB5PdIXD.jpg"
2656,1782,"M","thumb_720_5830YITR5NocjPmlOlFCdHAH.jpg"
2657,1782,"S","thumb_384_0071NyF1KOKpkuleKkCZfhjG.jpg"
2658,1782,"S","thumb_384_8534O7DxRkc1K3NtUOoyMGBk.jpg"
2659,1782,"S","thumb_384_5628n2xoLprQTcP6sA24J7kk.jpg"
2660,1785,"M","thumb_720_7296g2126hkLzXrG6t7Wvn54.jpg"
2661,1785,"S","thumb_384_4198vwWkA6nlJck525MIdd4u.jpg"
2662,1785,"S","thumb_384_2026cy8b01gAwD1MXKdbiRCc.jpg"
2663,1785,"S","thumb_384_7729iiMEHG2W2690GjbrFyb9.jpg"
2664,1786,"M","thumb_720_2304eSrCOKsbzKAOy0uCgTTl.jpg"
2665,1786,"S","thumb_384_6196HiOGw5G6kkEAePTT8mTc.jpg"
2666,1786,"S","thumb_384_25612IUtAdZCFLVcppWtSF2c.jpg"
2667,1786,"S","thumb_384_8813u7cxoNqkGzpJmOdS1R4Z.jpg"
2668,1788,"M","thumb_720_4129H74LXe8M5xo7RsD6MQq2.jpg"
2669,1788,"S","thumb_384_0343f9Sww21aOw1qFFBIS708.jpg"
2670,1788,"S","thumb_384_0506uUkVF90K6xS3sjH1J5ee.jpg"
2671,1788,"S","thumb_384_8797NA5K1snbqVJs3AVvO0A6.jpg"
2672,1789,"M","thumb_720_7870rh6Seqn742p8T2sLdLf5.jpg"
2673,1793,"M","thumb_720_7854QM8fe0dtxmlHO0akFpsC.jpg"
2674,1793,"S","thumb_384_1638Mj5zg5Il5QUATAuvJC2G.jpg"
2675,1793,"S","thumb_384_16348b2htMln9aCQHuTqSaOs.jpg"
2676,1793,"S","thumb_384_50376nEcgQHeDDi3wkgIhHFO.jpg"
2677,1794,"M","thumb_720_2253e6G4d9ze70ETa3RHcrqO.jpg"
2678,1794,"S","thumb_384_1667Te0nBGjNZFddGwQycjVz.jpg"
2679,1794,"S","thumb_384_5959Yoda0TBuCDybsD7LYYy9.jpg"
2680,1794,"S","thumb_384_964311GXqDcyOpLSlkZQFdq3.jpg"
2681,1796,"M","thumb_720_88038R87oTWlIkUUG4tJtZxx.jpg"
2682,1796,"S","thumb_384_9221g2Jpe5J6UgCieubg5ABy.jpg"
2683,1796,"S","thumb_384_4708uyPPjvwNybnaVGaqcVp3.jpg"
2684,1796,"S","thumb_384_7950pSUSPyHo51sWuXvN9YVv.jpg"
2685,1797,"M","thumb_720_7880RhyBEAql7ZuZfJWTz3lb.jpg"
2686,1797,"S","thumb_384_27473GVHm4OIaFlOtsi9pLQ6.jpg"
2687,1797,"S","thumb_384_8038M8a8bV0QVzxWjYv7JSy7.jpg"
2688,1797,"S","thumb_384_5699SbMMjewmPA7Vw2aG7FiP.jpg"
2689,1802,"M","thumb_720_8270q8dxnxucH6mSo48yFsDm.jpg"
2690,1802,"S","thumb_384_2654ZIlE4DTS5xALZi3XAY18.jpg"
2691,1802,"S","thumb_384_8955ypjbxmyfww0BmC1b5DB3.jpg"
2692,1802,"S","thumb_384_75598tFlEIqJ3Bq7x54ZNbih.jpg"
2693,1803,"M","thumb_720_1043UfqfL3UkbuvcYMWCY1p5.jpg"
2694,1803,"S","thumb_384_0442j4V4iVGL7rMq8hVBaM7T.jpg"
2695,1803,"S","thumb_384_3788dp9A2yYxu73K4h6xKklg.jpg"
2696,1803,"S","thumb_384_10981U4vcFYeizbbC2ETwnwZ.jpg"
2697,1807,"M","thumb_720_96229Q7lsnVO7WE2R2QXcPIj.jpg"
2698,1807,"S","thumb_384_8043c0y7sPOojWA5TiuE7aQI.jpg"
2699,1807,"S","thumb_384_43360aEMiWry2318n5wbrvWC.jpg"
2700,1807,"S","thumb_384_50878e1wKS7Ym0mrihsKNk1o.jpg"
2701,1818,"M","thumb_720_70990ripNahqbM3V5Fpwdl15.jpg"
2702,1818,"S","thumb_384_2093bAqqNUpH97jZEq4UuFAg.jpg"
2703,1818,"S","thumb_384_6976Zv7bppP22SdpEDgMfx49.jpg"
2704,1818,"S","thumb_384_7470CGg6k4n89cGckDVp4r5A.jpg"
2705,1820,"M","thumb_720_6654rVe4Nj1dleBVpZx3zjqW.jpg"
2706,1820,"S","thumb_384_5263hlzgYNPBWBhIVci4PeBY.jpg"
2707,1820,"S","thumb_384_5309ASFWILRb9a8H0oY52VTq.jpg"
2708,1820,"S","thumb_384_0239Jdy5RjfzZOhxEb4jfb0V.jpg"
2709,1825,"M","thumb_720_04134PlcDOSoYbZhx31oh70z.jpg"
2710,1825,"S","thumb_384_18746dC0RU81LFODg0gSlVlU.jpg"
2711,1825,"S","thumb_384_4288xSDgRyWWjhmUHxphGISU.jpg"
2712,1825,"S","thumb_384_2656REaycnegWWr4ZSMayKUA.jpg"
2713,1827,"M","thumb_720_1809JArZWXI52FfT33CL8Hsw.jpg"
2714,1827,"S","thumb_384_1390nVGEN9RE33n34PTzD9qV.jpg"
2715,1827,"S","thumb_384_3844l4WhWrqRnJHigh4Xm1kX.jpg"
2716,1827,"S","thumb_384_2670READGjO0JsnpPiFmBWCl.jpg"
2717,1829,"M","thumb_720_5578uAheabefboB0f7kjYxhP.jpg"
2718,1829,"S","thumb_384_8333r1jPFTkqXlWjHgaSLVOK.jpg"
2719,1829,"S","thumb_384_85410Yqlxp0G5w1xWqjHyCft.jpg"
2720,1829,"S","thumb_384_2023mbdzEjGefegRR8VEM4Ko.jpg"
2721,1830,"M","thumb_720_8956jS2Ly6w7PzuWxaL1ReW2.jpg"
2722,1830,"S","thumb_384_84496Q0JPqwnXiqhu0Z9d1h0.jpg"
2723,1830,"S","thumb_384_7391K4E7rbhfgq6G0Ks4XgY4.jpg"
2724,1830,"S","thumb_384_3760MO7k5bgK1tI165jm2YDA.jpg"
2725,1832,"M","thumb_720_3156e9NwYSXoU6pwr5DGABLx.jpg"
2726,1832,"S","thumb_384_85970GxKRvRCGdirgLnMQ4QG.jpg"
2727,1832,"S","thumb_384_791025MJkJ8AUYZ01lsEO1Lu.jpg"
2728,1832,"S","thumb_384_0729O7LiIjeFCFGb67aQuRfs.jpg"
2729,1833,"M","thumb_720_1739WwtvNnLxmjCEN53Z41G8.jpg"
2730,1833,"S","thumb_384_33215aEB1geQbzinCSIHV4WO.jpg"
2731,1833,"S","thumb_384_2243WA4Xy4VT7ac5vy0R6I0f.jpg"
2732,1833,"S","thumb_384_4163c5K0RHK3eMxjhh1asisP.jpg"
2733,1835,"M","thumb_720_0537181iagb0BQ10QqUVMjR1.jpg"
2734,1835,"S","thumb_384_4405xe4sWXanFqXt70yH6vUu.jpg"
2735,1835,"S","thumb_384_5202pf3HHgMg6SzJaJmG4Ul9.jpg"
2736,1835,"S","thumb_384_6658J2Vx1Pyo0n8Gif9PmFLn.jpg"
2737,1838,"M","thumb_720_6510gRYa0od5LLPzw9G28Et7.jpg"
2738,1838,"S","thumb_384_0961pASfpNI829jZzlWhk9Ap.jpg"
2739,1838,"S","thumb_384_8058cKwZwsBJVM54XmeTmwDU.jpg"
2740,1838,"S","thumb_384_3278APjjyBumUcNDYxMq78pd.jpg"
2741,1842,"M","thumb_720_4651GnzM9wdYoQBrWn7AKYFO.jpg"
2742,1842,"S","thumb_384_54988J1IFEPVZkCX1jn2ErAE.jpg"
2743,1842,"S","thumb_384_5297zZkcXKLcdrs1CEvntn1i.jpg"
2744,1842,"S","thumb_384_5712J5u8MEbIFHXJLPqNNpCP.jpg"
2745,1843,"M","thumb_720_7880HxR35HnJpo6SwQHlvgMB.jpg"
2746,1843,"S","thumb_384_1669whsqf7KaUfecWZXIVSI9.jpg"
2747,1843,"S","thumb_384_89240LYbHlcGpF7U1k2mQfUj.jpg"
2748,1843,"S","thumb_384_5008sK7uiPn7xopT4VfY90Qr.jpg"
2749,1846,"M","thumb_720_32946ck4iQ3YpWSfoJ52KAwj.jpg"
2750,1846,"S","thumb_384_1129AsCEeZxkUplpeAnuXdy0.jpg"
2751,1846,"S","thumb_384_2745OLnezXt7ICCzHeUBIhCN.jpg"
2752,1846,"S","thumb_384_9250204QhOxkeVCirEYQaEtv.jpg"
2753,1849,"M","thumb_720_8755kZH5Ov2UnvpPwAoIl23j.jpg"
2754,1849,"S","thumb_384_0027dpfU2IwFy60MaVuYRx6V.jpg"
2755,1849,"S","thumb_384_7529cyOoy1HCDu1r5s37e0cU.jpg"
2756,1849,"S","thumb_384_8282i5iKu2G2AuoCBJrwzokY.jpg"
2757,1853,"M","thumb_720_4609s32XlswROZzyz3DxEaAL.jpg"
2758,1853,"S","thumb_384_3387MFc4oMB97ezbJiMuL7Hn.jpg"
2759,1854,"M","thumb_720_2006BwiQoqLZIXJLMgpGlNQ0.jpg"
2760,1854,"S","thumb_384_88744iUGLa3tzHGUc3E2dIBH.jpg"
2761,1854,"S","thumb_384_3191l9u4C3qTQyCpZjnhyXBv.jpg"
2762,1854,"S","thumb_384_67008vI0XVJvqGaS31uNWat7.jpg"
2763,1857,"M","thumb_720_5991QUtsBLPsSJzglLPLy6zP.jpg"
2764,1857,"S","thumb_384_8157i8Kmr2XmKxw0sEPcoCNU.jpg"
2765,1857,"S","thumb_384_34209kRdxsRcQt2ncevLeFzt.jpg"
2766,1857,"S","thumb_384_660877zyd7yDtsLKbCiygHUd.jpg"
2767,1868,"M","thumb_720_1807DhT92dMuA6o0Rk2v9tJ4.jpg"
2768,1868,"S","thumb_384_44394X9G2UFRqlRjvE4Mao5p.jpg"
2769,1868,"S","thumb_384_11759Qe87xt3s54ahh6KaxXx.jpg"
2770,1868,"S","thumb_384_9929ilut2yPIJZHWM8mckMli.jpg"
2771,1871,"M","thumb_720_4592IGcWAQ5pBZKe0Bp2WN0Q.jpg"
2772,1871,"S","thumb_384_6056RjvDvkk4PmZXoX5z60fR.jpg"
2773,1871,"S","thumb_384_8657xqUFO4LrDPSs5cYxc8IS.jpg"
2774,1871,"S","thumb_384_3651oxnbz3okGvYqml5RAvQd.jpg"
2775,1875,"M","thumb_720_2996av8wpZgn7Nnb9SEMycz3.jpg"
2776,1875,"S","thumb_384_7120gH1S5xJ7X8ADPbXP03TK.jpg"
2777,1875,"S","thumb_384_3155Z9OWl7GgPazfev0hX3j4.jpg"
2778,1875,"S","thumb_384_1449SxyWpMtNwMC1hIoO5MpC.jpg"
2779,1876,"M","noimg.jpg"
2780,1878,"M","noimg.jpg"
2781,1879,"M","noimg.jpg"
2782,1885,"M","thumb_720_2991DRZUAxXqemaOpKWQIswG.jpg"
2783,1885,"S","thumb_384_5986zqRZA1ctAjs7Nd505qML.jpg"
2784,1885,"S","thumb_384_1179cy1lOm25Jp0T9nPVALwT.jpg"
2785,1885,"S","thumb_384_3340n1Y6QrlrimYqXGIRQvYC.jpg"
2786,1887,"M","thumb_720_81294PReZRqq57iePwgSAn11.jpg"
2787,1887,"S","thumb_384_8197t6f1EMAseM3aYx3vqjAj.jpg"
2788,1887,"S","thumb_384_3409n2mjphwdNvzx11i93GmN.jpg"
2789,1887,"S","thumb_384_40309AkxsRoTEUHCOc1MF4hT.jpg"
2790,1888,"M","thumb_720_0927wmsdtFBtueGKwwYsGXQK.jpg"
2791,1888,"S","thumb_384_4751ZVfruKjmJxmwQCTZ9fUV.jpg"
2792,1888,"S","thumb_384_4875AmXu4Mm3NRr8aDJ2Fgx9.jpg"
2793,1888,"S","thumb_384_9915cCBZr1hI3o6WEOBBymRk.jpg"
2794,1892,"M","thumb_720_6351ainhkpP3QdNsbhMrfoHQ.jpg"
2795,1892,"S","thumb_384_0370BFFkkg8E2rzAYRHH7MFq.jpg"
2796,1892,"S","thumb_384_0449z5cp5ngVwYRol5RRm5sN.jpg"
2797,1892,"S","thumb_384_83577rmi6QdmWEsRBhuHHPeE.jpg"
2798,1893,"M","thumb_720_9849qWdCHa28dat9buALPy4s.jpeg"
2799,1893,"S","thumb_384_0000IRFvoT2NRB9XEVw9OyLL.jpeg"
2800,1893,"S","thumb_384_6718LaJAZyZBGcl9BrW1tEhi.jpeg"
2801,1893,"S","thumb_384_2027bLaiSlsaWHWx3B0xDCId.jpeg"
2802,1898,"M","noimg.jpg"
2803,1900,"M","thumb_720_92970nQkxUkuWb0L0wbzRIKi.png"
2804,1900,"S","thumb_384_7560Pd5V5Ak1PVkRak1LeeBc.jpg"
2805,1900,"S","thumb_384_1340ilN5vOBziEC0sPKrwIDB.jpg"
2806,1903,"M","thumb_720_2558Waq7RqBhaNpcmi19C0Xj.jpg"
2807,1911,"M","thumb_720_8755DYtLQrzlESFdQCL5CP0e.jpg"
2808,1911,"S","thumb_384_90707bphPg2S5xfV1pbY7UVP.jpg"
2809,1911,"S","thumb_384_8906HIgrbxIFzxBJXhM5BTwr.jpg"
2810,1911,"S","thumb_384_9449P1cZGb1NJ7MFcurxUEfG.jpg"
2811,1916,"M","thumb_720_77894Asn3WhmahgIc8eiLeP3.jpg"
2812,1916,"S","thumb_384_6370HLeADBhVflY4NFEGHI9C.jpg"
2813,1916,"S","thumb_384_3966GggY0gJZ0f0qZphZ1WOw.jpg"
2814,1916,"S","thumb_384_9927Ig9RebZ4jz6hiXULxq9F.jpg"
2815,1917,"M","noimg.jpg"
2816,1920,"M","thumb_720_73745I6hMSQa8cslupxjnXyf.jpg"
2817,1920,"S","thumb_384_8045sI5uHxeJemVovmhsNksk.jpg"
2818,1920,"S","thumb_384_1157co3AXWuY9XqrJHVKqgQP.jpg"
2819,1920,"S","thumb_384_6790kxYm5JHD0TtzdGalRYZY.jpg"
2820,1925,"M","thumb_720_8007phz1I2JyyM2faIPoPhp9.jpg"
2821,1925,"S","thumb_384_5172K6ohz5JvvKUroRPdtjRb.jpg"
2822,1925,"S","thumb_384_6844vvjyQG9QAz6W6OB30Fer.jpg"
2823,1925,"S","thumb_384_092505rP8gRk96TJfScGVuVo.jpg"
2824,1930,"M","thumb_720_4042qEOVm5Q8i8NMJRESufc8.jpg"
2825,1930,"S","thumb_384_0598WgllrAuVctHFpEG9ho3G.jpg"
2826,1931,"M","thumb_720_6972jZjcUSOlMKFs60ka2vhh.jpg"
2827,1931,"S","thumb_384_305209DsT3NNJNe0RheVugky.jpg"
2828,1931,"S","thumb_384_843356neg5pQEADZUDLXopDi.jpg"
2829,1931,"S","thumb_384_2443pasRngTPSd9qnZky19cA.jpg"
2830,1933,"M","thumb_720_6074xNW95p3OEY0Gho9aGQrn.jpg"
2831,1933,"S","thumb_384_9970JtxpJ1CBXhAyMZSfaUVX.jpg"
2832,1933,"S","thumb_384_34811dH3KRVxWSFitiiyh5DC.jpg"
2833,1933,"S","thumb_384_1121ikXwQvYVZC1a2owSJilW.jpg"
2834,1934,"M","thumb_720_6744RvsfF3EfXujGN8T70Aw2.jpg"
2835,1934,"S","thumb_384_1238ToYpWg6TSIAYCYi8YWDh.jpg"
2836,1934,"S","thumb_384_137573uj4Pr1XzIN7FIVL4Ia.jpg"
2837,1934,"S","thumb_384_9700L6p25N7Rqg8aBP0WFZAi.jpg"
2838,1936,"M","thumb_720_3664H7oStyxowH0AC9KJIOjd.jpg"
2839,1936,"S","thumb_384_9137oKA3GefJ0dEP4xAscTZd.jpg"
2840,1936,"S","thumb_384_1394Rd7g34bOWzy64LLF0S3w.jpg"
2841,1936,"S","thumb_384_4476Xza9U9eDwxgXeGAj4RWu.jpg"
2842,1937,"M","thumb_720_9558buevRYECIjaYw7XDGXgb.jpg"
2843,1937,"S","thumb_384_4031z4VsMemulKxN5xYH15WJ.jpg"
2844,1937,"S","thumb_384_4542qgSj5bdgp0U9zseQBjdS.jpg"
2845,1937,"S","thumb_384_93012lT7htEiI7BrtF4Hggkh.jpg"
2846,1940,"M","thumb_720_2394S2K1ebsqbA494fGXHm4l.jpg"
2847,1940,"S","thumb_384_7026aardnEWyaZqedD04omc3.jpg"
2848,1940,"S","thumb_384_4022uTC21dAT2NBheZxCp2VS.jpg"
2849,1940,"S","thumb_384_77480DXJUkMmWtNXYDlIsi7y.jpg"
2850,1941,"M","thumb_720_2507k1ovSfpCMRnaDNQ9mhjU.jpg"
2851,1941,"S","thumb_384_63054abGaT6PnwDx7VIEIq6F.jpg"
2852,1941,"S","thumb_384_0468BBdAlyYji9qWwzgiuukr.jpg"
2853,1941,"S","thumb_384_3379MNxnkJEatE9I6CVh6oSB.jpg"
2854,1942,"M","thumb_720_7931QDbTEbmGQNHlEU1aFrGC.jpg"
2855,1942,"S","thumb_384_9802VNZXVrOcKffaewO3IeWg.jpg"
2856,1942,"S","thumb_384_4760F81yNl0QemhkwIlLwDgm.jpg"
2857,1942,"S","thumb_384_2068sniGcdVZY3th6krzcqBf.jpg"
2858,1943,"M","thumb_720_5445C6PNDfggTQberSKlEZPh.jpg"
2859,1943,"S","thumb_384_2618jcmNwy9RkjYfOkcgCQ33.jpg"
2860,1943,"S","thumb_384_5703NlflUqX5rpXmMrGuITqT.jpg"
2861,1943,"S","thumb_384_7841SzaF6ymguSXYS05Tjc1q.jpg"
2862,1945,"M","thumb_720_9018FfcCkq1OhY8yDU0T1zeL.jpg"
2863,1945,"S","thumb_384_3840BEfw8llkCENBSTZKwIZ3.jpg"
2864,1945,"S","thumb_384_6339602jCQP7WJiREMX9VgdX.jpg"
2865,1945,"S","thumb_384_3395L9B7qOe6Td2W4nk2FncO.jpg"
2866,1947,"M","thumb_720_2064Br27v4OY1Uzrb09u9WZs.jpg"
2867,1947,"S","thumb_384_3480JLlmPZZpU5AKsEfzY1lo.jpg"
2868,1947,"S","thumb_384_4809qqSGPUICxnzzQ6bUegWs.jpg"
2869,1947,"S","thumb_384_5915kEI1QITDCl71msHCUOjH.jpg"
2870,1949,"M","thumb_720_1849DrYJFY4mBzjTC0X2xCX5.jpg"
2871,1949,"S","thumb_384_4011iinP75Uh1BLeiPiEEvei.jpg"
2872,1949,"S","thumb_384_66844U4dFzdVBhangngGiEgN.jpg"
2873,1949,"S","thumb_384_0611eOfYXMi8IL1AT6xOjrVM.jpg"
2874,1951,"M","thumb_720_9113nrqbglG7o8bNLZalJDmd.jpg"
2875,1951,"S","thumb_384_7424PIHjVWOZ1bTG8RIHf4Ak.jpg"
2876,1951,"S","thumb_384_1477K73pe5piP4p1gVizR2xh.jpg"
2877,1951,"S","thumb_384_1919s94zy0vdpnzZ9OBbnTgP.jpg"
2878,1955,"M","thumb_720_9461wdn7uxCfjo5LYPO4DvR0.jpg"
2879,1955,"S","thumb_384_8775tPVAsHT9Hha9EBAVwoYp.jpg"
2880,1955,"S","thumb_384_8643mUhIrGKeH8m8GGYfdwIP.jpg"
2881,1955,"S","thumb_384_20855TLDbM4BMXoZH47RViWt.jpg"
2882,1957,"M","thumb_720_3513FCMrFGbbGovcUa6aFYdw.jpg"
2883,1957,"S","thumb_384_0581XBlYmbzpqZY69rYBvx5x.jpg"
2884,1957,"S","thumb_384_2594GVH0K0g7RGVw8A36bBSY.jpg"
2885,1957,"S","thumb_384_7681FKDqYOQZLYNlblYE7SGg.jpg"
2886,1958,"M","noimg.jpg"
2887,1960,"M","noimg.jpg"
2888,1961,"M","noimg.jpg"
2889,1970,"M","noimg.jpg"
2890,1982,"M","thumb_720_4098bHQozt35NA46XCpe3QPF.jpg"
2891,1982,"S","thumb_384_344801e6cVmbfguDCNhajfEq.jpg"
2892,1982,"S","thumb_384_7396oJioesZ907Ba30l8rWva.jpg"
2893,1982,"S","thumb_384_9855EEz9gAUVingxx9OFH29k.jpg"
2894,1984,"M","thumb_720_2881MPmKSCiHV4yBbJJVnkxC.jpg"
2895,1984,"S","thumb_384_1737XvhLSl0zCD8swm4rH30j.jpg"
2896,1984,"S","thumb_384_1354kRb28myPaFgtFMtyXHau.jpg"
2897,1984,"S","thumb_384_16126deOpHK6pCQcTkyvSxGz.jpg"
2898,1986,"M","thumb_720_3798YHnEy5kMk7QNwVuK0mT8.jpg"
2899,1986,"S","thumb_384_94403V0fqpzYfFFo8auCh9Td.jpg"
2900,1986,"S","thumb_384_4114UyULApgRCEooDyu5ScE5.jpg"
2901,1986,"S","thumb_384_9822YDgRK6YP9umo6qqMxsBs.jpg"
2902,1987,"M","noimg.jpg"
2903,1988,"M","thumb_720_7701L6Lfqzbqps7l9sLsHmng.jpg"
2904,1988,"S","thumb_384_8952NVau4U0ZEnfCgTf4oKeu.jpg"
2905,1988,"S","thumb_384_1358uUZtXoXgotmwDLfp29Kc.jpg"
2906,1988,"S","thumb_384_4993KGE8lNOnPpI3SbscbHuw.jpg"
2907,1989,"M","thumb_720_8147mvHGZz47Y2qQHJMqhvKI.jpg"
2908,1989,"S","thumb_384_2243VlGCRqMR4IRakkHMkci7.jpg"
2909,1989,"S","thumb_384_89446mT1ELLGnjgTKZ3lRfwP.jpg"
2910,1989,"S","thumb_384_9532cWVxlZTklEzlo0g9f4QK.jpg"
2911,1990,"M","thumb_720_0952sErWwT7DheEoz3wlJyW3.jpg"
2912,1990,"S","thumb_384_1191cw4nJbgze2PLo0V6QgS2.jpg"
2913,1990,"S","thumb_384_8408v3m0wo41Yt19qkcvD9Hq.jpg"
2914,1990,"S","thumb_384_1681G9vN0kOHa7jZ8HMx5w3B.jpg"
2915,1993,"M","thumb_720_7899Sp24L8Ji0rgxhqR8YOJq.jpg"
2916,1993,"S","thumb_384_2932eWT5MoXzSEyAZgaIOg8j.jpg"
2917,1993,"S","thumb_384_0050w9uGVXiFXJvTkHMWr1N2.jpg"
2918,1993,"S","thumb_384_63662DaFOHVSVSv2Cs9ZDJ6a.jpg"
2919,1994,"M","thumb_720_4514XsdT6qC412FRMEzgWrOj.jpg"
2920,1994,"S","thumb_384_4342ANVRGlBm1UqtbQ0W5ZgS.jpg"
2921,1994,"S","thumb_384_9759RsPxWXRpDdr2TpAgcAIX.jpg"
2922,1994,"S","thumb_384_6301LDECV7DbgC5PuF9KbBzp.jpg"
2923,1996,"M","thumb_720_3060fwbomNzga1Wv2SuKThKM.jpg"
2924,1996,"S","thumb_384_7220En5d9xRuhEqsgGZaAWAD.jpg"
2925,1996,"S","thumb_384_11879TLJzfJXjTi59Bq8YlhJ.jpg"
2926,1996,"S","thumb_384_9243gNdeTNFyNBYsIuGwzL9U.jpg"
2927,1997,"M","thumb_720_4164hM9xr6kLqY4SJTipNdPd.jpg"
2928,1997,"S","thumb_384_5780ON1qv2vm9c0EkwkBb78I.jpg"
2929,1997,"S","thumb_384_4121ViphdYFe6whfAmpx3qlf.jpg"
2930,1997,"S","thumb_384_2502GrMailjMVJOSR9EBSVCk.jpg"
2931,1999,"M","thumb_720_93521cRDhbLNcPsgPofQwUk6.jpg"
2932,1999,"S","thumb_384_3691yVcq45EsnRzRdONYyZBO.jpg"
2933,1999,"S","thumb_384_7165KZWN7NM99xjXJgAg9dYZ.jpg"
2934,1999,"S","thumb_384_7938FfJNRtBQvr7gLD5O6lZB.jpg"
2935,2000,"M","thumb_720_37728orBdMIWg32sMiME0Jkb.jpg"
2936,2000,"S","thumb_384_2314n3gTz5MeM21pmLKXKn7n.jpg"
2937,2000,"S","thumb_384_8167Ut7OXF7V43A3rhUHrlIX.jpg"
2938,2000,"S","thumb_384_2980l1L4CveoNQLCfjGM5H8t.jpg"
2939,2003,"M","thumb_720_4808aiHQqWSHTOQr9tqk9Pls.jpg"
2940,2003,"S","thumb_384_3356n4A5vI7lXIvqqgNkoK8o.jpg"
2941,2003,"S","thumb_384_2533WtMoLW576ER1wqVumZco.jpg"
2942,2003,"S","thumb_384_97001SwGP5ciEXBYM2SCbJgd.jpg"
2943,2005,"M","thumb_720_29300BjopAnOqcgH0VrK1XsT.jpg"
2944,2005,"S","thumb_384_96886CfYEWpNGyJA90frFmcZ.jpg"
2945,2005,"S","thumb_384_001129RLEpkaFGdjCcO05lUI.jpg"
2946,2005,"S","thumb_384_0703f4IyPnLOV2sfhT1sfKV4.jpg"
2947,2009,"M","thumb_720_93447sw1I8iDQJKFDAdx2tSP.jpg"
2948,2009,"S","thumb_384_3519nBNvOAsDWXKLMEAk6XHZ.jpg"
2949,2009,"S","thumb_384_5919uzBJOmdJg6t0W0c1IdxK.jpg"
2950,2009,"S","thumb_384_5172DHQPI22MHHqlvTSeqFhC.jpg"
2951,2010,"M","thumb_720_4827mWTb5g8YZmeJZRuJKa2A.jpg"
2952,2010,"S","thumb_384_5415D0ZpZERFXH7fQrjr49az.jpg"
2953,2010,"S","thumb_384_9785xUY9O2gdTqjHXbnPxF9f.jpg"
2954,2010,"S","thumb_384_1320362nqRPHDunmm7q6qOvi.jpg"
2955,2012,"M","thumb_720_7329d2s6sYtwD8z98CJDK0Yy.jpg"
2956,2012,"S","thumb_384_6394h0BChflgYTjcHNntzXZX.jpg"
2957,2012,"S","thumb_384_9623iB7e59rEO1QoO64RFuu4.jpg"
2958,2012,"S","thumb_384_74284X5JZP4twMjCUgKaAAO7.jpg"
2959,2013,"M","thumb_720_06951RGQE5oiIMcdD8XYvWD1.jpg"
2960,2014,"M","thumb_720_6591w04gMYX4UVGr7MBFwQzc.jpg"
2961,2014,"S","thumb_384_7770dX3cb703nMQ9QncNaff7.jpg"
2962,2014,"S","thumb_384_2389zRUIswmiNFOwi1iLNBBt.jpg"
2963,2014,"S","thumb_384_1879HV9Vt78GMBmFF0itYbmE.jpg"
2964,2015,"M","thumb_720_2436dfmpdCaOtz7o0BIZibwh.jpg"
2965,2015,"S","thumb_384_9561vTnDWdlLJGIe0ikr0HaT.jpg"
2966,2015,"S","thumb_384_87249q37v1sAF8ZX7KivCn79.jpg"
2967,2015,"S","thumb_384_5261IcWvpL27FuDdeKrlz7xA.jpg"
2968,2022,"M","thumb_720_4437dXcVLMyEqSFNqepY3pvd.jpg"
2969,2022,"S","thumb_384_2179ykwuQm7mJ36kPbquHDDN.jpg"
2970,2022,"S","thumb_384_5032Rwud7W0TWDXYuFfven5h.jpg"
2971,2022,"S","thumb_384_6338EatEAOUcTO33IS2Y34ry.jpg"
2972,2028,"M","noimg.jpg"
2973,2031,"M","thumb_720_53347ZFxEzbxhL9U63lZKBlZ.jpg"
2974,2031,"S","thumb_384_0313IKqKfhdHSmYj6d3YYibf.jpg"
2975,2031,"S","thumb_384_7714tgFbxdlaVd5U2RdEZlMl.jpg"
2976,2031,"S","thumb_384_3038UkQ0HlLRFbtYJbIorYOn.jpg"
2977,2032,"M","noimg.jpg"
2978,2033,"M","thumb_720_6328ItfrJ8PvTLAyZfGK8qIp.jpg"
2979,2033,"S","thumb_384_8194d5DmMycqJmLe4vvzBjci.jpg"
2980,2033,"S","thumb_384_0365RdcDDNi6Qfpzlpx0iqlN.jpg"
2981,2033,"S","thumb_384_9213feAdwTn99MK71sQQYwHc.jpg"
2982,2034,"M","thumb_720_9010rPaYI1oUMTSDZ97V90Ay.png"
2983,2034,"S","thumb_384_4995IW2hgJ6Hupjj3uAkcy0k.jpg"
2984,2034,"S","thumb_384_1187UIqVjBd6OzV3uR2GiLFJ.jpg"
2985,2034,"S","thumb_384_08082XFaF0IV0iQwVkga2v4k.jpg"
2986,2037,"M","thumb_720_1734oimhuYyuqSW20e9MPmfU.jpg"
2987,2038,"M","thumb_720_79872wN24Px6afS0mvrhy7AZ.jpg"
2988,2038,"S","thumb_384_5777jmwpFRuTredMwVES1iEe.jpg"
2989,2038,"S","thumb_384_6539ajRETieihtWJikaVJ1AT.jpg"
2990,2038,"S","thumb_384_9996Ql6B3Fe7fv1JVLcfAfmN.jpg"
2991,2041,"M","thumb_720_4373HRRHo0W4NToaxRnr2P8l.jpg"
2992,2041,"S","thumb_384_33199VcQpCS3oG4aLsnquGPd.jpg"
2993,2041,"S","thumb_384_6528VMr3T5D8BgFSOKppOdOm.jpg"
2994,2041,"S","thumb_384_3451509IMK7aKfSIKP1yzK4p.jpg"
2995,2044,"M","thumb_720_4313OzBxmph7nZ5gtYNm1x74.jpg"
2996,2044,"S","thumb_384_5529K8or9d3OgmpaAEImsK4V.jpg"
2997,2044,"S","thumb_384_063758SZX8NzkVlQWHCJxL3G.jpg"
2998,2044,"S","thumb_384_4253HP0aqaJ5ogCI5IofZ73p.jpg"
2999,2045,"M","noimg.jpg"
3000,2051,"M","thumb_720_741641rgC4GyXyYHRSWB0xQM.jpg"
3001,2051,"S","thumb_384_2761Cv78y5RHfRD8i433FnNv.jpg"
3002,2051,"S","thumb_384_5722DwNtm6wtOihaEuhXWRYb.jpg"
3003,2051,"S","thumb_384_5878n8uUePqeKIpRXSvVEWqG.jpg"
3004,2052,"M","thumb_720_4809jJnzEyqMVy069qFEuL0k.jpg"
3005,2052,"S","thumb_384_9269udBK9urQEdZGL4pVBxgN.jpg"
3006,2052,"S","thumb_384_1960WgvCGI7yOBZqlUxL59ZK.jpg"
3007,2052,"S","thumb_384_2787UyKuNfg45LCvupGN4hD5.jpg"
3008,2053,"M","thumb_720_6653nKBIAb56bSvVwuigf5mW.jpg"
3009,2053,"S","thumb_384_5904P6Tuied5YRWgLuUwuul6.jpg"
3010,2053,"S","thumb_384_8831l1jUDLH1ApQTYFUX8MYq.jpg"
3011,2053,"S","thumb_384_0274gYseqneeZHFr3qMBKIct.jpg"
3012,2054,"M","thumb_720_3552LeujVx00tSnXITpeI2TC.jpg"
3013,2054,"S","thumb_384_3514aunVVrQvK9WtY9unlwVK.jpg"
3014,2054,"S","thumb_384_5159agrTEelQJVgQDtpHomKX.jpg"
3015,2054,"S","thumb_384_7036jm4aZoqqXRP9sC1n6Y1g.jpg"
3016,2063,"M","thumb_720_7720XjAre9q72EMNQFmPfPWc.jpg"
3017,2063,"S","thumb_384_2549XYyfNg5XzxGMZQsCCNnx.jpg"
3018,2063,"S","thumb_384_01157ycCRsHOLOgyMOeQMrHa.jpg"
3019,2063,"S","thumb_384_2882lo8Uk9iEsQLqylzHeMv5.jpg"
3020,2072,"M","thumb_720_9261Mx7t6KGI32WU9p63tKlU.jpg"
3021,2072,"S","thumb_384_1257C94fnkc8jHW6LPQ3Dr8p.jpg"
3022,2076,"M","thumb_720_2967GgxUdOtVMIK8LxXsDcpE.jpg"
3023,2076,"S","thumb_384_0110rRQoOGliwCZkHUdCtwWd.jpg"
3024,2076,"S","thumb_384_3152X7WD5JOG2Mfa9iPtf9Us.jpg"
3025,2076,"S","thumb_384_09717jSevvCIh3xZbVLipDS9.jpg"
3026,2078,"M","thumb_720_99699mxMmvRqhBLDiCgfb8zh.jpg"
3027,2078,"S","thumb_384_2450AaUVB2fCvhotucwl5SBU.jpg"
3028,2078,"S","thumb_384_31434kYAzhd85gXgFu0wDebX.jpg"
3029,2078,"S","thumb_384_0323MItuCU1VZv98JLHr02AX.jpg"
3030,2079,"M","thumb_720_0779UPIzvXKmRkU9d2fGg9Mc.jpg"
3031,2079,"S","thumb_384_2442Nwe19j6wf5Pqc4PNXuPf.jpg"
3032,2079,"S","thumb_384_96606rdIfljbMEQGs4e65NuJ.jpg"
3033,2079,"S","thumb_384_8896fYFeBWRtgKFJUpsFk20Q.jpg"
3034,2080,"M","thumb_720_28712MYiQWVcrFtobTxvfsIh.jpg"
3035,2080,"S","thumb_384_9444GBtEm4IoVqdKcGrefHHg.jpg"
3036,2080,"S","thumb_384_9542ssqEIvN5AGmjXYFHGqP1.jpg"
3037,2080,"S","thumb_384_2365sbhpzvCvBbrXhM78NeOF.jpg"
3038,2081,"M","thumb_720_5026zrGN2e5QUqpBkleObaC7.jpg"
3039,2081,"S","thumb_384_8497NEsG2WdRj4xUZNWqZXxe.jpg"
3040,2081,"S","thumb_384_9069HqwVpS3y2ukZqFqaOt0O.jpg"
3041,2081,"S","thumb_384_0710vXCQbqTcDg1nrlO1IPAi.jpg"
3042,2094,"M","thumb_720_9681Xn6aHvYvayfeG1pkjJ8H.jpg"
3043,2094,"S","thumb_384_6094mvtOl0uIPidvPPqSLGYY.jpg"
3044,2094,"S","thumb_384_0114xUUyL6yIUbWvoDWk77Cz.jpg"
3045,2094,"S","thumb_384_82828yByWQDjJQzQvNEJry5d.jpg"
3046,2095,"M","thumb_720_35599MNZCYxUBbLagarcZFDY.jpg"
3047,2095,"S","thumb_384_49714NKJq8TAC9FyQrY5jpaq.jpg"
3048,2095,"S","thumb_384_76427uDhl4ZLMUqX5OIsEnlc.jpg"
3049,2095,"S","thumb_384_4748PYq3m4AP9W5Z9GFvQVB0.jpg"
3050,2097,"M","thumb_720_91623H8hrGDPl60YTqygEp86.jpg"
3051,2097,"S","thumb_384_7515pJjpJibeUccI5h8T3bCW.jpg"
3052,2097,"S","thumb_384_42015EmsYzFX7J4LB6Zvbi7R.jpg"
3053,2097,"S","thumb_384_2748jK7rXI6p6LBJtXytMtO1.jpg"
3054,2099,"M","thumb_720_0810fyQTKqRxtu4d5dH6T47U.jpg"
3055,2099,"S","thumb_384_5485whJuvoWHZycHRMvQ1IAP.jpg"
3056,2099,"S","thumb_384_7387Ks1R6vCAYC71vIdwBQ6U.jpg"
3057,2099,"S","thumb_384_9446mhh4N7SN3X1PDETgmr4Q.jpg"
3058,2103,"M","thumb_720_3934oBj7TG1by1RAsnUpnlBz.jpg"
3059,2103,"S","thumb_384_7015DOnRNE2XEbv4XYheTN6X.jpg"
3060,2103,"S","thumb_384_7725TEJ3F7oCcMO6tDrIu9Gw.jpg"
3061,2103,"S","thumb_384_5470CDAnrUX5jSkRx1kQEHvs.jpg"
3062,2104,"M","thumb_720_3549DCEkrpBCP7WiDT0QHsVm.jpg"
3063,2104,"S","thumb_384_9479Z1YfRTjRKMgoi3lSv6Pf.jpg"
3064,2104,"S","thumb_384_68640Vw37vFTZAKZ89l6BD3v.jpg"
3065,2104,"S","thumb_384_6252QwVnzhdtqryAMyIL256m.jpg"
3066,2109,"M","thumb_720_6586Fu3IbCEMvqdDr9MXBoVS.jpg"
3067,2109,"S","thumb_384_2582wFe875J5tvm2gpzChnRE.jpg"
3068,2110,"M","thumb_720_4829OgM9bzJombghYAeuZQgD.jpg"
3069,2110,"S","thumb_384_7426Uod91OkG57U5x0qfHoPx.jpg"
3070,2110,"S","thumb_384_1825mBBhDNmjWLncxs0l3rXZ.jpg"
3071,2110,"S","thumb_384_90292BsQ5tD1MGSyk79NlF94.jpg"
3072,2114,"M","thumb_720_64262TSWZneuNcf4JBOQ0Spp.jpg"
3073,2114,"S","thumb_384_0378IatbHf3CItJ2KgEMwIWl.jpg"
3074,2114,"S","thumb_384_5502ZyJfqzrevglGtjIVp7mo.jpg"
3075,2114,"S","thumb_384_86737Qy6B1aw0GF8jeUXCsyA.jpg"
3076,2116,"M","noimg.jpg"
3077,2119,"M","thumb_720_8083J5TSzV9vmZwbEd8BK91L.jpg"
3078,2119,"S","thumb_384_4725q2I8ygTr8z7QPkljkwgL.jpg"
3079,2119,"S","thumb_384_8198XKPVwkLNRLRbVIQBRDVD.jpg"
3080,2119,"S","thumb_384_38783K8K2v7oikBsE7HLdRjE.jpg"
3081,2121,"M","thumb_720_5388YIDp1kcsEJIVZvb8ZHl5.jpg"
3082,2121,"S","thumb_384_7255W2lttUnRDujZISGW5PCW.jpg"
3083,2121,"S","thumb_384_7073Map8j4pB251aVjo6Iq3t.jpg"
3084,2121,"S","thumb_384_3295aGfV2ldlwTSerwDD43Kn.jpg"
3085,2124,"M","thumb_720_6324njDcCcDkzqyBXn5c223C.jpg"
3086,2124,"S","thumb_384_2003qN2LBLWrVF3mTUsWzDKm.jpg"
3087,2124,"S","thumb_384_3835k372Sb3QuraqgQj5NQJt.jpg"
3088,2124,"S","thumb_384_3293aWOVLs7r3adu38i5pp9t.jpg"
3089,2131,"M","thumb_720_5246b3upkCQDD4mfHOcDRH2x.jpg"
3090,2131,"S","thumb_384_8451qNyuZPhFO6X7Bt2JdYNo.jpg"
3091,2131,"S","thumb_384_9169Ze3d0CCZ4iHnjMvhSFMV.jpg"
3092,2131,"S","thumb_384_0694qspvRdxntRllw2kRVxPL.jpg"
3093,2134,"M","thumb_720_1202oR4fY2TO6GIbKNQvSdk0.jpg"
3094,2134,"S","thumb_384_2705lQ8lISrdgIWYiDscOWfA.jpg"
3095,2134,"S","thumb_384_2676Zy2kye6lIwmP3ebRCLhy.jpg"
3096,2134,"S","thumb_384_6632Pjc023AOEhwhutqC4l0o.jpg"
3097,2142,"M","thumb_720_7491RAHXXyuBCTxejJ2PnCGC.jpg"
3098,2142,"S","thumb_384_6131ygm3NayS55569Zi65is2.jpg"
3099,2142,"S","thumb_384_6524HqaNf9CYdWSpCb3BoXv7.jpg"
3100,2142,"S","thumb_384_4471hoekUbroCijVutA0XSbF.jpg"
3101,2143,"M","thumb_720_53247cXru6Z8lN7atduEwm8d.jpg"
3102,2143,"S","thumb_384_1631Mn7iBa0SNORMSzZ9NPk2.jpg"
3103,2143,"S","thumb_384_64527aiYdmp5ZMqRSaVBOjeF.jpg"
3104,2143,"S","thumb_384_8554g6nyjxwooXAWuljJsKoP.jpg"
3105,2146,"M","noimg.jpg"
3106,2147,"M","thumb_720_7374QllTfG7jXgZQZjtZ4zpd.jpg"
3107,2147,"S","thumb_384_260279egvNeEf2eNGphC0bDB.jpg"
3108,2147,"S","thumb_384_4470T3tCmjgRUduzbrNe0QcQ.jpg"
3109,2147,"S","thumb_384_63343iRI9hC8xhXsy5YnxbeA.jpg"
3110,2149,"M","thumb_720_0443zTeDaruaKAmr6rZwJJKZ.jpg"
3111,2153,"M","thumb_720_9979vCBFauc2t89UKEZPXbtH.jpg"
3112,2153,"S","thumb_384_1083CH67XT4O33nwnDPNBe2k.jpg"
3113,2153,"S","thumb_384_0123R3j2LgKTKaWVY3uMVbKl.jpg"
3114,2153,"S","thumb_384_1963f0zRXPqupDWdP8BS4c0I.jpg"
3115,2154,"M","thumb_720_5630Qvq8SzgsEPblSy7C4MHr.jpg"
3116,2154,"S","thumb_384_4059XoXL9qYpKB6WeGXZwfLQ.jpg"
3117,2154,"S","thumb_384_9805yMaedZepPq9DRYaT4BZw.jpg"
3118,2154,"S","thumb_384_27742IdJSgyR9pYw2BAsvR18.jpg"
3119,2155,"M","thumb_720_2604HsuDOXajHn8qMrhbzmG0.jpg"
3120,2155,"S","thumb_384_4414IL4exlO64cMAmFaBJJXA.jpg"
3121,2155,"S","thumb_384_2528EJwuoRV5hcuKFEpXkeia.jpg"
3122,2155,"S","thumb_384_4753Fpt7cMKFw0EivLEOXuWL.jpg"
3123,2156,"M","thumb_720_4030AxDOZnrsDIdsVU11ggJV.jpg"
3124,2156,"S","thumb_384_9002XgpcNSmfW12Zer3YEqKi.jpg"
3125,2156,"S","thumb_384_1739a8YCxVFvqxlZAvuxDNAk.jpg"
3126,2156,"S","thumb_384_9426LuTKr4eInEtyROV8pryZ.jpg"
3127,2161,"M","thumb_720_1259Clknue0lPzrP2AeFluyT.jpg"
3128,2161,"S","thumb_384_8840uDM3qcZSWnqnOhLAaeRO.jpg"
3129,2161,"S","thumb_384_7755JVDbbbITKmPapYuRxeGK.jpg"
3130,2161,"S","thumb_384_0358tfvWb56u8XoIW8mr4OoN.jpg"
3131,2164,"M","thumb_720_2478Cs3c3Jhaa5wHeezknhxz.jpg"
3132,2164,"S","thumb_384_5570rikNGT25KbSATC2GNgwI.jpg"
3133,2164,"S","thumb_384_4108svUjPJwylIr5SrMvk0Hu.jpg"
3134,2164,"S","thumb_384_8640xWvR5vxKVtc6272QGcXX.jpg"
3135,2166,"M","thumb_720_4042xwstOpa5jVglPp3584kT.jpg"
3136,2166,"S","thumb_384_33534QuFjvxSq7alFcMCgMTb.jpg"
3137,2166,"S","thumb_384_6125JizE9kHKXOvOCUKzR4vB.jpg"
3138,2166,"S","thumb_384_8366R3swPTeD3uicIHHsaOSX.jpg"
3139,2167,"M","thumb_720_9449ZcCiPLQ2MXY8tlxVV99T.jpg"
3140,2167,"S","thumb_384_3697vwvEPe0yLbHsKYmWyFfI.jpg"
3141,2167,"S","thumb_384_2212atrLbyG8WA1hfKTX2NqI.jpg"
3142,2167,"S","thumb_384_0983d4Ete0HHkRfHZbByqwdW.jpg"
3143,2168,"M","thumb_720_8253YC1cwVN7FMVhDi0lTda1.jpg"
3144,2168,"S","thumb_384_0967h8ABQPbbdocvlacuV7KT.jpg"
3145,2168,"S","thumb_384_2297zDgcHD97TEa82qPOmG8L.jpg"
3146,2168,"S","thumb_384_5515RPOVE58NjGeIP9JBxvTI.jpg"
3147,2171,"M","thumb_720_24263yyjTt6D4kbIJIl5Tmv9.jpg"
3148,2171,"S","thumb_384_3608z9InNsYb9gTu8Qr18V89.jpg"
3149,2171,"S","thumb_384_1544LOR5u5bWDufIWh5lQD42.jpg"
3150,2171,"S","thumb_384_1825D2FwUifiWeyjapce8MPq.jpg"
3151,2177,"M","thumb_720_2265vgSmvvjXoZLlqBdZhzct.jpg"
3152,2177,"S","thumb_384_6800b77HDQ3Zw0ZZUkhLSW13.jpeg"
3153,2177,"S","thumb_384_8781o1pIUPVYQgFrH3hAHIRu.jpg"
3154,2177,"S","thumb_384_3627NPLgd4K3jCr7v6vefycx.jpg"
3155,2178,"M","noimg.jpg"
3156,2179,"M",""
3157,2181,"M","thumb_720_69883q5DjjPb2ETV2faW7A6l.jpg"
3158,2181,"S","thumb_384_7267sjCH0A4GD2QMaSiCIFA9.jpg"
3159,2181,"S","thumb_384_4032qGgn84KGi0Jcv1Vuua81.jpg"
3160,2181,"S","thumb_384_0181maSe7dNzL5Tw8albQaeb.jpg"
3161,2185,"M","thumb_720_8771RL6Su0FOpdX5kn3o7nO5.jpg"
3162,2185,"S","thumb_384_7616jdjmUvzEupE9SHUwuu38.jpg"
3163,2185,"S","thumb_384_7823vd5NFgAoYv4ndEQ4Qr6N.jpg"
3164,2185,"S","thumb_384_4626Gg94rJGlxP7eUWRBwv0h.jpg"
3165,2191,"M","thumb_720_57878Vs14tSerOAPDggHZwD4.jpg"
3166,2191,"S","thumb_384_453963V6Ogr3OlkvxDRmuPeq.jpg"
3167,2191,"S","thumb_384_9649p5RBbWT700EIDvPWwHer.jpg"
3168,2191,"S","thumb_384_7753QDAaKtZyIzDW4JzwX7Uk.jpg"
3169,2199,"M","thumb_720_7067FAK1YCdyUNLW5yXOMKO9.jpg"
3170,2199,"S","thumb_384_6712EqLlFkCW72y4i3esm6aF.jpg"
3171,2199,"S","thumb_384_8105AHErVyJu3PE7Rzxi8lvT.jpg"
3172,2199,"S","thumb_384_7042tf5wSCMk0ojECqG2wQIC.jpg"
3173,2200,"M","thumb_720_9710tLEUQP75UsZO5t9Mru03.jpg"
3174,2200,"S","thumb_384_4050T8FjQf4tjHkcwuBZ3Bl2.jpg"
3175,2200,"S","thumb_384_78695BWoEQIjrIt85QEGll52.jpg"
3176,2200,"S","thumb_384_9630kmGZVBrVUmiT4q32QqOQ.jpg"
3177,2207,"M","thumb_720_93614LMb5zpe9isYNQ5KzSGb.jpg"
3178,2207,"S","thumb_384_8567rCrLu2tg2QqAGBAIVhK4.jpg"
3179,2207,"S","thumb_384_4883PwVeU5n9Yj0myBQoQDnc.jpg"
3180,2207,"S","thumb_384_1395ayHqOJiU4uqCKsl69iDJ.jpg"
3181,2210,"M","noimg.jpg"
3182,2213,"M","thumb_720_0857JNc3ECABmZliM72mhj4x.jpg"
3183,2213,"S","thumb_384_9677DQQumpuTEJrVWFQ3iem8.jpg"
3184,2216,"M","noimg.jpg"
3185,2217,"M","thumb_720_4587ZwAbjie8wZF6iPj1SZ10.jpg"
3186,2217,"S","thumb_384_2502VwFrriMVmEXIF2FJFpVS.jpg"
3187,2217,"S","thumb_384_5395f0vMw8OuU2WVNHc9l7B0.jpg"
3188,2217,"S","thumb_384_37667RCaulLa4zag6gOAsPo0.jpg"
3189,2218,"M","thumb_720_05194NIcezhDWWTSVZeP4VAH.jpg"
3190,2218,"S","thumb_384_5401vQuseVN6kkoFAAx47K5j.jpg"
3191,2218,"S","thumb_384_1309xv0R6FCS8bc6bq9pGlcz.jpg"
3192,2218,"S","thumb_384_7636UBxG7owZjzWnMc1ghUh8.jpg"
3193,2220,"M","thumb_720_0644VTgIPdfNMsVhYMBaaGyH.jpg"
3194,2220,"S","thumb_384_2165wJcNPkr9ymAxVj2F3ZXa.jpg"
3195,2220,"S","thumb_384_6943ijt6SQJr5Onx22XWsJCH.jpg"
3196,2220,"S","thumb_384_9783dcpMsVRuyK0MDI2E23NT.jpg"
3197,2222,"M","thumb_720_2018rnuhYGCMluiFrYqmDGzY.jpg"
3198,2222,"S","thumb_384_5382JVLmjVL5td9cFW85TLfe.jpg"
3199,2222,"S","thumb_384_8936XZUE5POwchcLqK64K2CU.jpg"
3200,2222,"S","thumb_384_0960hpjRpoVIC2x5s8ldz8Vq.jpg"
3201,2224,"M","thumb_720_7411N54Q1eaYtZHqfnodZrOh.jpg"
3202,2224,"S","thumb_384_3734Iz7rdGQHxJWfJ4eZUnCN.jpg"
3203,2224,"S","thumb_384_05963bpctT3WYbbg6b9vng7K.jpg"
3204,2224,"S","thumb_384_7407UbJcGX06k0X5Q9W3V125.jpg"
3205,2226,"M","thumb_720_077155nXx0Tn7Kw4rdLWpFrN.jpg"
3206,2226,"S","thumb_384_4207UbbzAi4OSRTxMizxVonZ.jpg"
3207,2226,"S","thumb_384_6793roBeLSGMh1leNxUDj1kE.jpg"
3208,2226,"S","thumb_384_3537L6LSjc4KCI6OOEMLAdzO.jpg"
3209,2228,"M","thumb_720_9444Mvn9gdISteh65x6fZSwi.jpg"
3210,2228,"S","thumb_384_4070Nu4zDrPS0vCAw4AlwR73.jpg"
3211,2228,"S","thumb_384_6600hDViJOY41AqzkOOFPNkb.jpg"
3212,2228,"S","thumb_384_0443KSAJAp8KNokJg212bPWZ.jpg"
3213,2230,"M","thumb_720_1654UuPsM1plOEbJkTVd7tzq.jpg"
3214,2230,"S","thumb_384_0796HTIQoLrZTDcqenmoqyZ7.jpg"
3215,2230,"S","thumb_384_0173asIZkkTlIJEBbhmc6Wx2.jpg"
3216,2230,"S","thumb_384_81446ot19R34esENs8AtvU91.jpg"
3217,2232,"M","thumb_720_70792fy02erpE2YWAbeWFL3q.jpg"
3218,2232,"S","thumb_384_4876lTG0CB1481rIozMGLVzL.jpg"
3219,2232,"S","thumb_384_4092PUgfMV9sulCiEO0eliu4.jpg"
3220,2232,"S","thumb_384_9563mizCC7wqLsZ8kcJKEhTN.jpg"
3221,2233,"M","thumb_720_0615fJMvYeBlH5AAaDdd27Ry.jpg"
3222,2233,"S","thumb_384_07946AHsTwL9nqTRnPcN44oi.jpg"
3223,2233,"S","thumb_384_3456DDru260Lxp6d2Zv5PKdO.jpg"
3224,2233,"S","thumb_384_98552fN3cfAc6i1lnbs6QO4w.jpg"
3225,2235,"M","thumb_720_6840Kq1ojUSM9qvFkH5WpST8.jpg"
3226,2235,"S","thumb_384_7668DiDzackYWjKBkKmZLRO2.jpg"
3227,2235,"S","thumb_384_6118MaQtGgz6vDJNz4Xdk4r2.jpg"
3228,2235,"S","thumb_384_02331cDL0TR9zyhIOCknXWe9.jpg"
3229,2236,"M","thumb_720_9034P73sgF9NaBExUvAIXJ5F.jpg"
3230,2236,"S","thumb_384_0021Vju9o1tHYVyMfErqBTX7.jpg"
3231,2236,"S","thumb_384_6765RaRS9t32Y3WXvrO0Tn5a.jpg"
3232,2236,"S","thumb_384_4668rrhb2E0mpmSJo8MZzVHB.jpg"
3233,2239,"M","thumb_720_4793aYrWsSOsEvULZM4XZnWK.jpg"
3234,2239,"S","thumb_384_0001Ce5cUsKchMFKbGBg1QTR.jpg"
3235,2239,"S","thumb_384_3982jQbU2BTi0COEsSKGQ5S2.jpg"
3236,2239,"S","thumb_384_5080PsOjxwIDH7Q7avjaGjuZ.jpg"
3237,2243,"M","thumb_720_0898lkraCUruqTQioN7keys5.jpg"
3238,2243,"S","thumb_384_1506b9mENbLqS8yAzBfpGDVw.jpg"
3239,2243,"S","thumb_384_3082EIObxynhIxfxllMJ21NF.jpg"
3240,2243,"S","thumb_384_8653x7ccyGwFrHsPjXj0Skhh.jpg"
3241,2245,"M","thumb_720_72836D0HVF3pep95PEml7Zmx.jpg"
3242,2245,"S","thumb_384_4313mawo4nrRl3uQcpcehj35.jpg"
3243,2245,"S","thumb_384_7130JEl0PMm6ejrMbMjjLvET.jpg"
3244,2245,"S","thumb_384_5799mtJ0Wlq7s22tD3LRbANJ.jpg"
3245,2249,"M","thumb_720_5391fw96QSB6ETy9pjHlr7MS.jpg"
3246,2249,"S","thumb_384_9924cqixymTbATtTSWreY9Ck.jpg"
3247,2249,"S","thumb_384_6063x5rVRErAYkHAut5RXsqQ.jpg"
3248,2249,"S","thumb_384_3930DvMT9ttC2lAlpPAkrzuM.jpg"
3249,2253,"M","thumb_720_2908D50aLDSmM7lEA2KexLIk.jpg"
3250,2253,"S","thumb_384_6573yMTsnFdHjcbWKHLKHqvv.jpg"
3251,2253,"S","thumb_384_2656Tlng8v9iGiViU7eBQujG.jpg"
3252,2253,"S","thumb_384_2089J9xZDj9Sybw40XdAhrCs.jpg"
3253,2254,"M","thumb_720_0973yXVz91K4Q1wHMnECsYoF.jpg"
3254,2254,"S","thumb_384_9185t7enkFKMGSzYfEcUbypH.jpg"
3255,2254,"S","thumb_384_0218UfsJ8i8L0l2kK7EnP3zU.jpg"
3256,2254,"S","thumb_384_0212PvJU4zHKkjOP8sZ9eDvK.jpg"
3257,2257,"M","thumb_720_9649aH5VgYno8KkjNM7pfbSU.jpg"
3258,2257,"S","thumb_384_8190s50zn64Z7gtB7QH5qsq1.jpg"
3259,2257,"S","thumb_384_4380PBm2gnrNPWAkF9aFSVNX.jpg"
3260,2257,"S","thumb_384_9678Ic2pg96N0Q9oY0keY9SM.jpg"
3261,2260,"M","thumb_720_6497rcESTBAFF1M5fc485Ymb.jpg"
3262,2260,"S","thumb_384_1887p9u0eXHtL6lajlpSBzeg.jpg"
3263,2260,"S","thumb_384_18573TQMObRtHLAZqf0vF7vX.jpg"
3264,2260,"S","thumb_384_1685Dyo7DJNdmniNxlDiLagd.jpg"
3265,2262,"M","thumb_720_7823g8aD9s9poTHZO9M0VVm6.jpg"
3266,2262,"S","thumb_384_7316uPjFsyF8NdDixjtq5KMW.jpg"
3267,2262,"S","thumb_384_6118CWc4bZKw2L78d3e0olkS.jpg"
3268,2262,"S","thumb_384_9028IZCFTi1n2PR6eNcvlkOJ.jpg"
3269,2263,"M","thumb_720_2826Ep2nGrsLt3KXE4lxtKnX.jpg"
3270,2263,"S","thumb_384_7546aE7W76l45AoWp0mO5qOG.jpg"
3271,2263,"S","thumb_384_4220JGQpW5S3wdI50aAB5UxD.jpg"
3272,2263,"S","thumb_384_0208VvEXCf1fxi6cEBavUzkh.jpg"
3273,2264,"M","thumb_720_0463kNJXzZeDfTOEZlcVBsgR.jpg"
3274,2264,"S","thumb_384_2915TBGaLAZ9x6h8DTmHfcvc.jpg"
3275,2264,"S","thumb_384_6544IabOfINFziVa3FI2wVrp.jpg"
3276,2264,"S","thumb_384_69240nS1y1h8JQmGowdcKos6.jpg"
3277,2266,"M","thumb_720_4157qTOGFMi1GpcqUZvrk8u8.jpg"
3278,2266,"S","thumb_384_6550GKHMYUrODeXRWniSoXGG.jpg"
3279,2266,"S","thumb_384_2399yzre5HwtK2FCozNCB457.png"
3280,2266,"S","thumb_384_2259gUuqPIEvrep3r6JQwZ2V.jpg"
3281,2269,"M","thumb_720_7692pIv0If2mDDFCCIdl0IiV.jpg"
3282,2269,"S","thumb_384_3875dc2xjhMRkY5yAfHa7Ra8.jpg"
3283,2269,"S","thumb_384_10385YEdk2QtNDpOjtb0y3vs.jpg"
3284,2269,"S","thumb_384_6776p4jfBrXrFz8AgdTwcOvi.jpg"
3285,2272,"M","thumb_720_1906hgVDWHjzZriJ7VcxLqkU.jpg"
3286,2272,"S","thumb_384_4207G0HyXNVacsJgl63UsDjm.jpg"
3287,2272,"S","thumb_384_4522DbNYWVO2IgEE8Go62TXE.jpg"
3288,2272,"S","thumb_384_0829D1vcdni3M9XtKPevaIpn.jpg"
3289,2278,"M","thumb_720_3596NCACVpGmIqG2twWith9H.jpg"
3290,2278,"S","thumb_384_6129ANcO7J0GNSao0XOn6hhW.jpg"
3291,2278,"S","thumb_384_8226VMRIazw0wedVzorhYYQY.jpg"
3292,2278,"S","thumb_384_3393oAomKOkLnAS0JxSloD1l.jpg"
3293,2280,"M","thumb_720_4359QbrYcLrZidKHWHiZ8TJf.jpg"
3294,2280,"S","thumb_384_5746KT4oSYBVK0lB9UwogOA2.jpg"
3295,2280,"S","thumb_384_6552xKFSdFiKwCuoyvzDtdCp.jpg"
3296,2280,"S","thumb_384_1361qVipzXMSFcACBWzQMLdo.jpg"
3297,2282,"M","thumb_720_0777oiUI40GvAOTSMcQNUagU.jpg"
3298,2282,"S","thumb_384_5992LlaDFZEh3YETY85CVoOY.jpg"
3299,2282,"S","thumb_384_10342f9RlkwRH91IbEnTQkjP.jpg"
3300,2282,"S","thumb_384_9320UGsfV6R5BxdfeK6o7PTa.jpg"
3301,2285,"M","thumb_720_2459iEmw8gjpp5czpKaWYQWL.jpg"
3302,2285,"S","thumb_384_9560tWYFjR8IN4MnIBDAwaeD.jpg"
3303,2285,"S","thumb_384_1816Y7PcP6yNZ7iwBJaOheaP.jpg"
3304,2285,"S","thumb_384_1777mVTUFhQ0U3Mq3gQ2wuPd.jpg"
3305,2288,"M","noimg.jpg"
3306,2300,"M","thumb_720_78952izWK1XDjhriVKb5QcBK.jpg"
3307,2300,"S","thumb_384_3616a19vobZsK3KcSirWqj5u.jpg"
3308,2300,"S","thumb_384_30764htDUpjkNGvzEi9R3OVJ.jpg"
3309,2300,"S","thumb_384_6523PAfASXw52RlbV8a79hSP.jpg"
3310,2301,"M","thumb_720_3272OUFsEDWe9vxO34UP72yj.jpg"
3311,2301,"S","thumb_384_70295H9g4zrXoVmn87Ka0FgF.jpg"
3312,2301,"S","thumb_384_3941jSjvhoR7rPj4dDOWfeby.jpg"
3313,2301,"S","thumb_384_3101we2hDOvkCmjDPF9IoqQs.jpg"
3314,2304,"M","thumb_720_4792fZZQW66QPu3Kk3Bi9BjM.jpg"
3315,2304,"S","thumb_384_1684cbJETcVHSO2HIGkJK5vU.jpg"
3316,2304,"S","thumb_384_4856oZj9Eg7JXpT9b5g1LEbd.jpg"
3317,2304,"S","thumb_384_4145oxFnOpsgMNU1ExZqBX98.jpg"
3318,2308,"M","thumb_720_16003J65MYFrsVJMpIrbgWZm.jpg"
3319,2308,"S","thumb_384_86866mns66xxTZJlGskspwHO.jpg"
3320,2308,"S","thumb_384_9868NMsOcWe3HiPojVi9pTAX.jpg"
3321,2309,"M","thumb_720_1132y5kgJecLct3NpGVBuBt6.jpg"
3322,2309,"S","thumb_384_8398SgBESeSUq48C6cuHo0Uw.jpg"
3323,2309,"S","thumb_384_1241kp6Djzzo95b2BLHDXM3v.jpg"
3324,2309,"S","thumb_384_1501ySxBgRSlRKNSLFX166yj.jpg"
3325,2311,"M","thumb_720_6971eedmMMxeAkr5J4h2wN1m.jpg"
3326,2311,"S","thumb_384_2901Wv5zwYzg3p4LDJoS9aZO.jpg"
3327,2311,"S","thumb_384_6679oY0LtLrd4Po6WOljWcVb.jpg"
3328,2311,"S","thumb_384_62188EelgtxooCg6CqRtQche.jpg"
3329,2312,"M","thumb_720_2043tXJpF9tmHwPrTNhHGGvm.jpg"
3330,2312,"S","thumb_384_9221Q4XrrmzxTYUMwypAJXA5.jpg"
3331,2312,"S","thumb_384_5425tl9uRG4ZWsbN5rTrTePu.jpg"
3332,2312,"S","thumb_384_034139776a6lzh8oDav7fyV6.jpg"
3333,2313,"M","thumb_720_5005VF3mAyMHCVQ4FBa5Rqn7.jpg"
3334,2313,"S","thumb_384_8125ctscWs1DTLXbLQY3C8aJ.jpg"
3335,2313,"S","thumb_384_7616UT6VEhOQthXMg2beZnnd.jpg"
3336,2313,"S","thumb_384_3131IzAZIco1PfrrpwLck9HZ.jpg"
3337,2314,"M","thumb_720_7558uRGLdKYQPDLHCVPUbLwT.jpg"
3338,2314,"S","thumb_384_6381sAJdX6Qeg2BqN3dGfyNa.jpg"
3339,2314,"S","thumb_384_7044ogdc4g7CzwUkjAnw1mas.jpg"
3340,2314,"S","thumb_384_4055lKwdfyGQixmO3kdLYHaI.jpg"
3341,2315,"M","thumb_720_0564B5PCoR3N314rQjRbrkVH.jpg"
3342,2315,"S","thumb_384_7379YjcVt7eEm0Ki4wHKWK44.jpg"
3343,2315,"S","thumb_384_2052WHA8zuusPNQMkhldbCRC.jpg"
3344,2315,"S","thumb_384_0474KuGk51m8BNj5BrMdXPfb.jpg"
3345,2321,"M","thumb_720_2794gqVebp8ZMQS34X8aX5Sg.jpg"
3346,2321,"S","thumb_384_8915G0J2jBIekFHkmJ11IXOk.jpg"
3347,2321,"S","thumb_384_50318hSziWgw55YfFOiJhh01.jpg"
3348,2321,"S","thumb_384_6207a0xOU3TsvUeorVMsnq21.jpg"
3349,2326,"M","thumb_720_7908wixdIGcECutNerHqIPdM.jpg"
3350,2326,"S","thumb_384_5503WQ7jBr68SJqVTMIMeyJO.jpg"
3351,2326,"S","thumb_384_2241ErbS2UUut2RJ9813bWx0.jpg"
3352,2326,"S","thumb_384_3859QFsDhszyqP0JKPIyKah2.jpg"
3353,2327,"M","thumb_720_2958r2IMZEsi2Zp0F6sCLGJv.jpg"
3354,2327,"S","thumb_384_3297P6ORNu62MuTiCY2E0ple.jpg"
3355,2327,"S","thumb_384_1691dSeqMv4sPBt31ZO5friT.jpg"
3356,2327,"S","thumb_384_3782XIm2p9OyYJfGTm9GUdkC.jpg"
3357,2329,"M","thumb_720_1559wVtGSH2Dv574wnDY7udg.jpg"
3358,2329,"S","thumb_384_70278n2gBlim1a4dBdbQpkzD.jpg"
3359,2329,"S","thumb_384_2186ReMtnUA7pZsMNGQ65EPr.jpg"
3360,2329,"S","thumb_384_6716wxSHfuJRlGOnHy3KgTxd.jpg"
3361,2331,"M","thumb_720_6196U4se6f3PEMTq4SLEnUaX.jpg"
3362,2331,"S","thumb_384_0767JPbfWD2QFXuzC74UUFvL.jpg"
3363,2331,"S","thumb_384_1145gQqsdGd9AWkp0onnwO2e.jpg"
3364,2331,"S","thumb_384_1165hDGJq5tH7Mu6Lr6wNr5f.jpg"
3365,2339,"M","thumb_720_35708D9ARZn3xAHP9qixRUXj.jpg"
3366,2339,"S","thumb_384_1599UjYoiVtzg2LyMHRbupNA.jpg"
3367,2339,"S","thumb_384_9958gWfaUx3eymXT40wSLGuO.jpg"
3368,2339,"S","thumb_384_4816uRorNosbA7emSB2L1HD8.jpg"
3369,2341,"M","thumb_720_5888NOxYjyRNozB7ZbbEC4qO.jpg"
3370,2341,"S","thumb_384_7471m0uistnE9vTtwpca1BZV.jpg"
3371,2341,"S","thumb_384_7479Xv07Zt1h7yBImSTTgyDh.jpg"
3372,2341,"S","thumb_384_3103c2BC2u4PBNQ5kxG9BbiW.jpg"
3373,2345,"M","thumb_720_5385SJNXzK7AZqDB481Wzzzt.jpg"
3374,2345,"S","thumb_384_0169E7D4LALlcw2jIbOneU1T.jpg"
3375,2345,"S","thumb_384_3779sMnFJHnH80GxE82UtY7o.jpg"
3376,2345,"S","thumb_384_1662RkZH3X8IZOyGU2pOgqus.jpg"
3377,2349,"M","thumb_720_2856thtXqTflA3vipdGJGRY2.jpg"
3378,2349,"S","thumb_384_3443Ve9QmVtpltaErhPnfqmv.jpg"
3379,2349,"S","thumb_384_6835JhhGcZEeBD6Tw9W1NfXs.jpg"
3380,2349,"S","thumb_384_4883ailzEKO9kW9wDkAjYylp.jpg"
3381,2350,"M","thumb_720_2235TnLXrh3m7uVlJOH7EqqH.jpg"
3382,2351,"M","thumb_720_5396E5Y7iPlMot0ZkJWxGqN6.jpg"
3383,2351,"S","thumb_384_6014ppqGkUZOy1hNkJEKJWys.jpg"
3384,2351,"S","thumb_384_4978gdTjRMYUNeIZJg9l1Yv4.jpg"
3385,2351,"S","thumb_384_51949cS4XWVCgk8bgDgBQNdu.jpg"
3386,2355,"M","thumb_720_5406a2QSeySQgLVZNTCzVAWt.jpg"
3387,2355,"S","thumb_384_8622W7wpJ9CDozrX0MEKbTb6.jpg"
3388,2355,"S","thumb_384_4114ru8sxXOHORfYIJqY4tkF.jpg"
3389,2355,"S","thumb_384_0058J3gE5BiDTFDZdWZscf1n.jpg"
3390,2358,"M","thumb_720_2933R0Gf825Iaa0uCPoOTFXB.jpg"
3391,2358,"S","thumb_384_1877K5iZ9oCXS8alweQM3Jrv.jpg"
3392,2358,"S","thumb_384_90601QRtRsSG7DWjENbCNW53.jpg"
3393,2358,"S","thumb_384_3048lucJoBzhcIM7XQgxUDnK.jpg"
3394,2359,"M","thumb_720_142917XNiZ9oHREjYebdkNU4.jpg"
3395,2359,"S","thumb_384_8716bHi46581AZwx8hNnS4SA.jpg"
3396,2359,"S","thumb_384_1394zq9ZEDZoUachczcUVrmO.jpg"
3397,2359,"S","thumb_384_8713zTL9sTGY0NWU3fdQJBKY.jpg"
3398,2361,"M","thumb_720_1594hTRWRJZk5tyxHOYEM6MZ.jpg"
3399,2361,"S","thumb_384_0352geQrT0H3r2LreYswjOFY.jpg"
3400,2361,"S","thumb_384_1658YHSwtt1k5rNJuwcvGGOp.jpg"
3401,2361,"S","thumb_384_9473zodIe75uBhVFHnKrUseE.jpg"
3402,2363,"M","thumb_720_49875c1dwrod8iMLsgrfEEY7.jpg"
3403,2363,"S","thumb_384_9282QAKoMXPjSYrT7wJGEjnB.jpg"
3404,2363,"S","thumb_384_7848a7eUDXVUMmnQGCadv0TA.jpg"
3405,2363,"S","thumb_384_5392zrnVNqdGlWB30rsGEa3l.jpg"
3406,2364,"M","thumb_720_42174ePCbfnDDg2kYosh2hJh.jpg"
3407,2364,"S","thumb_384_1042JLUdK4gmX8JhH6DdxshV.jpg"
3408,2364,"S","thumb_384_6065zmyHAgVGG6XODT6Q4uQr.jpg"
3409,2364,"S","thumb_384_0026ZXLQhdkdpJi0A7cPZMSy.jpg"
3410,2365,"M","thumb_720_76078jdbjc0dJb1nVHnc5wQO.jpg"
3411,2365,"S","thumb_384_5930AfmIqvSG1BEbVr20wHBh.jpg"
3412,2365,"S","thumb_384_7989nAcLswU3FnI7dVi0Wj71.jpg"
3413,2365,"S","thumb_384_1501jCVMkZEOlIQSGtm7wX36.jpg"
3414,2367,"M","thumb_720_4064GNsfbdnOGZhZyoTJLGOk.jpg"
3415,2367,"S","thumb_384_33498uXLDbh9hOEYDFWG90QW.jpg"
3416,2367,"S","thumb_384_7939PdUrR3U7NTGPiG2v3Q53.jpg"
3417,2367,"S","thumb_384_60985SFSFi6rmX5WbuAFvWtf.jpg"
3418,2370,"M","thumb_720_3625czxoOI839QVlHxcPpVdQ.jpg"
3419,2370,"S","thumb_384_6303IA1W3wYA7vg0VCYlPCCD.jpg"
3420,2370,"S","thumb_384_1055jB7iX9UtkniF30HXfaxA.jpg"
3421,2370,"S","thumb_384_8326K1NExusCWQMT0Bh5j5Td.jpg"
3422,2372,"M","thumb_720_6981Qdx0j7nLXN5ERSxh5IzM.jpg"
3423,2372,"S","thumb_384_7697Ikg84cNfvWjrBOmfOhH5.jpg"
3424,2372,"S","thumb_384_7002kI3YigvgLgp8S1OORVBA.jpg"
3425,2372,"S","thumb_384_2574vQsgurN0MitpQbzvDieb.jpg"
3426,2373,"M","noimg.jpg"
3427,2375,"M","thumb_720_4036NtH7wgKOpfXcQ3IE3wg4.jpg"
3428,2375,"S","thumb_384_3366eKRu9KidqGD19IDYTspT.jpg"
3429,2375,"S","thumb_384_9305oxZijyoBRYzcmKKrdW6a.jpg"
3430,2375,"S","thumb_384_6236VRne6CuM9BJkK8XbxmNA.jpg"
3431,2377,"M","thumb_720_46586wmcILVHLHolssvDStl6.jpg"
3432,2377,"S","thumb_384_5808plMeVUmxAJOOshS5o4jX.jpg"
3433,2377,"S","thumb_384_1098hESKQMvZc8DhKeD4CHB2.jpg"
3434,2377,"S","thumb_384_1983nK6kszWmTHF23uBvqHMZ.jpg"
3435,2378,"M","thumb_720_0705DLoAqhoYouP2PiT18l35.jpg"
3436,2378,"S","thumb_384_8597JYVKFrdrdLHJ5TxORX6h.jpg"
3437,2378,"S","thumb_384_49788w7kGnA99D8NlQOV019P.jpg"
3438,2378,"S","thumb_384_5014wDejNOBzyNAR7kZw3iTX.jpg"
3439,2381,"M","thumb_720_2860GkysELSX58kzpkbXct7y.jpg"
3440,2381,"S","thumb_384_0045ggWDyaCM1AZzsNP8Q6Vv.jpg"
3441,2381,"S","thumb_384_48574gkQTDmtNnOmmNrqbkIz.jpg"
3442,2381,"S","thumb_384_6500X9Led97hHTLbZMTnojOe.jpg"
3443,2393,"M","thumb_720_37861dPYiIyPnuz0lpxiJGLh.jpg"
3444,2393,"S","thumb_384_5666lwWLjobkzDvjiFoFPb8L.jpg"
3445,2393,"S","thumb_384_8570ZW2MH2m44jSzoaDXFkCQ.jpg"
3446,2393,"S","thumb_384_9808wC3Khy14RVCBW872aYvG.jpg"
3447,2394,"M","thumb_720_3802Gibj5CSRvIuqnaNxP3EI.jpg"
3448,2394,"S","thumb_384_2021OnCZUq6lADhfQg3cRa8J.jpg"
3449,2394,"S","thumb_384_934432ixsatCyZcE5V7g7f6d.jpg"
3450,2394,"S","thumb_384_87355p7SGVF8FXrQ37TkFKGg.jpg"
3451,2399,"M","thumb_720_8469etKLujLulBZJOqzgxi41.jpg"
3452,2399,"S","thumb_384_3574gTYG6uNfxbqMlTS0cvR6.jpg"
3453,2399,"S","thumb_384_78262nAFogN0RfGNDeqvgtaB.jpg"
3454,2399,"S","thumb_384_8602SohZzdJTR2EwELnN4Dwd.jpg"
3455,2411,"M","thumb_720_254446Ww30lzVmXpn1t4Cesy.jpg"
3456,2411,"S","thumb_384_8262TIivphv1Oz4TLJUFVTuV.jpg"
3457,2411,"S","thumb_384_2676Xotr3HfgijrCSi3Pdtw6.jpg"
3458,2411,"S","thumb_384_4457l27guDxUM6nlgl9M8pFg.jpg"
3459,2412,"M","thumb_720_6694SzON2DKzYaucr01EyyeE.jpg"
3460,2412,"S","thumb_384_5530Jyw1zTyo5tLoW6KxwsgN.jpg"
3461,2412,"S","thumb_384_7190GZpz0yFpcgdKzSvKmgpx.jpg"
3462,2412,"S","thumb_384_3118irLvPaKO5Vd1p2ONch4S.jpg"
3463,2413,"M","thumb_720_4327uFQDuhqLQ5DL5Iiodno6.jpg"
3464,2413,"S","thumb_384_1551Z2AdWFVcRM3XOhUdYoJG.jpg"
3465,2413,"S","thumb_384_3008RL1Qnhvu5sM1MkaoE8yK.jpg"
3466,2413,"S","thumb_384_64460BIaJYzTJnhbXpjguT5h.jpg"
3467,2415,"M","thumb_720_6589y616lB5ohKlUBbMuMRUV.jpg"
3468,2415,"S","thumb_384_4954F9xZ9SS6zbypqa2Ozspk.jpg"
3469,2415,"S","thumb_384_42944pU341bmMJni6StOzXT1.jpg"
3470,2415,"S","thumb_384_3433iq5U7aHfoOI3rm25vCMg.jpg"
3471,2418,"M","thumb_720_6477p2CA19MvkWTSfpIaSPRW.jpg"
3472,2418,"S","thumb_384_8614ell9CF7fNPpvR7INPpLg.jpg"
3473,2418,"S","thumb_384_1539xak5vTV9IaWtmpXyuuZK.jpg"
3474,2418,"S","thumb_384_3353wUvpZWGr1gpkDwvN4ud9.jpg"
3475,2420,"M","thumb_720_2745g827uzFCL9JItKZSenvZ.jpg"
3476,2420,"S","thumb_384_6746cwrLcDsNSDcpMihphKo2.jpg"
3477,2420,"S","thumb_384_2933TjL2JKj9nbR1rLn0rBCA.jpg"
3478,2420,"S","thumb_384_6583v9SXKBxzwsNPSvZKOker.jpg"
3479,2422,"M","thumb_720_1819fKOADYFML8JkBiVZiTKc.jpg"
3480,2422,"S","thumb_384_4941NqXY3hlgnreJh1OB5lVA.jpg"
3481,2422,"S","thumb_384_5011uE9cKpVPtojiu2GElTaY.jpg"
3482,2422,"S","thumb_384_9792p9i6yF8HAmamUqk0Fjcr.jpg"
3483,2425,"M",""
3484,2436,"M","thumb_720_0629D3jWFsXhN3FKAsfon9rM.jpg"
3485,2436,"S","thumb_384_2683ssHO2C7mwJ5t88aCiJqm.jpg"
3486,2436,"S","thumb_384_5477Omhihk4rRfvLVj0BReRj.jpg"
3487,2436,"S","thumb_384_54902qyLgutxQrTm0HvZUehB.jpg"
3488,2439,"M","thumb_720_7930xyLRY9ynupLbdFqMWCFf.jpg"
3489,2439,"S","thumb_384_3173Zf0cGkfyF6BxJBSsfbl4.jpg"
3490,2439,"S","thumb_384_3767D4iPgm9Ge88TfcxxjiR8.jpg"
3491,2439,"S","thumb_384_8575M82rJGbGPw6pdGa9mCb9.jpg"
3492,2440,"M","noimg.jpg"
3493,2443,"M","thumb_720_87318wqs7XB2GcdcBIQ5ucxO.jpg"
3494,2443,"S","thumb_384_7684WW7e15izxhRQEBbeel9T.jpg"
3495,2443,"S","thumb_384_5007S0vWOPf2DCUNfa8HXUTb.jpg"
3496,2443,"S","thumb_384_2048G7H0TN60tiA3S7fw1vtY.jpg"
3497,2444,"M","thumb_720_6783oCTGScUXn9FNIUNHc6Im.jpg"
3498,2444,"S","thumb_384_2238cjTMefowNE0Cgs7Aqh6T.jpg"
3499,2444,"S","thumb_384_3681lxDvapKvupKynKB8dMn0.jpg"
3500,2444,"S","thumb_384_7000QRtdUMOzVOabaQ8qqdcX.jpg"
3501,2445,"M","thumb_720_2200wcX2N3KKRmsuoWvKMvE5.jpg"
3502,2445,"S","thumb_384_097350XnDlGldRP7cuJ1tAZD.jpg"
3503,2445,"S","thumb_384_3655K9A9iFebKjIitcXrgcXA.jpg"
3504,2445,"S","thumb_384_2448eFqnrMWqadtt3Wr65lJa.jpg"
3505,2450,"M","noimg.jpg"
3506,2455,"M","noimg.jpg"
3507,2458,"M","thumb_720_2285cTYU5pZtjGPV55ztu1rx.jpg"
3508,2458,"S","thumb_384_0277BQQXNL7uMasOeiIdCI2U.jpg"
3509,2458,"S","thumb_384_5606GFFNJqeka110X3YYg78p.jpg"
3510,2458,"S","thumb_384_05441l1QEhdZc098H2Wquj0B.jpg"
3511,2459,"M","thumb_720_5164L5gN2Abo26MfnrG8Gycj.jpg"
3512,2459,"S","thumb_384_6477rBcon8AfMLIZVcWTTIm3.jpg"
3513,2459,"S","thumb_384_662959SFHltae8PGGnAioDi1.jpg"
3514,2459,"S","thumb_384_3096fN2u5Bzu56Pqzf76CCK4.jpg"
3515,2460,"M","thumb_720_2772dufw1XE9JmhSfF5pQvIz.jpg"
3516,2460,"S","thumb_384_2342DtQFzxC9zYLLwENqHrAg.jpg"
3517,2460,"S","thumb_384_6958fY9BzgE1SfI7WdSlhCsL.jpg"
3518,2460,"S","thumb_384_3536GhA3FVWgUhld6NECh1QB.jpg"
3519,2464,"M","thumb_720_3447GKI71bATHFfrTXg80hth.jpg"
3520,2464,"S","thumb_384_3860LGBHLxFPDNKq0mhFN7YQ.jpg"
3521,2464,"S","thumb_384_2023eFruBmCMJL4XOXAqpjma.jpg"
3522,2464,"S","thumb_384_5723wKm0Ep9EZYzj3BUhYoBv.jpg"
3523,2466,"M","thumb_720_9269d7VVBXBCJfAsidBl42mc.jpg"
3524,2466,"S","thumb_384_8698jHw1BriYUzJePHgWZnw0.jpg"
3525,2466,"S","thumb_384_4722CHTQ9PLUNHq9Rc4aPAFT.jpg"
3526,2466,"S","thumb_384_141145CsEYbRALAq2hGRCYgl.jpg"
3527,2472,"M","noimg.jpg"
3528,2480,"M","noimg.jpg"
3529,2482,"M","noimg.jpg"
3530,2483,"M","thumb_720_4294W4Z3L4APKpKggsbq939X.jpg"
3531,2483,"S","thumb_384_5241M3auFqsReZYmziG3g6L5.jpg"
3532,2483,"S","thumb_384_2353xYSM6n4Rq46zbCvsJmDL.jpg"
3533,2483,"S","thumb_384_9107OGbZCLyEojuNSUoRHR9J.jpg"
3534,2485,"M","thumb_720_0212Mz8SNWstzLMNpEt3sd63.jpg"
3535,2485,"S","thumb_384_9241kLeUVdgjgvH57GjfPrV3.jpg"
3536,2485,"S","thumb_384_0651A4S2zTmgCB8O12RexYF6.jpg"
3537,2485,"S","thumb_384_3546942bV97u5H15RWiQkN6X.jpg"
3538,2487,"M","thumb_720_0776EDhCYnZFq4s7PnwgJ5ZY.jpg"
3539,2487,"S","thumb_384_2620eLqrHienOd4XjgoT5Xmh.jpg"
3540,2487,"S","thumb_384_5191iO7KCp9jnEgOdg25MTKo.jpg"
3541,2487,"S","thumb_384_0125HD2KZKb3Va88RXNv7PvJ.jpg"
3542,2488,"M","thumb_720_7503db5ZJrFsYcL66lAHenCG.jpg"
3543,2488,"S","thumb_384_5555dXXEtt0n9URRgEXyjv9i.jpg"
3544,2488,"S","thumb_384_3187JFGJraOuQTdbxZBjrkak.jpg"
3545,2488,"S","thumb_384_0330BZmpj8juLr0CSm7PX0eI.jpg"
3546,2489,"M","thumb_720_12975VG6pzKi3Jftw0CEm926.jpg"
3547,2489,"S","thumb_384_86816BffxI5OElPYsveE8khl.jpg"
3548,2489,"S","thumb_384_1870hEFZ6I3gVgyGOkmgUtyC.jpg"
3549,2489,"S","thumb_384_2372wDeKg01bJzhPgsbzimGO.jpg"
3550,2490,"M","noimg.jpg"
3551,2491,"M","noimg.jpg"
3552,2492,"M","thumb_720_2214U2fG11eCW7y3YKKrxC9F.jpg"
3553,2492,"S","thumb_384_4915g3Mr4tThMIrnJ0FqzXNs.jpg"
3554,2492,"S","thumb_384_8556VaYUiGlihoRXkOtemxHH.jpg"
3555,2492,"S","thumb_384_5700xEmMfwpblF164L1ZQdDD.jpg"
3556,2494,"M","noimg.jpg"
3557,2495,"M","thumb_720_2053xfK5h2zvEnDdhnFeOwNL.jpg"
3558,2495,"S","thumb_384_3737RbNGyQJZg0hoUSPNKkdR.jpg"
3559,2495,"S","thumb_384_6429hmMgjsxbJ01s3eBjGGiU.jpg"
3560,2495,"S","thumb_384_1102cbiGx4fU3l8No5YR1rcI.jpg"
3561,2496,"M","noimg.jpg"
3562,2498,"M","thumb_720_9823m0R50EzxRlwfKuawzEMj.jpg"
3563,2498,"S","thumb_384_0513elbiqYCRumnYfZqzi3dt.jpg"
3564,2498,"S","thumb_384_6378kkMISYfG3vQb5okZuDpl.jpg"
3565,2498,"S","thumb_384_9065D6G7Bx19Fl1jXkf37ATr.jpg"
3566,2499,"M","thumb_720_23243dtBTtScxEj9nd0TE23U.jpg"
3567,2499,"S","thumb_384_2418KLnYeAPsVsLtOWnGBr9v.jpg"
3568,2499,"S","thumb_384_5348PELhYpIUQULEq7tx1p2H.jpg"
3569,2499,"S","thumb_384_4228jgOSwwKqBxu123HEwCzv.jpg"
3570,2500,"M","thumb_720_6238YerOVdlJFW4EMzL5rJrq.jpg"
3571,2500,"S","thumb_384_6749HYAujneIKkWIACLRTkNG.jpg"
3572,2500,"S","thumb_384_52125qjpCfWbyBqE0eX83ak8.jpg"
3573,2500,"S","thumb_384_7799Mrmhtzc8H1uX1zNkzlod.jpg"
3574,2503,"M","thumb_720_9938S04zJ9EoaAs5hyyVlZ94.jpg"
3575,2503,"S","thumb_384_8122JwyWH0pd55G8fs6bIImc.jpg"
3576,2503,"S","thumb_384_7972wTlwhH4GeK83ALYaCSZI.jpg"
3577,2503,"S","thumb_384_1395EzFU7v3pSrT0rkjIxUZ9.jpg"
3578,2505,"M","thumb_720_3265ZR9k5rOM8EMPcNRpbEjy.jpg"
3579,2505,"S","thumb_384_3168ZSMAdn3Zshhp8yEJuQCc.jpg"
3580,2505,"S","thumb_384_0558PgClHMbzJrg66OJAMwYi.jpg"
3581,2505,"S","thumb_384_6173DCssjUftqn4MKzua82xj.jpg"
3582,2506,"M","thumb_720_9581PHUsdYHbjC2GJCDGuhNI.jpg"
3583,2506,"S","thumb_384_7195Sib4HsZi2QPpDDb62vOL.jpg"
3584,2506,"S","thumb_384_7485kPLbBFqTR2ExVCRrP9zC.jpg"
3585,2506,"S","thumb_384_5735j50ESnaIw8OjiDR9QpW2.jpg"
3586,2519,"M","thumb_720_9883e0nKk88HBjrEaoDZ9wZY.jpg"
3587,2519,"S","thumb_384_49002LlYsDGKJWYpq6Mtd8LG.jpg"
3588,2519,"S","thumb_384_15017A9MLy2NLryePpih8VEa.jpg"
3589,2519,"S","thumb_384_55460ou86JVKVn7qvtA5PXIW.jpg"
3590,2521,"M","thumb_720_5436QQGcP59KSHNGgT07rKl4.jpg"
3591,2521,"S","thumb_384_2625o169UjICr2wu86seB7UX.jpg"
3592,2521,"S","thumb_384_1678IivYyvSUciE9hlGTTaF3.jpg"
3593,2521,"S","thumb_384_9333u9EJ73h6ZAEqml0hTTiQ.jpg"
3594,2522,"M","thumb_720_13562Ddl2aBmwBtbphtLFLto.jpg"
3595,2522,"S","thumb_384_3856IrDyJqFGUKi3H0pUcjiJ.jpg"
3596,2522,"S","thumb_384_9987W8imuNfJHQLIUUW7QqlA.jpg"
3597,2522,"S","thumb_384_7198WCdR5DeDeh5Jgzwl7VAw.jpg"
3598,2524,"M","thumb_720_9203OQrIH5WNfdYk6np1jUWa.jpg"
3599,2524,"S","thumb_384_6519sBgdwZLhPvSDnXUbXHQx.jpg"
3600,2524,"S","thumb_384_4158H1cGF8YwoK9ugwzWoZ2j.jpg"
3601,2524,"S","thumb_384_7222DLJFQXTq3eAS6XvuO81s.jpg"
3602,2525,"M","noimg.jpg"
3603,2529,"M","thumb_720_4194TjCbUdlkFGZ24yH9ne3k.jpg"
3604,2529,"S","thumb_384_9700exs1w3upz3C6PAS5ZVfQ.jpg"
3605,2529,"S","thumb_384_0293jGV43qHC1XM1OIL1Q55N.jpg"
3606,2529,"S","thumb_384_4129sS1P4hWudQPr16rPwDL1.jpg"
3607,2533,"M","thumb_720_9672Aq1bhXF6NfFrrXmsN42Y.jpg"
3608,2533,"S","thumb_384_6666NDnA5R5tPr6y8iEruaBs.jpg"
3609,2533,"S","thumb_384_5725lgD4JzqWo3zaCI1ThGSB.jpg"
3610,2533,"S","thumb_384_2240KPIrLxU1m2Q0ck33cYtT.jpg"
3611,2534,"M","thumb_720_9081CwUwPKFolvnYoBJoJ1bp.jpg"
3612,2534,"S","thumb_384_7469HztgPN01SSQD19u9zyMa.jpg"
3613,2534,"S","thumb_384_33671wenA9WevIDHrnOdbxrL.jpg"
3614,2534,"S","thumb_384_9162z52hTRcrAJneQQesInJZ.jpg"
3615,2538,"M","thumb_720_6392TqzWLZaa7aO26szEuJID.jpg"
3616,2538,"S","thumb_384_031279OAWfaemYL9EhgT79mV.jpeg"
3617,2538,"S","thumb_384_8021EbACj1nqvxYapFkr5iHU.png"
3618,2538,"S","thumb_384_6867B3KCBEPbAkCd7RXs0doo.jpg"
3619,2541,"M","thumb_720_46378JE9W53IDNgVvHLpvtvc.jpg"
3620,2541,"S","thumb_384_3332ByUq9ezTssqzu8rSsVkC.jpg"
3621,2541,"S","thumb_384_1338jlej2iTH3ahtVKOjTf6N.jpg"
3622,2541,"S","thumb_384_6888V7yQR22ADCgr6kt4r3H6.jpg"
3623,2543,"M","thumb_720_4221uE5ZszX9Dtp8Dp89UD3K.jpg"
3624,2543,"S","thumb_384_1958r7KwStYX7L4z0YC6KoXO.jpg"
3625,2543,"S","thumb_384_0729LQBjfSPiQCtXUFlRCuNj.jpg"
3626,2543,"S","thumb_384_48771TYsTdPn7ZZBYPT6p6QY.jpg"
3627,2546,"M","thumb_720_0747NeYNv8sRVky5KHCg4mbT.jpg"
3628,2546,"S","thumb_384_5945G597uiB4lJNqrgMsdtca.jpg"
3629,2546,"S","thumb_384_7305VR9GYImUU77d5jt2wnlz.jpg"
3630,2546,"S","thumb_384_1534Chyzq2M6YZuDSDhYxK2r.jpg"
3631,2549,"M","noimg.jpg"
3632,2554,"M","thumb_720_9128DsT3hXPtP31PKimAMit1.jpg"
3633,2554,"S","thumb_384_2311RfS4LRBgJnox6qYID4cU.jpg"
3634,2554,"S","thumb_384_2026acf1mNId5yXK3wTg1ej2.jpg"
3635,2554,"S","thumb_384_09241DrIaiQdrFUVEHIhp23i.jpg"
3636,2555,"M","thumb_720_1458YnNGkiAhb4BTU4AFToUH.jpg"
3637,2555,"S","thumb_384_7569fq4N1VjIsEJgPSa8U15t.jpg"
3638,2555,"S","thumb_384_5345WWJNkjwiy97J7HeJZMs8.jpg"
3639,2555,"S","thumb_384_8139QiCO1JKPOPhOtXLslvBy.jpg"
3640,2560,"M","thumb_720_0923YAIZWLqe4Pv5XIA6Ptew.jpg"
3641,2560,"S","thumb_384_8680BKGY8E1DAFbagY3XkoHY.jpg"
3642,2560,"S","thumb_384_09051ZCriw2qCXSwaYwCoa4I.jpg"
3643,2560,"S","thumb_384_96745AKGhF1KK6h7dojQIaSY.jpg"
3644,2561,"M","thumb_720_1091Ul2KUkCl5rdNYW9ol2EZ.jpg"
3645,2561,"S","thumb_384_9100F3IIeCZ3jeDpvasFHion.jpg"
3646,2561,"S","thumb_384_7849VDs2IxSu83h8x6P2s9dk.jpg"
3647,2561,"S","thumb_384_9024G694PsFyiuOyEUVzpyWs.jpg"
3648,2562,"M","thumb_720_0418JB8bSRYX8NnjHLQ5Oz92.jpg"
3649,2562,"S","thumb_384_0648Xn4xNVLGZm7ycTa3vu3N.jpg"
3650,2562,"S","thumb_384_65904tgnhz3YXykKZuAyS201.jpg"
3651,2562,"S","thumb_384_18501BpIBIzERbVcoVuGjgcB.jpg"
3652,2563,"M","thumb_720_59099fu5ih4UZ9SR8h66KhNb.jpg"
3653,2563,"S","thumb_384_3758AZ8Bsvp96VP6HNmdSSRO.jpg"
3654,2563,"S","thumb_384_6322CTYQ2m8rnIw6rJGcLc7A.jpg"
3655,2563,"S","thumb_384_3666unrdexRdBFOweP6S0t8W.jpg"
3656,2564,"M","thumb_720_2047aq6xAa8J7oJvlFc3NBlg.jpg"
3657,2564,"S","thumb_384_2838HxO9eutinpxUoEg4P5mf.jpg"
3658,2564,"S","thumb_384_0137dRo0sGKb82xhJzhoOEu4.jpg"
3659,2564,"S","thumb_384_5345DlxmPfV64GOfvfpOUrH6.jpg"
3660,2571,"M","thumb_720_6976JcfCOJoVPKSJZOTE6E3f.jpg"
3661,2571,"S","thumb_384_0788yFghlBWRMrkzmgxZLj0R.jpg"
3662,2571,"S","thumb_384_7617jnt01jpxiaBI1e239bGD.jpg"
3663,2571,"S","thumb_384_4492Z9AtZHThkuKGxFnRamgq.jpg"
3664,2573,"M","thumb_720_1485OaAQpPn2ZqRy8WJwka72.jpg"
3665,2573,"S","thumb_384_5686qCo3UoSK1RMr6a6jvA0F.jpg"
3666,2573,"S","thumb_384_3329GDqPgNEaR5RzCc650HH4.jpg"
3667,2573,"S","thumb_384_7917L673NtzKr2BImzkA6Ji2.jpg"
3668,2578,"M","thumb_720_16906qENUYu8Eh2Z9cCQZKVD.jpg"
3669,2578,"S","thumb_384_2969sauVJcXMh7FR39UYg6CW.jpg"
3670,2578,"S","thumb_384_45599f3n2qO0BtqxEVGP9y5G.jpg"
3671,2578,"S","thumb_384_2021OrvsScU5EMzqKtR9Xe54.jpg"
3672,2579,"M","thumb_720_52799CjZhgRAiKy2tTuCeLjA.jpg"
3673,2579,"S","thumb_384_2333fGAwQqoKHKpp6KAn7AKN.jpg"
3674,2579,"S","thumb_384_1489YnwEJOe3A4eoxNfU99L8.jpg"
3675,2579,"S","thumb_384_6625vf9QXGIe6XbscmAv68up.jpg"
3676,2581,"M","thumb_720_8609qJ3avUyixFXnu8qGBIqk.jpg"
3677,2581,"S","thumb_384_6214Y6RL9pmhPLEo8tyuLHI3.jpg"
3678,2581,"S","thumb_384_2119sB3byGxZDRJzuO2dRhyg.jpg"
3679,2581,"S","thumb_384_9093473EzUzNLp2i454YBpJt.jpg"
3680,2586,"M","thumb_720_15893prgZiwj0kb208Ac86VU.jpg"
3681,2586,"S","thumb_384_6499QROFUj2yWYPRUw4hMQgQ.jpg"
3682,2586,"S","thumb_384_9658hCgtkRgq7e28VpkNqppN.jpg"
3683,2586,"S","thumb_384_5038MRXjZjvTS3mTIFspFZkf.jpg"
3684,2587,"M","thumb_720_7478HEZ8xVpr6dYHektM3Ju0.jpg"
3685,2587,"S","thumb_384_3200YGsUOEzHJHUCNDA33NA4.jpg"
3686,2587,"S","thumb_384_5553yui6jl770suaIJTPbtAq.jpg"
3687,2587,"S","thumb_384_6591lEgrE83C0awzIhFLzjpx.jpg"
3688,2610,"M","thumb_720_5844uJ8SI8Wu5zus4hexCXjg.jpg"
3689,2610,"S","thumb_384_2080BvkbjmX6TE7Gu0zUXc7g.jpg"
3690,2610,"S","thumb_384_1380hj2ovg7GQvEz2J1808Yl.jpg"
3691,2610,"S","thumb_384_0520GP1tCDy5qAyNri4g4SXg.jpg"
3692,2614,"M","thumb_720_1532WT3D90HTCtuKzUjrlQsc.jpg"
3693,2614,"S","thumb_384_2410OjrnBdg1SklXoQNZYro4.jpg"
3694,2614,"S","thumb_384_0712NsNJhFVtlv4sktjV5pHb.jpg"
3695,2614,"S","thumb_384_7537lyl5MausDvWVvGC75YUE.jpg"
3696,2616,"M","thumb_720_97630gihorciocn2d41R0gyX.jpg"
3697,2616,"S","thumb_384_3081M78r9YD3mziK4jxIRIDz.jpg"
3698,2616,"S","thumb_384_6418pMTQHQRnPfOCSoe0xZAK.jpg"
3699,2616,"S","thumb_384_4918MMrlyUtISzqkOVGuYivs.jpg"
3700,2619,"M","thumb_720_4531ojG6YxtpSTQREC17H98M.jpg"
3701,2619,"S","thumb_384_39629GYRNKffB8NFITeq2Cxn.jpg"
3702,2619,"S","thumb_384_0385Dr7ApxrZMiYAFnXGXQuV.jpg"
3703,2619,"S","thumb_384_8645gwaeJSbfOoSqsVD3ijTj.jpg"
3704,2620,"M","noimg.jpg"
3705,2621,"M","thumb_720_8923HADWm0qXODTutRO547M2.jpg"
3706,2621,"S","thumb_384_339106Hx02DbtoLxSCJ83RPd.jpg"
3707,2621,"S","thumb_384_3042pNynooi4895lwiV894qF.jpg"
3708,2621,"S","thumb_384_3852QArCj3ohOwpSq7OLhBVz.jpg"
3709,2622,"M","thumb_720_9555g4qeQ7WHvPAJt94YKgOD.jpg"
3710,2622,"S","thumb_384_83381lo0JjiUgC7NtqoOqwK0.jpg"
3711,2622,"S","thumb_384_0106l0ZZIIqy1jmhkVsWqfrx.jpg"
3712,2622,"S","thumb_384_7800cGViFX54ABwkvqrIMqjE.jpg"
3713,2623,"M","thumb_720_9829jOnWmcwK4uuui1jaXIy0.jpg"
3714,2623,"S","thumb_384_7496u9bcQt6HB0BIf28PxGZ4.jpg"
3715,2623,"S","thumb_384_4786mzjoDA9r6VGboSfJoTzP.jpg"
3716,2623,"S","thumb_384_1143TPkYUyZPc8aSa9MvnhuA.jpg"
3717,2624,"M","thumb_720_5347xI1tFp088sTo8ENvw4wm.jpg"
3718,2624,"S","thumb_384_9877fSZqywqaGH2EhiNCqymu.jpg"
3719,2624,"S","thumb_384_1060QQlyY7KTp66zsVz3h1kn.jpg"
3720,2624,"S","thumb_384_3908T6AXNxVvME0RTDDGFQwU.jpg"
3721,2625,"M","thumb_720_9098yXNMRiipjAmHpVL8jhVb.jpg"
3722,2625,"S","thumb_384_7061kaYEEDEG16dpRCDSs23P.jpg"
3723,2625,"S","thumb_384_5496U1q3CGJDTEB3BrJn2RTR.jpg"
3724,2625,"S","thumb_384_3730wqBdilQCsYn4Th4c1rBH.jpg"
3725,2627,"M","thumb_720_4377ZDH1i4xVZ56c2E6HcsnX.jpg"
3726,2627,"S","thumb_384_2128j5mwoefQgAFZF2xMsEzd.jpg"
3727,2627,"S","thumb_384_5029ht1VFb3KA05vfQAM0X2v.jpg"
3728,2627,"S","thumb_384_3659mpsggSKzxia3RogfgPI8.jpg"
3729,2628,"M","thumb_720_0790FCytMYlOWERrhkGxWL6W.jpg"
3730,2628,"S","thumb_384_1253h3ebRjyIn0NNyqPKAJ7R.jpg"
3731,2628,"S","thumb_384_4045hH0NcIAYoOxGjTfSXbja.jpg"
3732,2628,"S","thumb_384_4674ujAuB3r3Wah0rUXgHMpx.jpg"
3733,2630,"M","thumb_720_6613P7NfXZjdmFzuYgHSgWOU.jpg"
3734,2630,"S","thumb_384_1904lc1A08qTJ3RYyaOUl6AW.jpg"
3735,2630,"S","thumb_384_6580zBp1eYuSEHp0uPF6cweW.jpg"
3736,2630,"S","thumb_384_6575hbFNBKrDbO3fz6gcxKTs.jpg"
3737,2632,"M","thumb_720_2776qu0zBluEnmQPiU7AMg6E.jpg"
3738,2632,"S","thumb_384_3128RfwIk72vh3UEe9Cdm97F.jpg"
3739,2632,"S","thumb_384_8474WHK33GgW2un4vuCpebnh.jpg"
3740,2632,"S","thumb_384_8896wpK3mXAmmvtmH0POFYl6.jpg"
3741,2633,"M","thumb_720_5775q6asNbrEc6JDDWNDXCVJ.jpg"
3742,2633,"S","thumb_384_3581Qs02mMeQfj3A3uoPIqkj.jpg"
3743,2633,"S","thumb_384_2753EzHWQuDXBZKbQeDv9Hco.jpg"
3744,2633,"S","thumb_384_9573U4JLMf5ucVdYH7jDrs3S.jpg"
3745,2641,"M","thumb_720_6270emyJBQ9XDMFfJMkuQPNa.jpg"
3746,2641,"S","thumb_384_3804cZAsPDrHYneVhuidEIEX.jpg"
3747,2641,"S","thumb_384_1119jvl8StpPWBflMvgkDLM5.jpg"
3748,2641,"S","thumb_384_4658UDk9ZneGHLaNlqSlbeAA.jpg"
3749,2651,"M","thumb_720_87118ZZ4yH1AXRoqbW9EqRHo.jpg"
3750,2651,"S","thumb_384_1133WrL0MithD303LfqpwZNS.jpg"
3751,2651,"S","thumb_384_057616YQIRmcn7Cw6jsv9dqe.jpg"
3752,2651,"S","thumb_384_8107rbmtjaZfqNzdMNBXfQqB.jpg"
3753,2652,"M","thumb_720_1482wKUdDfliGtnvROlPI7bh.jpg"
3754,2652,"S","thumb_384_3128WgU7vqci7vTp39Lw3uh9.jpg"
3755,2652,"S","thumb_384_9520T6nvmm1YQG4eEct8L6UD.jpg"
3756,2652,"S","thumb_384_5754jivcdGwuY6Kos1q50Ewe.jpg"
3757,2659,"M","thumb_720_4787IyySxnEwpFjoa9KZP7Na.jpg"
3758,2659,"S","thumb_384_9922nXSzhnGcSjxDDiIcYVgm.jpg"
3759,2659,"S","thumb_384_2732N3wH7lbEdpKP1dUrrhnz.jpg"
3760,2659,"S","thumb_384_4128bmXkN3ogtq3tBQFKePzR.jpg"
3761,2662,"M","thumb_720_41763dqDAKrKkcKKwPh2fjDE.jpg"
3762,2662,"S","thumb_384_283238ZPSbJNwKcVp28z76uU.jpg"
3763,2662,"S","thumb_384_2520AUtJj4gSqvzThm0ET9ML.jpg"
3764,2662,"S","thumb_384_2761FTl5gto9DYkrbajINDz8.jpg"
3765,2667,"M",""
3766,2667,"S","thumb_384_8615JGOXmnM73zmCNJ3y4bsq.jpg"
3767,2667,"S","thumb_384_0444UgMfykZsgeJAlrLNAAo7.jpg"
3768,2667,"S","thumb_384_4923NPiENFo5CLhGnDeUCXUb.jpg"
3769,2669,"M","thumb_720_6995m39rjRyIBM9PgKmsPZ1r.jpg"
3770,2669,"S","thumb_384_0125uGPxtcPVl9hOwGGjImkw.jpg"
3771,2669,"S","thumb_384_5185Ewvr1YNk3N1QFgZSFJtI.jpg"
3772,2669,"S","thumb_384_6331p7sHWC3fvYMETCydZbqC.jpg"
3773,2670,"M","thumb_720_2501XLT2tGNzD69nL8AcX4U6.jpg"
3774,2670,"S","thumb_384_41398ZZhTFmUreELdCLxyha6.jpg"
3775,2670,"S","thumb_384_9499H866L0uAckC6dPa5nASj.jpg"
3776,2670,"S","thumb_384_1659H6C3aaB1Ig1cucmzPcKG.jpg"
3777,2671,"M","thumb_720_3041pLniGuK8YBf3p34hDWUx.jpg"
3778,2671,"S","thumb_384_4138zSg4eZ7W74w8oDylat15.jpg"
3779,2671,"S","thumb_384_1929qYax7GY4dy5kUpEjv6KQ.jpg"
3780,2671,"S","thumb_384_1177FbLpGZ8wMwVXJSAGWKx4.jpg"
3781,2672,"M","thumb_720_8622MUgbQjvlvxxPtpZckjRE.jpg"
3782,2672,"S","thumb_384_16553wND3WflYzaXnVL3jREQ.jpg"
3783,2672,"S","thumb_384_9775er3PA3OT1Xq4XO8VD0r5.jpg"
3784,2672,"S","thumb_384_07281F4jzAX3aD121CjFbzIq.jpg"
3785,2685,"M","thumb_720_5366xX72k5Bw0rAQ5QK8ZIDL.jpg"
3786,2685,"S","thumb_384_3398s8pzZTSwX0ssd6N0IItH.jpg"
3787,2685,"S","thumb_384_5519FJxn61ge6yq5ntjgt3t8.jpg"
3788,2685,"S","thumb_384_8726mYB9XRBWiNeAi6iu2hNm.jpg"
3789,2686,"M","thumb_720_7963U4ikY1q29BGjZb5Llo9i.jpg"
3790,2686,"S","thumb_384_431496y1Cog7AS4Rqo7TVwpd.jpg"
3791,2686,"S","thumb_384_8982zpBQUJxTJd359iEVpBKM.jpg"
3792,2686,"S","thumb_384_1762wmfO8crwZdoTaJmrUQQC.jpg"
3793,2688,"M","thumb_720_3982uXwQG8oix50IIFKL6C3r.jpg"
3794,2688,"S","thumb_384_3492HGk9LEQ8mpbtpIDBAL8b.jpg"
3795,2688,"S","thumb_384_2146dAl7mwPvly0gboSlh0Bn.jpg"
3796,2688,"S","thumb_384_7346FZ51sidwldqbheiSNlnP.jpg"
3797,2692,"M","thumb_720_0922fJ3CDBnUpNN9zYm4aOxn.jpg"
3798,2692,"S","thumb_384_0394eHg0zKX2Qqndu24PB5TR.jpg"
3799,2692,"S","thumb_384_5199ecabL5FhK8cu7xUOXfnT.jpg"
3800,2692,"S","thumb_384_9879onAJCQKkQztiglLUDW7C.jpg"
3801,2695,"M","thumb_720_3557d2WMTih83e3zTmEXXlGH.jpg"
3802,2695,"S","thumb_384_1431izHZWvgfi3qlg3Up7FJi.jpg"
3803,2695,"S","thumb_384_7537HA0U4cxlyDraqAExDHe9.jpg"
3804,2695,"S","thumb_384_4682RgjggSwpgPW4w02lNAyh.jpg"
3805,2696,"M","thumb_720_0190i5O4AeLzJDeJcJjYL4xY.jpg"
3806,2696,"S","thumb_384_8990gBZ7Skn8YcT7RpqjQZX9.jpg"
3807,2696,"S","thumb_384_9729MBrlYpvVxpp7Oiq7rTfg.jpg"
3808,2696,"S","thumb_384_4191QL7Tt8HvXmAyxXlYKbJQ.jpg"
3809,2697,"M","thumb_720_2948k6nSXoE9KEnnlV3KcSBG.jpg"
3810,2697,"S","thumb_384_2671sMRjX1BC3FAbHI2ndQbL.jpg"
3811,2697,"S","thumb_384_18845GzsYZoKWuliTvMCCOKi.jpg"
3812,2697,"S","thumb_384_9291cPc6WQOWcUKeLLKMFMKj.jpg"
3813,2698,"M","thumb_720_6630BO8Mm2EBGUsPVykJNoe9.jpg"
3814,2698,"S","thumb_384_6279m0RFfcN2loTKpyohKufh.jpg"
3815,2698,"S","thumb_384_4167kd8WK4uok82G1GLNgbu8.jpg"
3816,2698,"S","thumb_384_5786ZrBJzbqjBg7MSvMGXbmp.jpg"
3817,2700,"M","thumb_720_7365UBzkFgMWk947EedGe4Nb.jpg"
3818,2700,"S","thumb_384_9276JVoiUvStZVI4Z4wlR5Q9.jpg"
3819,2700,"S","thumb_384_3926mImYR3v0sAJQCs0k40e3.jpg"
3820,2700,"S","thumb_384_8713jCDBB09Xyr7X70NZTSNv.jpg"
3821,2701,"M","thumb_720_0057BDtGq2YQNTDqhnrrwzH5.jpg"
3822,2701,"S","thumb_384_70614ZbfbkOvxbrWTkxDmqpp.jpg"
3823,2701,"S","thumb_384_8897i47c0rZdkpfTGKWqnC1j.jpg"
3824,2701,"S","thumb_384_1897fLDWZFQ6mcAxvOFReUW3.jpg"
3825,2703,"M","thumb_720_2890o5rTanipvxecRAsCWCNh.jpg"
3826,2703,"S","thumb_384_33732OBmAEm2yoi2e0zeBwC5.jpg"
3827,2703,"S","thumb_384_6975zVbaNi0eQLKkquXT013v.jpg"
3828,2703,"S","thumb_384_336614gh3EDRg5dk8aMCHjs4.jpg"
3829,2704,"M","thumb_720_5982gWuHcDkprSOf7gKx1wA6.jpg"
3830,2704,"S","thumb_384_2320T6nUKTelEsK9KngL2uGV.jpg"
3831,2704,"S","thumb_384_8645hHoneAOoOVx1bMs6u7wd.jpg"
3832,2704,"S","thumb_384_1811xynNLZVIFTHnLde6dgxV.jpg"
3833,2709,"M","noimg.jpg"
3834,2717,"M","thumb_720_7201YDe1bxsuByjpJcLh2OwU.jpg"
3835,2717,"S","thumb_384_5211LaYNdOeiKDKJ9PeHfRKg.jpg"
3836,2717,"S","thumb_384_4110dcZvx6btTQbrAIg4Wfpi.jpg"
3837,2717,"S","thumb_384_1274yfynfihRH7PgtAdaNSuD.jpg"
3838,2719,"M","thumb_720_91560AFvkE9NuhY8wuJGuUEO.jpg"
3839,2719,"S","thumb_384_7684BOH08kYBADATjp5keLfz.jpg"
3840,2719,"S","thumb_384_2057huu0nG2K1MlvHEQrtAGu.jpg"
3841,2719,"S","thumb_384_45040v6D83nlkVnXbN8Fpf1T.jpg"
3842,2720,"M","thumb_720_5680vn6c7aBlrE1DJTqyWPqu.jpg"
3843,2720,"S","thumb_384_5472FPRWtSVO6DEgzDRNRMt3.jpg"
3844,2720,"S","thumb_384_7125zdd6WkHzJQ8P8cD3xLmP.jpg"
3845,2720,"S","thumb_384_8629Lqet9mplVVGDdXa8y9MJ.jpg"
3846,2729,"M","thumb_720_9171Nwdo83u3r2s4SEVDhN3P.jpg"
3847,2729,"S","thumb_384_3658yEyEfi0CENTFach5pXWR.jpg"
3848,2729,"S","thumb_384_5027S7wqqGXgttrSsq0SWiHX.jpg"
3849,2729,"S","thumb_384_9345IHAMZTch46FFr5Yq1HKq.jpg"
3850,2730,"M","thumb_720_8356bll4qY2j6MMmIErmsUbe.jpg"
3851,2730,"S","thumb_384_3291L4VxffcUl0OwfHtoPSBr.jpg"
3852,2730,"S","thumb_384_5614NnKnCJfqUvj0Rmfl3FSj.jpg"
3853,2730,"S","thumb_384_8661Wa765Ye8OH7T8MpxXGPy.jpg"
3854,2732,"M","thumb_720_8998mspUM0NGT394OPzhixnb.jpg"
3855,2732,"S","thumb_384_7058GLAkDLyDbz1VMd54bEM7.jpg"
3856,2732,"S","thumb_384_5434SM9BsZSrzSYa8mghh3nZ.jpg"
3857,2732,"S","thumb_384_79810aTz1piJh5rXYwrQcbWf.jpg"
3858,2733,"M","thumb_720_5326fUgeINFCSvziqamg63Bw.jpg"
3859,2733,"S","thumb_384_8243eSwJFGCKTu8q1gIm0iL8.jpg"
3860,2733,"S","thumb_384_5191K6pO0gcZalQHefxWlCVh.jpg"
3861,2733,"S","thumb_384_46569wgDbsFOkX6wPVCdaFLe.jpg"
3862,2734,"M","thumb_720_5764lbMOxtmaT9tN8zQ80EFZ.jpg"
3863,2734,"S","thumb_384_9942m8DhJpy3leKD5GAu01gK.jpg"
3864,2734,"S","thumb_384_3656ooEvLVokJwg1hQOYJMWU.jpg"
3865,2734,"S","thumb_384_9266jwaNIPTQvDvtpi1u8JLa.jpg"
3866,2735,"M",""
3867,2739,"M","thumb_720_3462eFBSWiTtSzsPlvgrL3p7.jpg"
3868,2739,"S","thumb_384_1654jqwndn0FtbkR7xB2ozwo.jpg"
3869,2739,"S","thumb_384_7268p6Mu9OSgY2Mg5AhUxWcQ.jpg"
3870,2739,"S","thumb_384_7514rzz2aWeXJ2SUg7k3JDJO.jpg"
3871,2749,"M","thumb_720_8647ofKxvic89AinZVuo7iIj.jpg"
3872,2749,"S","thumb_384_8273fNkqdPbTfRcCiXikoSe3.jpg"
3873,2749,"S","thumb_384_9991sr1wXK3tFgdQN28uU6AE.jpg"
3874,2749,"S","thumb_384_5333biCbEmvX6q5lFoK4Yu2e.jpg"
3875,2750,"M","thumb_720_5509pArp98DGWEpYuH4vFTM8.jpg"
3876,2750,"S","thumb_384_6748n4UGPWfYdH4omkUGyKHt.jpg"
3877,2750,"S","thumb_384_8805Rw9PrDKgT7pbrlaXsXAn.jpg"
3878,2750,"S","thumb_384_4718klELcnV50hYclncycev5.jpg"
3879,2751,"M","thumb_720_9309RxExGlYq3UazpBZTJ7Bo.jpg"
3880,2751,"S","thumb_384_4067Xo2E1fCRmZkHvrGeVxjf.jpg"
3881,2751,"S","thumb_384_8215xXFg27GiW53b8oUjvvfU.jpg"
3882,2751,"S","thumb_384_6787w1exqCgtbzBlfobDL06R.jpg"
3883,2753,"M","thumb_720_0720CQsmhj0FXQ1mDBndFOVK.jpg"
3884,2753,"S","thumb_384_7914RIoKVOMBncMiBvwr57GT.jpg"
3885,2753,"S","thumb_384_0017S7R7dREOIB89a2HmFjHi.jpg"
3886,2753,"S","thumb_384_358648pVsCRXR5bYYnHfoB9f.jpg"
3887,2755,"M","noimg.jpg"
3888,2758,"M","thumb_720_5123mTe4GUqfU00ggiJG7EX7.jpg"
3889,2758,"S","thumb_384_0431o1IvDMMve9RVlK2mOJ6R.jpg"
3890,2758,"S","thumb_384_8502YvCpMeIfHxovzQUrtpMz.jpg"
3891,2758,"S","thumb_384_8165A89xvM24P21PAtD6OMoa.jpg"
3892,2762,"M","thumb_720_46653xxFzd3HepYFbO6vyRrU.jpg"
3893,2762,"S","thumb_384_6541ER3HOWobU54ORENml4VZ.jpg"
3894,2762,"S","thumb_384_9218T1PrvJB62IRhEFpSyumW.jpg"
3895,2762,"S","thumb_384_1078OMmJivQT0FZSEbdr6MeW.jpg"
3896,2764,"M","thumb_720_3020kHyMZxrBs82WoXyvlDZN.jpg"
3897,2764,"S","thumb_384_3643BcgfeEt5pZqajzWGAsNl.jpg"
3898,2764,"S","thumb_384_2881D8rUND60YPqu2FjUre2A.jpg"
3899,2764,"S","thumb_384_2202dCFpU4sPmbMKtvmeIhjT.jpg"
3900,2765,"M","thumb_720_6953nJ2hDvQIUbKGK7FijH8h.jpg"
3901,2765,"S","thumb_384_4280EzE2YhytwlE9lAwFQYF4.jpg"
3902,2765,"S","thumb_384_0723HGr5LsuVMxUvHUzZvJL3.jpg"
3903,2765,"S","thumb_384_9472yMMzmrwTX0oMrsG9Mg31.jpg"
3904,2766,"M","thumb_720_3859WTXrZZ0lqJqj3HLQyoxB.jpg"
3905,2766,"S","thumb_384_8409nEz0bFNbUJAFOSllZnm5.jpg"
3906,2766,"S","thumb_384_3862acIcgRQW0uDpsorzV5AV.jpg"
3907,2766,"S","thumb_384_6065tEG9JkXAqjdCys28X18Q.jpg"
3908,2771,"M","thumb_720_4028OD55cBSP214QftiTbpHA.jpg"
3909,2771,"S","thumb_384_0133iZb0KX5jKCj8ho8MTEIr.jpg"
3910,2771,"S","thumb_384_4587Rorp3SRvqviba9mthZWj.jpg"
3911,2771,"S","thumb_384_1345wqC6sVVMUTJuCsHzqoWu.jpg"
3912,2774,"M","noimg.jpg"
3913,2778,"M","thumb_720_9353xrGZmnNzK3RUm0bNnMqS.jpg"
3914,2778,"S","thumb_384_7120TT4QMHAmLzmrNzDVaBpO.jpg"
3915,2778,"S","thumb_384_67708RYmYPOfHHmUMdgYlWOr.jpg"
3916,2778,"S","thumb_384_96837asA85f9OPi1Lzbp8n0A.jpg"
3917,2782,"M","thumb_720_5202ba8z9HkyvcbHMXUrnwyP.jpg"
3918,2782,"S","thumb_384_1800Xupc2z4L5ztwJ8vOSCnl.jpg"
3919,2782,"S","thumb_384_4055S3yESQPcT9ZFkfmLLVYM.jpg"
3920,2782,"S","thumb_384_7272DPnvoedYgBj8QLl7eKZO.jpg"
3921,2783,"M","thumb_720_08352R5j8nJ3yXyj42zr5pGP.jpg"
3922,2783,"S","thumb_384_2216FcWXfBXI3M6CIUbMLj3D.jpg"
3923,2783,"S","thumb_384_0781TqQ8WxV2JBEGjeZgA8dX.jpg"
3924,2783,"S","thumb_384_3809V8t8WYqVxu6Dqti6XtDv.jpg"
3925,2786,"M","thumb_720_0570xz7X0BRWHCH3uI2fbT98.jpg"
3926,2786,"S","thumb_384_9295hhMeZmUEy2v1FJNWSEXt.jpg"
3927,2786,"S","thumb_384_4840A5WCKp4wtMEliUMqp91W.jpg"
3928,2786,"S","thumb_384_2341Za5PI9Ad1q28lWwjPqFh.jpg"
3929,2793,"M","thumb_720_8614Fe3zCVM4d9CaQHJiSv8M.jpg"
3930,2793,"S","thumb_384_3815aSQqOC9bc4STM0ijTt9C.jpg"
3931,2793,"S","thumb_384_6341pT6I4ZMsISVnABSbI3Bn.jpg"
3932,2793,"S","thumb_384_38650cAitxlJpWbgO0qmgwiP.jpg"
3933,2794,"M","noimg.jpg"
3934,2800,"M","thumb_720_1589dfEuEk2vMuVDWBLDNKzf.jpg"
3935,2800,"S","thumb_384_7084h1bePW3CjebSYYDj0SuB.jpg"
3936,2800,"S","thumb_384_9185FHhR1OZdn6RcOJ9iyb9u.jpg"
3937,2800,"S","thumb_384_2407M9pSIzhUvmn0Z3XRrEWM.jpg"
3938,2808,"M","thumb_720_6452zkmZE8VhSIq8iWPAeT4z.jpg"
3939,2808,"S","thumb_384_3494iuDBfKgcQ9jgnjuwgvG6.jpg"
3940,2808,"S","thumb_384_3574AsVEH62kPokfV1zDZUso.jpg"
3941,2808,"S","thumb_384_1752v6o8Qe7UbBHr13XStyon.jpg"
3942,2809,"M","thumb_720_6203FwUdn5Bv3KU2wownbyJl.jpg"
3943,2809,"S","thumb_384_7216A0rh88XRqx6qXIXuuVSY.jpg"
3944,2809,"S","thumb_384_1803C32CtNmikDr1UQmSDLUy.jpg"
3945,2809,"S","thumb_384_1033x0UqPDzLxdo3rZZOhXET.jpg"
3946,2810,"M","thumb_720_4659DExQir6uUcumESGf3tih.jpg"
3947,2810,"S","thumb_384_45035j5UzmxIJBR6muB38ipX.jpg"
3948,2810,"S","thumb_384_9652O4UQEhGipUFmhNumfUOk.jpg"
3949,2810,"S","thumb_384_3930cXlWrfk2PYZKdR3fwuUw.jpg"
3950,2811,"M","thumb_720_9741B6d15T5IxOxenyiTYO9R.jpg"
3951,2811,"S","thumb_384_6221LB2cDzmMGVW8CmH6nEbK.jpg"
3952,2811,"S","thumb_384_0597lg24CLCxA07xXg3zSkc1.jpg"
3953,2811,"S","thumb_384_41402OeHHz4q143CPepQduR3.jpg"
3954,2812,"M","thumb_720_5337g0dxyS1NwxIpf9v6fiPm.jpg"
3955,2812,"S","thumb_384_5691U6J5YMK3EzAt43lejEgN.jpg"
3956,2812,"S","thumb_384_8065rdJq12NroXgy4yWt6AWy.jpg"
3957,2812,"S","thumb_384_20264g9FC4cZqO9ciukQSKCg.jpg"
3958,2813,"M","thumb_720_4048HE3Y02QL5FGmJvAm4a0J.jpg"
3959,2813,"S","thumb_384_9641NokKPyHDjlU1WlOqKedQ.jpg"
3960,2813,"S","thumb_384_4195RBEusohEsJbnlDMwhW2n.jpg"
3961,2813,"S","thumb_384_30911tRCGs3iTPNKblHZ7bCs.jpg"
3962,2815,"M","thumb_720_5625GYwuLNa0M07xuoV7m4u9.jpg"
3963,2815,"S","thumb_384_3934zV9V8ZvUpQk8CCUi71mx.jpg"
3964,2815,"S","thumb_384_3863ivyjy8Ynw3n8AMfTBq4S.jpg"
3965,2815,"S","thumb_384_6677EV6M7JSQGj18alTqh9oz.jpg"
3966,2822,"M","thumb_720_53733Lpgo21kHBL1MVI4MlEy.jpg"
3967,2822,"S","thumb_384_8075kQn2TGnQA3chPldpbcsV.jpg"
3968,2822,"S","thumb_384_6243cYE0jcxmqV74zAEOTglJ.jpg"
3969,2822,"S","thumb_384_1543TvDOqu2dwwwo7l9FwC67.jpg"
3970,2823,"M","thumb_720_0554rHRBYMEFwUWi9yQHmqGD.jpg"
3971,2823,"S","thumb_384_9705DElkYQUcPQfUn554igK7.jpg"
3972,2823,"S","thumb_384_3260H2G4MtOOgEtjx9EvXIC9.jpg"
3973,2823,"S","thumb_384_8502A9b3001jBL8SIv7QCOud.jpg"
3974,2824,"M","thumb_720_1537q8jr9qm1E5tgHrwrvMHM.jpg"
3975,2824,"S","thumb_384_80059Yq3BvtV44ghsqWoDYac.jpg"
3976,2824,"S","thumb_384_0174fApaz3evljDpZ9N9lxQK.jpg"
3977,2824,"S","thumb_384_6610LpKiX6XDCPv1dhEeikzn.jpg"
3978,2825,"M","thumb_720_7237jkiKSrUP09dg1tl7trLo.jpg"
3979,2825,"S","thumb_384_8159skChsXsXCQRi5D9tSBR6.jpg"
3980,2825,"S","thumb_384_7186DdbUAPGxEjuPH4LrSrHV.jpg"
3981,2825,"S","thumb_384_7858SvjG5Ce4M4KJGIbAUc8k.jpg"
3982,2828,"M","thumb_720_5351jBs42mSnmtvJgYBwadJv.jpg"
3983,2828,"S","thumb_384_7785ydQhrFDNhMgtiC6obnLp.jpg"
3984,2828,"S","thumb_384_1280V3govtR8WMxBQWemLZ2x.jpg"
3985,2828,"S","thumb_384_4359weGAoehpOg1PmyY8NUfP.jpg"
3986,2830,"M","thumb_720_3689ShzlXbLwBJY92c9Xvr3R.jpg"
3987,2830,"S","thumb_384_0144Ec3gzSJR3odzqImrl6RJ.jpg"
3988,2830,"S","thumb_384_2683aYqOcPJjIf8jebuEbGp7.jpg"
3989,2830,"S","thumb_384_1194sNGgeMmAQ882hzzo4Fh8.jpg"
3990,2831,"M","thumb_720_0821CauMJAE1cqiPzLLqlQK6.jpg"
3991,2831,"S","thumb_384_8650qR38NVAsCZ366oE1bUnX.jpg"
3992,2831,"S","thumb_384_8752qbi9nrxkbYL1DygMnUX1.jpg"
3993,2831,"S","thumb_384_5158RqHpE3EtwFQ2NHuRzERT.jpg"
3994,2833,"M","thumb_720_5660FydvE0B4iKPcYCnS8bUj.jpg"
3995,2833,"S","thumb_384_1525GYcl417TYmyLt2HsUJCj.jpg"
3996,2833,"S","thumb_384_4680Q6nbRDWVrov1FEG4wkuz.jpg"
3997,2833,"S","thumb_384_4445Y6socZfDqPVTZMIG54hk.jpg"
3998,2841,"M","noimg.jpg"
3999,2842,"M","thumb_720_4386l9ZB6Sp7qGrZI5hyaNbO.jpg"
4000,2842,"S","thumb_384_6003UJ9Iy8DXwczj4Qcm2Ai7.jpg"
4001,2842,"S","thumb_384_0059WgWZFuXlolFCl3w7GJSF.jpg"
4002,2842,"S","thumb_384_3028WXCdEmbOq9nOFPm2RdMQ.jpg"
4003,2843,"M","thumb_720_0189IkXuZ8gllhFUc6n4SFjx.jpg"
4004,2843,"S","thumb_384_218126oOP06PF60xs3UcDiKC.jpg"
4005,2843,"S","thumb_384_4184WRKx5uXLS3NU9NE0Vofz.jpg"
4006,2843,"S","thumb_384_6008J9kjRSYNuxJl1Zb5hqpK.jpg"
4007,2848,"M","thumb_720_6704d5gR8w2dwAVThFC5QXDD.jpg"
4008,2848,"S","thumb_384_8124TkPq9hwW6p0KS3i555Af.jpg"
4009,2848,"S","thumb_384_4834gnaznRzqX5ZKu9ZTlfp0.jpg"
4010,2848,"S","thumb_384_9748b7Mw3DOLXjzOTMWy7CCl.jpg"
4011,2851,"M","thumb_720_3966VjCUtpRHgVkha56wpWf7.jpg"
4012,2851,"S","thumb_384_0230swZq8SUjeX76yp5PwMQQ.jpg"
4013,2851,"S","thumb_384_8936bm5TtmxYueVpuZyKANI2.jpg"
4014,2851,"S","thumb_384_95999g4Z5oHZQZHtbrzW8dId.jpg"
4015,2852,"M","thumb_720_2749u7OFekb764VqNo6Ov1NH.jpg"
4016,2852,"S","thumb_384_0384liMtigf7OKFYxTALGUjx.jpg"
4017,2852,"S","thumb_384_9854oBla0ZQK9EDHwiAp3exj.jpg"
4018,2852,"S","thumb_384_89039NDD7Te5HtV3fAhu5OXf.jpg"
4019,2853,"M","thumb_720_8104xEqSfrjdfTstuCf6eTxw.jpg"
4020,2853,"S","thumb_384_0730147FlwUcGd1xEBHVMJGv.jpg"
4021,2853,"S","thumb_384_0814wekGg910F793DzlMdEKQ.jpg"
4022,2853,"S","thumb_384_8131a6O13sZ2Iy4jqbVD5wbP.jpg"
4023,2854,"M","thumb_720_6245pZvQn6FGHnUYZWLUkXqn.jpg"
4024,2854,"S","thumb_384_875952jBqVGmOL27T9getygQ.jpg"
4025,2854,"S","thumb_384_4332ZnFwI9TfoIrHNHR9vGHl.jpg"
4026,2854,"S","thumb_384_3817HTLt1tkq8nZNc2w0BWD7.jpg"
4027,2856,"M","thumb_720_0897JB7hikURivECSPTV4JSx.jpg"
4028,2856,"S","thumb_384_4796JFHggjTkBMhfPDv4du8h.jpg"
4029,2856,"S","thumb_384_10415JJvRLRmn2h74glZ3pV5.jpg"
4030,2856,"S","thumb_384_4238w7m9FWQMKEPTJjJ7gQb0.jpg"
4031,2857,"M","thumb_720_2449HT5xcF30wzdXA6nLjp66.jpg"
4032,2857,"S","thumb_384_37978wbNibm27jFwLySOV35m.jpg"
4033,2857,"S","thumb_384_5222nhbeFkjctbM1O1LWAVz9.jpg"
4034,2857,"S","thumb_384_8877ndsw43m5ksj5RBGrnJmW.jpg"
4035,2860,"M","thumb_720_1079TCYWHWQxlTOcvSmUB57F.jpg"
4036,2860,"S","thumb_384_1632yh3hXZpZp2AUEDw9hq0t.jpg"
4037,2860,"S","thumb_384_3486ShuRao1VLLJdTJpMGIcY.jpg"
4038,2860,"S","thumb_384_5742lCZGJM06bCKsBw0FBU6x.jpg"
4039,2861,"M","thumb_720_8372yiAyXWk5mE4cSfCeVFK4.jpg"
4040,2861,"S","thumb_384_3372uaKhAo6dVCH9NN9KdIbR.jpg"
4041,2861,"S","thumb_384_9412LkhZtzzdL8rTfChHNzH6.jpg"
4042,2861,"S","thumb_384_0039L6JuoHHxzYGCjD3dKlhO.jpg"
4043,2865,"M","thumb_720_1531V0tD2NypDr8HE6Mw4Wwj.jpg"
4044,2865,"S","thumb_384_5470x7KDwwJ8EOrHWghyP8tp.jpg"
4045,2865,"S","thumb_384_5988TqIx1gXhthzvg2Gs7PQv.jpg"
4046,2865,"S","thumb_384_5804ovH5kJbB9kuwZ2I03yRx.jpg"
4047,2867,"M","thumb_720_0841CSvSg37b24k9WXlTYbmF.jpg"
4048,2867,"S","thumb_384_7973f86mNEdG1HAxgDfwjtDr.jpg"
4049,2867,"S","thumb_384_3380CcSGXhPIugwBxXXztoYd.jpg"
4050,2867,"S","thumb_384_5390ZbYsTB0PsbD9SGWXjNMR.jpg"
4051,2872,"M","thumb_720_3491ySa5N9tTQJ8a9G6TcQ09.jpg"
4052,2872,"S","thumb_384_5220VBs38Agn3ZiKPb64SVeE.jpg"
4053,2872,"S","thumb_384_6604AyonCnnXU65hIXFCR680.jpg"
4054,2872,"S","thumb_384_5651AUa2bFxYMY1aNytkaFyG.jpg"
4055,2873,"M","thumb_720_7673r8b4qvk8LfUQkylQnZum.jpg"
4056,2873,"S","thumb_384_7070j45fKYmRY3eYXaHP0km5.jpg"
4057,2873,"S","thumb_384_8018YQQZkiqZnLXPrX7gRwqc.jpg"
4058,2873,"S","thumb_384_4121Rarc6vO2s7F4XDefr6QY.jpg"
4059,2874,"M","thumb_720_5028QtKY2BOS9dCTXkNI3Ih7.jpg"
4060,2874,"S","thumb_384_4281qMGU3RdbaScWYxgZeCFl.jpg"
4061,2874,"S","thumb_384_0253r4ahgMsaewLA2id5IUez.jpg"
4062,2874,"S","thumb_384_9249vXjhan49liRFg7nC3kyR.jpg"
4063,2876,"M","thumb_720_01923TTcSPPoTq4qIP9DxSBv.jpg"
4064,2876,"S","thumb_384_58835dJMEu51n1yBBi5pc99w.jpg"
4065,2876,"S","thumb_384_0238EVC6bWthN0zfG8jT3u87.jpg"
4066,2876,"S","thumb_384_3132kMgRCewnaLhADxf9l8cH.jpg"
4067,2877,"M","noimg.jpg"
4068,2879,"M","thumb_720_6179XFOJXJWNQsTyFVuINnEW.jpg"
4069,2879,"S","thumb_384_5865CzMCH7iHTaAKPp2QJhLl.jpg"
4070,2879,"S","thumb_384_301912XsBGmOYORjyKjwkHVK.jpg"
4071,2879,"S","thumb_384_4194kcsqYPwOUGYPbR3ciGgA.jpg"
4072,2880,"M","thumb_720_5973IYXgE1LhQMhxDEdjqUpZ.jpg"
4073,2880,"S","thumb_384_50064fTTkIGnXLJjePoxBkgY.jpg"
4074,2880,"S","thumb_384_3534iGDhKU88GoCL68DbtY4Y.jpg"
4075,2880,"S","thumb_384_1667pYt30JrfsBKU6cHBPZup.jpg"
4076,2881,"M","thumb_720_2089KzDOqwshvGHl3xc7vSpa.jpg"
4077,2881,"S","thumb_384_15037Be7h45lElacT7xykvKq.jpg"
4078,2881,"S","thumb_384_37067yOpNw4udGJviA6gYacs.jpg"
4079,2881,"S","thumb_384_2193SUYhaEE4BSRH36u4B0sM.jpg"
4080,2882,"M","thumb_720_5674rqtQUdif9DmNsPpxQccV.jpg"
4081,2882,"S","thumb_384_6660nONruJQ2xJ2IyDSViHwx.jpg"
4082,2882,"S","thumb_384_9496yXkq2Ogwnd0rlRJakpfh.jpg"
4083,2882,"S","thumb_384_8621NPCBJjSBP0sqR4iOzOzX.jpg"
4084,2885,"M","thumb_720_6896m5VUlRLTmU3K8RvTLreo.jpg"
4085,2885,"S","thumb_384_5642297sUdAFp5GsvVtHkBbW.jpg"
4086,2885,"S","thumb_384_4988Qim0oerwNbWzuE4lPlXz.jpg"
4087,2885,"S","thumb_384_5615PDnouQDmE7Q2zzuS6VaH.jpg"
4088,2886,"M","thumb_720_9348MeLp7rck4RJKm9R9tAHP.jpg"
4089,2886,"S","thumb_384_4701xMxhYDJEoUqlkUmXxEn8.jpg"
4090,2886,"S","thumb_384_7818iLBnw4khffh1KMqkDe50.jpg"
4091,2886,"S","thumb_384_0443zOcr5a1PV9GCScoPi3wZ.jpg"
4092,2891,"M","thumb_720_8925n0C3tKuPpba95AhEK6fA.jpg"
4093,2891,"S","thumb_384_8160Fp3KyK0jgvvAjpgg5lRl.jpg"
4094,2891,"S","thumb_384_63782CucwxeaVQonLyJTuqsK.jpg"
4095,2891,"S","thumb_384_8291qTZZnxiEZ4OeqH07P7FK.jpg"
4096,2892,"M","thumb_720_0121ljaQCUFqabPAp4ca4EiT.jpg"
4097,2892,"S","thumb_384_5476hKV1FgjoWYkHAYURmFJF.jpg"
4098,2892,"S","thumb_384_1429CbhxbcWD9EpmItRpq8nq.jpg"
4099,2892,"S","thumb_384_9871BUNJEbGOrHTxUEBh1ESl.jpg"
4100,2894,"M","thumb_720_8524TkoJHFch2f8n7QeKy4Ey.jpg"
4101,2894,"S","thumb_384_2498NyvUnJtTL67QfMVe4AAh.jpg"
4102,2894,"S","thumb_384_4756zz06q9Fsns7wWG5WQHu3.jpg"
4103,2895,"M","thumb_720_0111mmHLbB7CFLEtfmfFS5zp.jpg"
4104,2895,"S","thumb_384_5405Rzwuu1FsUa5vTpxaBMPu.jpg"
4105,2895,"S","thumb_384_1754mQR5jXzkTPEwhNtqkI9p.jpg"
4106,2895,"S","thumb_384_11904oY1jevNBBdRqnynlkWI.jpg"
4107,2896,"M","thumb_720_3015MIPZ6RXolEdHAwcQcwWg.jpg"
4108,2896,"S","thumb_384_8799Vd0wm72yQGG2xFqUzqn0.jpg"
4109,2896,"S","thumb_384_68646otnHsr0GPNGVARYQGJ8.jpg"
4110,2896,"S","thumb_384_7025dzwUT0OJNgDQ5Dy4mZdw.jpg"
4111,2899,"M","thumb_720_82494oK6UnsbM32SocACYkOx.jpg"
4112,2899,"S","thumb_384_2871oSmkqRT3kizz8hTlLz5B.jpg"
4113,2899,"S","thumb_384_12886YIDBKR50O4LS6TLZMJj.jpg"
4114,2899,"S","thumb_384_9883JHENbplGEFNIujxsyCP8.jpg"
4115,2903,"M","thumb_720_2037d1vJrSy6avAbAjYhdQrS.jpg"
4116,2903,"S","thumb_384_232251HWRscXdLdF2uVjNLBu.jpg"
4117,2903,"S","thumb_384_7017jPLdZJhXvJkFLRUwVQLI.jpg"
4118,2903,"S","thumb_384_8027Fa1LklH78nsfhxrmdOQ5.jpg"
4119,2904,"M","thumb_720_3626BTogBtXabFljO5i2IjjE.jpg"
4120,2904,"S","thumb_384_5003JsXnhcxHGyXJFqa3WvTW.jpg"
4121,2904,"S","thumb_384_0015S8WGrGrpCCRVg2XFS7ye.jpg"
4122,2904,"S","thumb_384_5060gQldPvezvFbrpyxUCfN8.jpg"
4123,2905,"M","thumb_720_5380mGFXiEYWKLYcMCeWJSTR.jpg"
4124,2905,"S","thumb_384_8219r9tE14UF8JKRGcsn4FSJ.jpg"
4125,2905,"S","thumb_384_9484CU7jgJxODlmRReiAdylR.jpg"
4126,2905,"S","thumb_384_72071tm4eVDUkqGihsEPXWm7.jpg"
4127,2907,"M","thumb_720_8635OL3jJM8f7XrdpmDv8HDN.jpg"
4128,2907,"S","thumb_384_0603qj2ABoU46uGUPIAohqQY.jpg"
4129,2907,"S","thumb_384_3763Tw0mTdis25OAaI2YUaE1.jpg"
4130,2907,"S","thumb_384_6995vjA9nhxy3btxmeL50ZS1.jpg"
4131,2911,"M","thumb_720_8573SYlnfhKPF1kpbqYqn6pv.jpg"
4132,2911,"S","thumb_384_1252KJ3KHuFBvYyz0ee2vWkt.jpg"
4133,2911,"S","thumb_384_7999h6yfwfS0zXAndIJPM25b.jpg"
4134,2911,"S","thumb_384_7361fpA1WYtded1wHj0u2pqY.jpg"
4135,2912,"M","noimg.jpg"
4136,2913,"M","thumb_720_083654l5v8ftlbyPqxC8ay4b.jpg"
4137,2913,"S","thumb_384_0625uXfEecLoxZ0gTnoadvOB.jpg"
4138,2913,"S","thumb_384_7814v74uoIYVe1UGz9uY0hgn.jpg"
4139,2913,"S","thumb_384_1951jt6Fb6g7sQHp0NKU4ww8.jpg"
4140,2915,"M","thumb_720_9453h1gBVW3lIgCYwJBf8J03.jpg"
4141,2915,"S","thumb_384_9010q0AjExuJYJ8zyDc7867B.jpg"
4142,2915,"S","thumb_384_1212TFKbG8EqsybbXfhROre6.jpg"
4143,2915,"S","thumb_384_9009DOz0RJw1TW5mhrhcZ5YI.jpg"
4144,2917,"M","noimg.jpg"
4145,2920,"M","thumb_720_8184BheRpNkMEPgNFmeXuUh1.jpg"
4146,2920,"S","thumb_384_0164NTGLTwGddZDftrf4AAyc.jpg"
4147,2920,"S","thumb_384_2514w13g8wrng3FpfWNGxVC2.jpg"
4148,2920,"S","thumb_384_2699LJkSyweJjslHkO055VPE.jpg"
4149,2928,"M","thumb_720_44530JoFOCxJKxlnUKOmdhiW.jpg"
4150,2928,"S","thumb_384_1321FHyqIcpmTvTSNRkK1j73.jpg"
4151,2928,"S","thumb_384_0806iHMw3zsmNeS9cdrHgGyl.jpg"
4152,2928,"S","thumb_384_9608zni1ppXSUz5J58hSKhO3.jpg"
4153,2929,"M","noimg.jpg"
4154,2931,"M","thumb_720_8528Wpb9jTc88gaNz8QbTzmh.jpg"
4155,2931,"S","thumb_384_4247xoUu6c9i4Bw5Ga8wPLBw.jpg"
4156,2931,"S","thumb_384_3405ulPmNeBTFXuMjJVSTa7c.jpg"
4157,2931,"S","thumb_384_7686RfGeUBGZeUAIpmLGckzk.jpg"
4158,2933,"M","thumb_720_9032rUsR2TrQ5rH4FTZpr6QJ.jpg"
4159,2933,"S","thumb_384_6188PFc390BUgeNS6mlkNA9b.jpg"
4160,2933,"S","thumb_384_8562GXiOyedZLIogCDDtyPMR.jpg"
4161,2933,"S","thumb_384_81072qr58bYAuYz3hcbsiTBS.jpg"
4162,2934,"M","thumb_720_8053TpaRGmiixyif62GYK8zb.jpg"
4163,2934,"S","thumb_384_6644fF3s8Xs1wmHMH2ZOUGpQ.jpg"
4164,2934,"S","thumb_384_9369nf4Woyk63ee0O5g02nD6.jpg"
4165,2934,"S","thumb_384_2570Wy8drr0zdaHVK35T2n0z.jpg"
4166,2935,"M","thumb_720_0314qHjBpmr13D1jxe5pjV7o.jpg"
4167,2935,"S","thumb_384_3045wOILSy4X0eLs0J9t0I5b.jpg"
4168,2935,"S","thumb_384_9023IB8TIBbYRO5AK2ABcYc6.jpg"
4169,2935,"S","thumb_384_7848u28xrtzDTRWHKyEVTqfU.jpg"
4170,2936,"M","thumb_720_4443kJAG4gL47P3xme1KZwdq.jpg"
4171,2936,"S","thumb_384_2197AWAFedQmhzv3pFkk43Wk.jpg"
4172,2936,"S","thumb_384_8737U5N7SdZBd5qDqQkzduqY.jpg"
4173,2936,"S","thumb_384_4402VOwpDRuisDn0eu72zEN0.jpg"
4174,2937,"M","thumb_720_0698CXv1ARdFA4BTewACvodp.jpg"
4175,2937,"S","thumb_384_705968vkF27taMeEQMsLuNJZ.jpg"
4176,2937,"S","thumb_384_0602Zq8HeGZHSldHIgm5Iksp.jpg"
4177,2937,"S","thumb_384_7662KpLjalcmvBWAcMDaIW1I.jpg"
4178,2939,"M","thumb_720_4056ftzMprySMQIs04n3jSjv.jpg"
4179,2939,"S","thumb_384_1417kXMDF3cXRdAN8ARjRUAV.jpg"
4180,2939,"S","thumb_384_87007RZ4B08XiCla69a73hon.jpg"
4181,2939,"S","thumb_384_5040kxIii7vrkGidF5NXpkK4.jpg"
4182,2940,"M","thumb_720_09678ut101Ywbgf6gzz7IBdg.jpg"
4183,2940,"S","thumb_384_5817f0dWGSiz0DTfMcr0GSuu.jpg"
4184,2940,"S","thumb_384_72313Eh36XZK2PCzCA2hhxFV.jpg"
4185,2940,"S","thumb_384_1117qHVH7EiNhkZ95pFsmjAh.jpg"
4186,2941,"M","thumb_720_7696txCSWhgUOrqK55333iDc.jpg"
4187,2941,"S","thumb_384_3914vnfa5CQtX8yG9Krhyxfs.jpg"
4188,2941,"S","thumb_384_4531WWtfvUiWnJPEIF5o7mZ4.jpg"
4189,2941,"S","thumb_384_313919dsBJeqgFW098QIVO5D.jpg"
4190,2944,"M","thumb_720_83332rX7DgDbf9WJXEDyBxMf.jpg"
4191,2944,"S","thumb_384_4122UamgNw2MjDRgZ0i2f5eg.jpg"
4192,2944,"S","thumb_384_5874ln2neiVREas8Q20vRvJ0.jpg"
4193,2944,"S","thumb_384_04402rQl6zFHapym8c4fRDR0.jpg"
4194,2954,"M","noimg.jpg"
4195,2955,"M","thumb_720_6364dNXW6cmxzN3a16AdvXXu.jpg"
4196,2955,"S","thumb_384_2932xvJDll78vFyS4El6vN9N.jpg"
4197,2955,"S","thumb_384_4464Qdi89nh6jQebTQtZu2km.jpg"
4198,2955,"S","thumb_384_5031fTdl1qKKh7gfpchzYhPH.jpg"
4199,2956,"M","thumb_720_1756QNldEqnqfnUuBVYKRjR4.jpg"
4200,2956,"S","thumb_384_3832nvyolxi3zQh08bcT0Mt5.jpg"
4201,2956,"S","thumb_384_58320jugVwHc607ulY4ipsFS.jpg"
4202,2956,"S","thumb_384_5170O9OaW66HYz6cgC21ovo5.jpg"
4203,2958,"M","thumb_720_414208YcKsaNYGDTpMa3Ggwq.jpg"
4204,2958,"S","thumb_384_1207gwKhCqJDS2tdQ6BTHH4r.jpg"
4205,2958,"S","thumb_384_9456ygjXaI4QTZzXoNFPTtzD.jpg"
4206,2958,"S","thumb_384_7772ZR3Swbf308dfc8tGcrXI.jpg"
4207,2961,"M","thumb_720_16168A5OrJPVgAdEQRTLRjXb.jpg"
4208,2961,"S","thumb_384_9422tlIsU0l1sLtiZcNQEKmO.jpg"
4209,2961,"S","thumb_384_3086gp8COllKyG9572zHeN0t.jpg"
4210,2961,"S","thumb_384_4737l8HaqrDWV6lLHDYjEf1A.jpg"
4211,2963,"M","thumb_720_3546MBYdxSjqEUebEYHSYZBj.jpg"
4212,2963,"S","thumb_384_7740nez4PaWAjw8hmik3Cm4K.jpg"
4213,2963,"S","thumb_384_704634oUJbLPrVale0My5Zsh.jpg"
4214,2963,"S","thumb_384_9964tSLixpUCcmwbAEs0ZOmz.jpg"
4215,2965,"M","thumb_720_8984Zivwfc3gB2nejA8DlWPy.jpg"
4216,2965,"S","thumb_384_06494dkfgLlvSJtG7pS2Npp6.jpg"
4217,2965,"S","thumb_384_0472m4OckPF9xuQGdTWgcZ0x.jpg"
4218,2965,"S","thumb_384_56184Uqtzc8X6Bk9zbB5Q9JN.jpg"
4219,2966,"M","thumb_720_02987FoKrGQCJIfTYq048b4n.jpg"
4220,2966,"S","thumb_384_5967KBsqpuz3lTtQIBuRueb4.jpg"
4221,2966,"S","thumb_384_47610I4QBQx4A3oKbGdSgsBR.jpg"
4222,2966,"S","thumb_384_2325eOGoaCzWuzY2QH4sGww6.jpg"
4223,2968,"M","thumb_720_19545Ek5vxz0qWPXuUPCcuXU.jpg"
4224,2968,"S","thumb_384_2177DZQtVM3tCgbT3LqSQki3.jpg"
4225,2968,"S","thumb_384_01738Nve9zosXqD7Qm2PlQM9.jpg"
4226,2968,"S","thumb_384_1166ple1rfUjw2PfX2uXSXb4.jpg"
4227,2969,"M","thumb_720_7214Cq9L80leGnwJ4oxfYLCl.jpg"
4228,2969,"S","thumb_384_6177KcFNO5MPpjoZSOvmycqZ.jpg"
4229,2969,"S","thumb_384_9465KDPP6QimeGF9HSiCNuIp.jpg"
4230,2969,"S","thumb_384_760419vhSLuGC1b5hH9moJna.jpg"
4231,2974,"M","thumb_720_19971WS35OvWUwRoZN8MY7B7.jpg"
4232,2974,"S","thumb_384_26516YYDDLDQqi24nPjHauMB.jpg"
4233,2974,"S","thumb_384_3238cwKWnRPXLBkp7dd0Wf18.jpg"
4234,2974,"S","thumb_384_3313Ri5Mk8CheDer9i0iJaLC.jpg"
4235,2975,"M","thumb_720_4714NEz8Zi6UmBtcpP1QKI7z.jpg"
4236,2975,"S","thumb_384_6440SzRDRqQzcEDbEKnTc4C2.jpg"
4237,2975,"S","thumb_384_87526J91r44ToivkRpgGN2FR.jpg"
4238,2975,"S","thumb_384_40797MJBQ2sdQnWSM1Xeg28h.jpg"
4239,2976,"M","noimg.jpg"
4240,2977,"M","noimg.jpg"
4241,2982,"M","thumb_720_6397lhnZ24xBsIEEMTT3vcCE.jpg"
4242,2982,"S","thumb_384_2474JD0qxeT0BfwM1F64Lw69.jpg"
4243,2982,"S","thumb_384_95114G8nT4N9EctY9Rxe2vXy.jpg"
4244,2982,"S","thumb_384_0874kiumHpStCEjTjQHQqxdN.jpg"
4245,2984,"M","thumb_720_3306vIMTjAZJkoycEXxLRmgi.jpg"
4246,2984,"S","thumb_384_9337dLiBGChrOSqiw0vRVauG.jpg"
4247,2984,"S","thumb_384_2145o2o4E376yRe6pQkzywtk.jpg"
4248,2984,"S","thumb_384_3497eYDVcY0MxlVnvjHNVQQH.jpg"
4249,2985,"M","noimg.jpg"
4250,2987,"M","thumb_720_7460nQlvDQqpxclZdBNWUFEL.jpg"
4251,2987,"S","thumb_384_8834c1RcRqhsvCXCwE5p81b8.jpg"
4252,2987,"S","thumb_384_8938rUDaz4NNUJ44p6XzYpIt.jpg"
4253,2987,"S","thumb_384_6897ujwKUtyQTskO1zY53Z7F.jpg"
4254,2988,"M","thumb_720_340288vLreaEY1lh6uwtMO6y.jpg"
4255,2988,"S","thumb_384_9834ZEXSoMGuKEt5TYHnqHke.jpg"
4256,2988,"S","thumb_384_0431tfaTW1AiNUuX9PAfTD2c.jpg"
4257,2988,"S","thumb_384_8588jbiCoCApi4qP377yVz8P.jpg"
4258,2990,"M","thumb_720_5765QAnQ5RRZMFFquyU7ExNa.jpg"
4259,2990,"S","thumb_384_55666TMF6eGag22ILMTtIDTC.jpg"
4260,2990,"S","thumb_384_3905cO5hzouJ6Y10AyUjsu77.jpg"
4261,2990,"S","thumb_384_0354IQiHxdx5mIbKhrSPsKfa.jpg"
4262,2991,"M","thumb_720_4490tRetQs0xHlHU3nmrmHjv.jpg"
4263,2991,"S","thumb_384_7897tvA09dmb6EYMLgyTuzqV.jpg"
4264,2991,"S","thumb_384_0862IW02dPYslGc8bab2TA8Z.jpg"
4265,2991,"S","thumb_384_97189L2LXLLmhi85gYeMir3d.jpg"
4266,2992,"M","thumb_720_3693JejTvhGmH7Z2pqxT585Z.jpg"
4267,2992,"S","thumb_384_4524TfNUZojQKuXa6MaIF51w.jpg"
4268,2992,"S","thumb_384_7349BlWdwIh7D7FqFPRpTM3A.jpg"
4269,2992,"S","thumb_384_7697gbFA37B4mu86qqzEaXjx.jpg"
4270,2997,"M","thumb_720_386786isNiACR0WBQefSsQMv.jpg"
4271,2997,"S","thumb_384_5116ZdDp8aueabNv07dtlXZJ.jpg"
4272,2997,"S","thumb_384_4157T7RdBRRt4f730GnOfmbs.jpg"
4273,2997,"S","thumb_384_9692ZzPw5gzdNqmWeITZAYUs.jpg"
4274,2999,"M","thumb_720_82851Qgoj9tciPOJB9BUSZaB.jpg"
4275,2999,"S","thumb_384_9257x27NQvGLu0xxA7OauSjA.jpg"
4276,2999,"S","thumb_384_7879W20yNiSZCegqUm6howiN.jpg"
4277,2999,"S","thumb_384_0379gSTVZ8SFRcwUk9wSDX8f.jpg"
4278,3002,"M","thumb_720_3972rV7TWeyR3LBxjYBWevz2.jpg"
4279,3002,"S","thumb_384_7785rslgIrfSaK79QZqgCSF0.jpg"
4280,3002,"S","thumb_384_1036YIr9NAE11Mshdl1pQeDk.jpg"
4281,3002,"S","thumb_384_5296bWauO8XG8PM0BaYLfYaC.jpg"
4282,3003,"M","thumb_720_1745wHLqxRTHUae2wDOLGGws.jpg"
4283,3003,"S","thumb_384_5279xxo3R7BuXDuGX3K5hZ16.jpg"
4284,3003,"S","thumb_384_5172X07TgFCkqrzzhRXYmmGx.jpg"
4285,3003,"S","thumb_384_9066npEVgsuodDp7tVifLaFu.jpg"
4286,3004,"M","thumb_720_7381dT3gDgxTi6AN1MI9qeVk.jpg"
4287,3004,"S","thumb_384_3427aQbEpqcUlgErZpspe06N.jpg"
4288,3004,"S","thumb_384_3831AJ8qeFuOwstGsKSXhBCy.jpg"
4289,3004,"S","thumb_384_2357IB2kLxf2mcOY7qg0IlUV.jpg"
4290,3005,"M","thumb_720_6871ETATy4EM4Qs0hbdRPbWI.jpg"
4291,3005,"S","thumb_384_39940aTuqFrJ81c4dls4On10.jpg"
4292,3005,"S","thumb_384_5179l5sgH9OoqC4sd4Wj7XV2.jpg"
4293,3005,"S","thumb_384_9818oj3HgaspWo3AhMBgE49q.jpg"
4294,3010,"M","thumb_720_3195pcDLqo5OjwRruhFPQZEg.jpg"
4295,3010,"S","thumb_384_45041gHpYzEg4kUb9jkboN00.jpg"
4296,3010,"S","thumb_384_6559v7o6hzVfdaGkseeyURsT.jpg"
4297,3010,"S","thumb_384_2718aPwNkKvUELaacOHqJiAU.jpg"
4298,3012,"M","thumb_720_5577eF85htgoC7r9YhPsoO9o.jpg"
4299,3012,"S","thumb_384_8039NvaqOt9luOXcJNqLw1Pk.jpg"
4300,3012,"S","thumb_384_9785721F3G7NQzi4i3QyjOnm.jpg"
4301,3012,"S","thumb_384_9742ikMuNIrcSyB448YvCrNm.jpg"
4302,3013,"M","thumb_720_8525mLaHPnOYy8J8Sfn3Zlsj.jpg"
4303,3013,"S","thumb_384_2760EZUPnY2YfaNgufmlVi2P.jpg"
4304,3013,"S","thumb_384_3255nnjMAfsUxqBFINqvqJ0Q.jpg"
4305,3013,"S","thumb_384_3194HE8BhCYNw9EyPrUo11Vx.jpg"
4306,3014,"M","thumb_720_3513JfedWeg2qwlJPV8qY4WM.jpg"
4307,3014,"S","thumb_384_9875cBcdN59agzPMnaIZM82H.jpg"
4308,3014,"S","thumb_384_2436FHTdAKYVlMN8Zpxv1HY2.jpg"
4309,3014,"S","thumb_384_3562hBNhxZfK9qQiU5LRrb3a.jpg"
4310,3016,"M","thumb_720_1614JT9TXGx6Lx1xXPIWCAlA.jpg"
4311,3016,"S","thumb_384_9033aKStp2vI2SIHnV0bLgcq.jpg"
4312,3016,"S","thumb_384_2284XknAOmuoCVcmo8XlhuPT.jpg"
4313,3016,"S","thumb_384_8689QI87e8QgQsUi2aQ6BTBP.jpg"
4314,3021,"M","thumb_720_8894rAH4geVKJzyoYsLEFoxt.jpg"
4315,3021,"S","thumb_384_22897xABEUrh754chuwcMp2l.jpg"
4316,3021,"S","thumb_384_6178bNrmaIDUjQC0VAG9VTsf.jpg"
4317,3021,"S","thumb_384_00192zbRjhCICVatzFT968cE.jpg"
4318,3022,"M","thumb_720_8975bqU0Ceeu58ysZPg1XaoP.png"
4319,3022,"S","thumb_384_6503bdOtqVT6qwYxKeA4s0hD.jpg"
4320,3022,"S","thumb_384_9654KtbAvKDr6zXwvAJXSUCp.jpg"
4321,3022,"S","thumb_384_6995bvChwD9wwhjJCO6NP4Io.jpg"
4322,3024,"M","thumb_720_4035RQROZmwYBLVsR0p1i3pW.jpg"
4323,3024,"S","thumb_384_6724bzNqtQG63VmjTwvaGJFl.jpg"
4324,3024,"S","thumb_384_4476obi8HY3263okKdlL0oh1.jpg"
4325,3024,"S","thumb_384_2168smEDvRLE3ORzvVrAAPkC.jpg"
4326,3025,"M","thumb_720_906306AZpjpsLdEgJqJAv85E.jpg"
4327,3025,"S","thumb_384_2144XWGinZbDWj2m7DhYLRJt.jpg"
4328,3025,"S","thumb_384_6866h3MlIJw3JSJPQokA6kYn.jpg"
4329,3025,"S","thumb_384_3235MURs7bnfe4lArfRzXXLO.jpg"
4330,3028,"M","thumb_720_9888VerwmYiUWxY4Mph0a7ah.jpg"
4331,3028,"S","thumb_384_0273zC5QwM9oF9TC4v4GN70q.jpg"
4332,3028,"S","thumb_384_477937uLlNEgPYzbWMM6Th4x.jpg"
4333,3028,"S","thumb_384_4997sC4db93orqSrxHDl5Uas.jpg"
4334,3030,"M","thumb_720_6602TMVtBtiehGacrLh71ARU.jpg"
4335,3030,"S","thumb_384_8139q5Betro5sWqDiHhYP4Y7.jpg"
4336,3030,"S","thumb_384_1107zzvyiHUq47aO6S48cUBI.jpg"
4337,3030,"S","thumb_384_2236tnEsoEz4sJu27L3uoqhn.jpg"
4338,3033,"M","noimg.jpg"
4339,3034,"M","noimg.jpg"
4340,3035,"M","thumb_720_9533ylJWds7oRcnW6vNUeDWO.jpg"
4341,3035,"S","thumb_384_047072Wl0hhWeNYGlYhazgmM.jpg"
4342,3035,"S","thumb_384_57283ESlTYegXWMolwmFjb3a.jpg"
4343,3035,"S","thumb_384_0412wJb7Es4lfUQnXq897Zrk.jpg"
4344,3036,"M","thumb_720_0508YB1ycJxDN5gnsj54UFz8.jpg"
4345,3036,"S","thumb_384_8421caAFCKJR8A7b42rivBEz.jpg"
4346,3036,"S","thumb_384_4638FvN5aMzX70nuOxTZYABZ.jpg"
4347,3036,"S","thumb_384_8479V16ZsYZEyXAwdZ5sO5Hq.jpg"
4348,3038,"M","thumb_720_3463Fzi5R8uZlsTDi7YEhIjJ.jpg"
4349,3038,"S","thumb_384_7051ca1sN2nEUFN0kBdalYyl.jpg"
4350,3038,"S","thumb_384_2207sbVNz6ThHtRdoAYfpgIZ.jpg"
4351,3038,"S","thumb_384_9288JeqpYAmmSRWiv9NfzN7r.jpg"
4352,3042,"M","thumb_720_4186d51wn0EevJTyGUCBMuSO.jpg"
4353,3042,"S","thumb_384_24086Dr4kq0CHEXCk7ra59Pg.jpg"
4354,3042,"S","thumb_384_4789S988L3nycVmobFXeNfKW.jpg"
4355,3042,"S","thumb_384_6859JnNJriCKNVzta4UdUM5H.jpg"
4356,3045,"M","thumb_720_36939uCKIU5cOyzfJmptBxWQ.jpg"
4357,3045,"S","thumb_384_8757FJNK89spfvR7lAxndUh7.jpg"
4358,3045,"S","thumb_384_5893e0cjgsfW3nW9CTEUWrkR.jpg"
4359,3045,"S","thumb_384_5066e53ZEElhYfN2QP6hni9E.jpg"
4360,3046,"M","thumb_720_6154Epty6507tmIuaSpGFaKi.jpg"
4361,3046,"S","thumb_384_6427c26Ts4Ztm99zgGeywiof.jpg"
4362,3046,"S","thumb_384_6086OazQPYReNGHDvoCXPTn0.jpg"
4363,3046,"S","thumb_384_2813Hb8VibTFcJV31ReMzRP9.jpg"
4364,3047,"M","noimg.jpg"
4365,3049,"M","thumb_720_7323itITtqY5f4vW489PZhC6.jpg"
4366,3049,"S","thumb_384_0404zkUhksFcQzZ0BmAS9h08.jpg"
4367,3049,"S","thumb_384_0224n0yuLFHKeq0H1NBUqJYG.jpg"
4368,3049,"S","thumb_384_1975ljaeTtXxR2GGtnsWfoxO.jpg"
4369,3050,"M","thumb_720_3721R2guaQaxXOJnRqvpaTcO.jpg"
4370,3050,"S","thumb_384_692489JzxmCJPR6pQ7u5dOMb.jpg"
4371,3050,"S","thumb_384_1469qqQJkzV7fRps4q4uddJo.jpg"
4372,3050,"S","thumb_384_1098RbcCb0ealzeXmMPXkfiB.jpg"
4373,3054,"M","thumb_720_807808pqsnVvTjiRA9mfBxTu.jpg"
4374,3054,"S","thumb_384_6930uwu1eyt90NuPMgkkhER6.jpg"
4375,3054,"S","thumb_384_2779L2IGpeUF1mj5zyofMuET.jpg"
4376,3054,"S","thumb_384_3076xD0gQkHk8kZECCIrkxWN.jpg"
4377,3055,"M","thumb_720_632891Pwa6E3U2P4d8SGs1E7.jpg"
4378,3055,"S","thumb_384_7371ZWsS33O32Hwl6nWaqvlH.jpg"
4379,3055,"S","thumb_384_16974vt0dDMruLXUPCBHbi0e.jpg"
4380,3055,"S","thumb_384_6310iPDW18r0fsMCdRZGVHWr.jpg"
4381,3056,"M","thumb_720_5891mkS2RHVJL7WPH7WNp4fJ.jpg"
4382,3056,"S","thumb_384_57191t7nGxCyy5tYIz2N10MK.jpg"
4383,3056,"S","thumb_384_7633OxPLpyo0pn6ZJAHPkbve.jpg"
4384,3056,"S","thumb_384_9805Tlo1AKQzdYpAtabN3Nxh.jpg"
4385,3059,"M","thumb_720_2747xHG7Tk2hgys0k73f4p74.jpg"
4386,3059,"S","thumb_384_7830qJjuGWzqtj9ODAVj1pF2.jpg"
4387,3059,"S","thumb_384_6130H9SpnFhRF5LecQfSg9al.jpg"
4388,3059,"S","thumb_384_1076J6NNyAMtey7IT8omHVeH.jpg"
4389,3064,"M","thumb_720_1078LDD5FaHbE7cr5M8yhSd4.jpg"
4390,3064,"S","thumb_384_6392N8tGqpbb9JhhpvRaAQ1o.jpg"
4391,3064,"S","thumb_384_0427ixVhzGYND7qQg6H0KX26.jpg"
4392,3064,"S","thumb_384_2419pTmJSMh5YgMtMUIhi6Nw.jpg"
4393,3067,"M","thumb_720_3653mwCMAgQtpHI1lFV9UwQt.jpg"
4394,3067,"S","thumb_384_74794UZfUJtDbW0MM439NQ8r.jpg"
4395,3067,"S","thumb_384_9462PJag2GkjwrN4QJIMGcNK.jpg"
4396,3067,"S","thumb_384_8256rPLNzzNLymfDR3CEcSc4.jpg"
4397,3071,"M","noimg.jpg"
4398,3072,"M","thumb_720_2948b7pvsQ0UY5JE4wWWvuk3.jpg"
4399,3072,"S","thumb_384_5033UkXgJE2FeTatB0ADILha.jpg"
4400,3072,"S","thumb_384_7093MSBSSrivO33ExWCkxlAA.jpg"
4401,3079,"M","thumb_720_7816sUGcUq3IdRf7J4i8WE2M.jpg"
4402,3079,"S","thumb_384_4189vL2A2acASroofgOBVzOs.jpg"
4403,3079,"S","thumb_384_1852mPmpsaKA1fORNoGVsJ9t.jpg"
4404,3079,"S","thumb_384_4715evOVFWsGzd57WzUNNBDq.jpg"
4405,3083,"M","thumb_720_8287tAegqmFtYMwt9XirKLYw.jpg"
4406,3083,"S","thumb_384_3742U66bD0TvqLosRntThU3j.jpg"
4407,3083,"S","thumb_384_7064Zp8crfAjs0oUr4LVqLEJ.jpg"
4408,3083,"S","thumb_384_0169mZVQIKQaAhWuUWa7u4WJ.jpg"
4409,3084,"M","noimg.jpg"
4410,3085,"M","noimg.jpg"
4411,3092,"M","noimg.jpg"
4412,3094,"M","thumb_720_2844ndGOk4vxro7WqkLlGz8w.jpg"
4413,3094,"S","thumb_384_2987HqFiZFyDoNQVXxUUJGvh.jpg"
4414,3094,"S","thumb_384_5393ol6YIh1jp2hAzDXU7I6u.jpg"
4415,3094,"S","thumb_384_6804JO549FolGWqLM0JphZCT.jpg"
4416,3097,"M","thumb_720_1519C34dONrtEfkN706FgUnz.jpg"
4417,3097,"S","thumb_384_13182okn1r5WHF59M10rnyxK.jpg"
4418,3097,"S","thumb_384_6643tl28JjtUgHgMzmF33kww.jpg"
4419,3097,"S","thumb_384_0236QY1uFbXTIH87xKBO3Vw4.jpg"
4420,3098,"M","thumb_720_7163j1u5zPytkL3jfRCvkx4Z.jpg"
4421,3098,"S","thumb_384_064049dimOq36f9XRikxFQrz.jpg"
4422,3098,"S","thumb_384_4978iepB8aDD11expLqjd0wi.jpg"
4423,3098,"S","thumb_384_24934cChh8PWW0ZGCExAAoHR.jpg"
4424,3099,"M","thumb_720_5879KRsMFvPac1GMEGtdOf5k.jpg"
4425,3099,"S","thumb_384_0369XcpHQWk8qYF27YKxjT2L.jpg"
4426,3099,"S","thumb_384_7611HsftO4sUiACILnVa2Lc1.jpg"
4427,3099,"S","thumb_384_3827pvynxelFOr8t7kX1Cr21.jpg"
4428,3100,"M","noimg.jpg"
4429,3105,"M","thumb_720_88096ybOGjPI20shqdQSUPMa.jpg"
4430,3105,"S","thumb_384_39411oRPdg6iXXt53JZ27lO4.jpg"
4431,3105,"S","thumb_384_31506jwAnqLzg5Jr7TRxIGKE.jpg"
4432,3105,"S","thumb_384_4875S5RoRxi7Q595YhdWztv4.jpg"
4433,3107,"M","thumb_720_2766Y2p8gidnCWNCSCCJtapX.jpg"
4434,3107,"S","thumb_384_7384CouiNMJsr9FTRbTvEzA3.jpg"
4435,3107,"S","thumb_384_102844g86WWMY7xHpYh9777Z.jpg"
4436,3107,"S","thumb_384_3394iCTGddB3WS84ypvu3rbM.jpg"
4437,3109,"M","thumb_720_80068KZPEuFIVnR7r51TNBZL.jpg"
4438,3109,"S","thumb_384_5065wdNDe2kIMFQwy5SRfg1k.jpg"
4439,3109,"S","thumb_384_1347AZ9dRKUIMs9Ls6Bk1D8b.jpg"
4440,3109,"S","thumb_384_3422qOTXP02zf3hyG0loMP6a.jpg"
4441,3110,"M","thumb_720_7205k4t8riv7w20o0PzgFzBQ.jpg"
4442,3110,"S","thumb_384_5976mRQGsfYTrrGxyjyItcQ2.jpg"
4443,3110,"S","thumb_384_9446m3vZyGZvx0Px2UaqnrJ3.jpg"
4444,3110,"S","thumb_384_0748FoE1MJwerJ0QeIOzLa4b.jpg"
4445,3111,"M","thumb_720_4375MPONDi0Pb1Y6LoVzcBO6.jpg"
4446,3111,"S","thumb_384_84885qEW9Y37ezxI4vKhRYnD.jpg"
4447,3111,"S","thumb_384_7549qZb2EqX1GTnUaTV7xp65.jpg"
4448,3111,"S","thumb_384_6882SecISFMKQo41U16Nhrkg.jpg"
4449,3112,"M","thumb_720_5156xvOWjFrw3S9XpFUmUuWd.jpg"
4450,3112,"S","thumb_384_40269p9FLwiOOB8cmo59Fa9K.jpg"
4451,3112,"S","thumb_384_0740PJc9hrNTzaRbOnC9VeMD.jpg"
4452,3112,"S","thumb_384_0251K0ee3t4kePs8swocUyaA.jpg"
4453,3113,"M","noimg.jpg"
4454,3114,"M","thumb_720_5718ZHC7uSVOToBgDGEdP0Hj.jpg"
4455,3114,"S","thumb_384_9073DYuI6X09iY6T7wfzfgSp.jpg"
4456,3114,"S","thumb_384_9941xT0uYI7PAS1PSwdPq3io.jpg"
4457,3114,"S","thumb_384_6285WvPcxvXgFBldczxUN57a.jpg"
4458,3115,"M","thumb_720_4162xZn9t5SATasdvdgSRcEg.jpg"
4459,3115,"S","thumb_384_6655FUDYStEpha6OkSAAC6gx.jpg"
4460,3115,"S","thumb_384_7523lgzHEutU1x60uXtr53qS.jpg"
4461,3115,"S","thumb_384_6993Zq51qP33X9fZZLLhnrQr.jpg"
4462,3116,"M","thumb_720_8391uzTejiMSvnqmK0ekoQqx.jpg"
4463,3116,"S","thumb_384_4343Z887TiX3cbnJ0XnsoPtp.jpg"
4464,3116,"S","thumb_384_3671mDwtE9ETyDjxi0QAtGAu.jpg"
4465,3116,"S","thumb_384_01826Ncl1Kn5mPn8gXgnpNVc.jpg"
4466,3117,"M","thumb_720_3571RP8nnD3Q7vm14E832eev.jpg"
4467,3117,"S","thumb_384_5632Su9PunXZnA2mApFyYLTp.jpg"
4468,3117,"S","thumb_384_2792edUDYu8ltCp3UpsvAPkb.jpg"
4469,3117,"S","thumb_384_7450MaWSODAuJDIcS88pM1uk.jpg"
4470,3120,"M","thumb_720_2230dMoalowTL1SnrYjBhF59.jpg"
4471,3120,"S","thumb_384_0508IzB9xJ6YNrqPYGS7dCi0.jpg"
4472,3120,"S","thumb_384_0906rNSlh3Xf1Qhl5y43VBbP.jpg"
4473,3120,"S","thumb_384_8398je2g0ocyPweGmHJvW78Y.jpg"
4474,3126,"M","thumb_720_1670a7NrXTRzSPvnZACrIRzT.jpg"
4475,3126,"S","thumb_384_3422v1um9uxLRZpPxNApNeOw.jpg"
4476,3126,"S","thumb_384_2044cGnTCoRDyjEBCLM7qu6C.jpg"
4477,3126,"S","thumb_384_5739T34jfovvWgeASJHNdV93.jpg"
4478,3127,"M","thumb_720_2590zAg0qwrHx7bTc4uKUBpP.jpg"
4479,3127,"S","thumb_384_5488rQ0vPMfx7WruDfbYHiJf.jpg"
4480,3127,"S","thumb_384_9220t2UnkmrxLw1xQh00rWBR.jpg"
4481,3127,"S","thumb_384_4403YqTAViQksJhxlvQTy9UG.jpg"
4482,3139,"M","thumb_720_0154EvDBQbPWa9tWMentKPn9.jpg"
4483,3139,"S","thumb_384_6818JThMkqzauumVCrggWPty.jpg"
4484,3139,"S","thumb_384_0782Chgi7iEadmhBfcPVuzA3.jpg"
4485,3139,"S","thumb_384_2519EalIl5BmPgUwZXa6kZ9Q.jpg"
4486,3140,"M","thumb_720_6359tixKylyx8VbVqMJWSYDb.jpg"
4487,3140,"S","thumb_384_3537HHxZ5QWXYvcFjSLvDUhJ.jpg"
4488,3140,"S","thumb_384_9500lyVerbGfKvrKpSbaEqme.jpg"
4489,3140,"S","thumb_384_2063v5pWLLtGenriaRmi8LDV.jpg"
4490,3141,"M","thumb_720_7285yHRIx7JuGmnaxOPki0rG.jpg"
4491,3141,"S","thumb_384_71076rhaLOIBhZ0nPh9lKXNS.jpg"
4492,3141,"S","thumb_384_5120R4MJ3eKKCfWU2pCAqvkc.jpg"
4493,3141,"S","thumb_384_7213dbpXIXpcFJXDgLQ9ks4Y.jpg"
4494,3144,"M","thumb_720_1298BGcpLHFq34C4iHGuCEJF.jpg"
4495,3144,"S","thumb_384_5044ZYFQlVnGj95PvqhEj2MY.jpg"
4496,3144,"S","thumb_384_5727shVqbVuqdN8GqPubUDVS.jpg"
4497,3144,"S","thumb_384_7817Y6YvAaOzZ1youdszxIdM.jpg"
4498,3145,"M","thumb_720_9274RKt94VaY29xSH1zsRonh.jpg"
4499,3145,"S","thumb_384_6318Xin8rRfVS7kgICFtsORR.jpg"
4500,3145,"S","thumb_384_2259yUH5uzmWTy74XU6gJBv0.jpg"
4501,3145,"S","thumb_384_6464r76CS6volYmOCwRTryyj.jpg"
4502,3147,"M","thumb_720_7762ht4nnVXlrStrfo9MVgah.jpg"
4503,3147,"S","thumb_384_0700PkFXySFONdmzxQ3tCFNv.jpg"
4504,3147,"S","thumb_384_2847U14ubO3pK0c0oUK2R5lY.jpg"
4505,3147,"S","thumb_384_4446i2Y0sD8EthTYptngyddR.jpg"
4506,3148,"M","thumb_720_77118Yr7EDmsgu9cgqY0T36x.jpg"
4507,3148,"S","thumb_384_0914uOMfd4owOPmKOmOwxCaz.jpg"
4508,3149,"M","thumb_720_1608G4CO6YSIV38rGOs3byTH.jpg"
4509,3149,"S","thumb_384_651601mgZbziXMY4qMqHLg2f.jpg"
4510,3149,"S","thumb_384_332579LVJWc36kSQIkRfE92h.jpg"
4511,3149,"S","thumb_384_9541nWQjAgtwwBD58XCBgRMA.jpg"
4512,3150,"M","thumb_720_4495Vg9aTFz5nGV0EzTfg1dB.jpg"
4513,3150,"S","thumb_384_6894OxvmvEup1HcrjcCUcV0t.jpg"
4514,3150,"S","thumb_384_3074txNFXxBQqjo02E9BORTh.jpg"
4515,3150,"S","thumb_384_3561El8PcImuj3caAn9mnsdX.jpg"
4516,3157,"M","thumb_720_4646TeUaF5ER0UZ6KRD7Yo7X.jpg"
4517,3157,"S","thumb_384_2399r3FUD1sbQ2a9VpB4OyyY.jpg"
4518,3157,"S","thumb_384_1308nEQLXlBFQLY8VVGk3Dow.jpg"
4519,3157,"S","thumb_384_5829FXSp4MMSfsMY53FhpQIX.jpg"
4520,3160,"M","thumb_720_3953ZOy3L1EAYNGUB4fdy311.jpg"
4521,3160,"S","thumb_384_90312UzgdjSyaXnOy1sa5OSu.jpg"
4522,3160,"S","thumb_384_2163EI8bOonWxy8ACRY4uMQi.jpg"
4523,3160,"S","thumb_384_5573qzhf8ItvZJx3897mZ2M4.jpg"
4524,3162,"M","thumb_720_0002stiUuvKpdrrDVD21DJJB.jpg"
4525,3162,"S","thumb_384_6696JwATAKYql6s9EPHw7pe4.jpg"
4526,3162,"S","thumb_384_92373GvIUJCgPhr134EjICN9.jpg"
4527,3162,"S","thumb_384_5185KXrUKdbVA6X9uCPnq3MY.jpg"
4528,3163,"M","thumb_720_5550g2YGKlfnZdUwK9VwbegF.jpg"
4529,3163,"S","thumb_384_4619dtbOWrKTHIvoQJv4Y63E.jpg"
4530,3163,"S","thumb_384_5071RCJYFuaFgba60dkRTcJH.jpg"
4531,3163,"S","thumb_384_1905lk1ncVkadfpH9e6q21iS.jpg"
4532,3164,"M","thumb_720_9691HAivuug1LlYhr3U0pXkL.jpg"
4533,3164,"S","thumb_384_4683oqp2UmDxXIcpDsOBNwf3.jpg"
4534,3164,"S","thumb_384_7155vCZpc33WgtWnrjUQtdvK.jpg"
4535,3164,"S","thumb_384_12048qZaR5bywB7Pn3pwuKxI.jpg"
4536,3166,"M","thumb_720_1153xGWKEfjf0CFUvhMcjrXF.jpg"
4537,3166,"S","thumb_384_55720dl70ZX00tZ9lmNZ8AOd.jpg"
4538,3166,"S","thumb_384_57097CYXjVZ0cdRwg1MgMVPc.jpg"
4539,3166,"S","thumb_384_1779y6aWIiJxhUH4hL4BPkMr.jpg"
4540,3167,"M","thumb_720_4456m2sy6m81Ix6r7yvfdNt0.jpg"
4541,3167,"S","thumb_384_6777DtN9NwnXDKezBila5IhB.jpg"
4542,3167,"S","thumb_384_7173bXsXbULJn9QNE4g8E9Pg.jpg"
4543,3167,"S","thumb_384_0859wQdHcSgrjt86FHHvrlrJ.jpg"
4544,3168,"M","thumb_720_2251q8aiJjp478G4Ihapt2Cm.jpg"
4545,3168,"S","thumb_384_7056IeSibXuL4d19Y0ZmI7ZN.jpg"
4546,3168,"S","thumb_384_0584LCtuXrr4j1sEl0WVA6RO.jpg"
4547,3168,"S","thumb_384_7624lCkqf7Qwau0jq5SY1Tqr.jpg"
4548,3169,"M","thumb_720_8013lNsUe828hKsWGKViF2tz.jpg"
4549,3169,"S","thumb_384_6139SaaWXW8GRlqoKFSmmWQ3.jpg"
4550,3169,"S","thumb_384_4812LisNibjhEv1vzFf7Ehc4.jpg"
4551,3169,"S","thumb_384_5255kH1rhK1R5v0leEVwt7hq.jpg"
4552,3170,"M","thumb_720_4138qlGTksG1VdRUM6J6kuE0.jpg"
4553,3170,"S","thumb_384_1515C2XGsK9Bh8TrAufcspGG.jpg"
4554,3170,"S","thumb_384_1848vOnrokz3SNfDiDCEIOPY.jpg"
4555,3170,"S","thumb_384_7885becYx6q13DaTKLHXhYZk.jpg"
4556,3174,"M","thumb_720_0102mwmmNIElp8Lo8jqYeFXl.jpg"
4557,3174,"S","thumb_384_7845UFwJ6JOvOQUFos0jnr1l.jpg"
4558,3174,"S","thumb_384_2780P2OsXlXVoD4BmaIzFb19.jpg"
4559,3174,"S","thumb_384_1663a3wh7S18FV1yRp3cu8Fl.jpg"
4560,3175,"M","thumb_720_5792cHO9dQczai5sYHQrUBsX.jpg"
4561,3175,"S","thumb_384_8973zN3IOelsEgLLRrMUE5Lf.jpg"
4562,3175,"S","thumb_384_9180ZCoIK7GRUgPLcKHuczH5.jpg"
4563,3175,"S","thumb_384_8966DmrfNhjb2smgzhhnf7Q1.jpg"
4564,3178,"M","thumb_720_1697bqTqASwaQe2mk1E6KdnY.jpg"
4565,3178,"S","thumb_384_28992VjzgSu97anZ27r9eNyj.jpg"
4566,3178,"S","thumb_384_7622bZJCPrsQfJlaQlJLdgNA.jpg"
4567,3178,"S","thumb_384_3014vSrYL628DuOI1zu2LZ81.jpg"
4568,3184,"M","thumb_720_83144jLdSqhz9N7ChkLG9VZ0.jpg"
4569,3184,"S","thumb_384_1797fEuiGYF5OgdKa7zHfrCv.jpg"
4570,3184,"S","thumb_384_44916naE0mhQv2OGry40fXFo.jpg"
4571,3184,"S","thumb_384_94305PtnrIniWKwTxtPVDBhx.jpg"
4572,3186,"M","thumb_720_0920GkanEjhVQcjmGRPkLLUn.jpg"
4573,3186,"S","thumb_384_7216OmDhs01S3kjamI5JRHL8.jpg"
4574,3186,"S","thumb_384_6488HE6SfbWzVmbBgKEXVWtE.jpg"
4575,3186,"S","thumb_384_7448hbZFtqhy1H2s9BpQgopr.jpg"
4576,3195,"M","thumb_720_2450K9AhOZkvcqTyr9Un4RrM.jpg"
4577,3195,"S","thumb_384_6881pgy74wye8oW2oUwo7Dz7.jpg"
4578,3195,"S","thumb_384_5530s56hKYq7lvVD0gwSVdat.jpg"
4579,3195,"S","thumb_384_9250jnSDgifvLILjFE0Mtl3i.jpg"
4580,3198,"M","thumb_720_3541vEHjD4KDK4DbxYWsxIdl.jpg"
4581,3198,"S","thumb_384_0196nZJHBUiXj48Xl9KKUtbf.jpg"
4582,3198,"S","thumb_384_6254HGmoywmsHCb3ujnHeq3F.jpg"
4583,3198,"S","thumb_384_6144Wz1wMkAOic2SjcnGClq2.jpg"
4584,3199,"M","thumb_720_47538bvcrovriDxfirghnjRj.jpg"
4585,3199,"S","thumb_384_53425Wi8z1LRiQqoHU8uwROE.jpg"
4586,3199,"S","thumb_384_80130hSjjpAdLwWiCsnMeHa1.jpg"
4587,3199,"S","thumb_384_1150vnC4n5j6jKzaJGqeiVuN.jpg"
4588,3201,"M","thumb_720_71361yS5l2eqxzm9nDApWZdQ.jpg"
4589,3201,"S","thumb_384_7587xVfNP38U93PMxMNtHYxW.jpg"
4590,3201,"S","thumb_384_3572IJPeDsJVEMxaOVNQjonS.jpg"
4591,3201,"S","thumb_384_7333SuElx7mQ8xTUbZ9GfLoH.jpg"
4592,3202,"M","thumb_720_03687GL2mHEVbwOTGq3UURwM.jpg"
4593,3202,"S","thumb_384_7106dvVIl62VIE9ovaEg6Kv3.jpg"
4594,3202,"S","thumb_384_4102SlKTtfz6vcsIXfDjgnrj.jpg"
4595,3202,"S","thumb_384_80933q4GVVWNl6lSl1pHEVkU.jpg"
4596,3203,"M","thumb_720_6522bce9Axf8bASP7Kv28SXM.jpg"
4597,3203,"S","thumb_384_7384nNgjFnXCgGR8WpxWF3S1.jpg"
4598,3203,"S","thumb_384_1837gNfW26RWyop2VVLyDQyj.jpg"
4599,3203,"S","thumb_384_9589JjEBOWpAy9NOynGSo4vh.jpg"
4600,3205,"M","noimg.jpg"
4601,3206,"M","thumb_720_2198t5DoqAjAcWUGjhkE7qtP.jpg"
4602,3206,"S","thumb_384_6014qI5qXAuGX1GhK2GKmuMX.jpg"
4603,3206,"S","thumb_384_5711yBMRSKyh4jMYoNmPgNCN.jpg"
4604,3206,"S","thumb_384_16589iiyu6ZggliuwSBxBFQs.jpg"
4605,3209,"M","thumb_720_1292awii09vOX3vn3xiJRTFl.jpg"
4606,3209,"S","thumb_384_06621B9o1FL9SN2marQdpBMj.jpg"
4607,3209,"S","thumb_384_7034GCghLVZBQwVOPsDio94S.jpg"
4608,3209,"S","thumb_384_8192urhrYKkZLEwxF1MY6MOW.jpg"
4609,3210,"M","thumb_720_7890v6j6fg5DrtabvffMXNJd.jpg"
4610,3213,"M","thumb_720_5903LGoQxmd2scwEHg0QgK9L.jpg"
4611,3213,"S","thumb_384_20017Hk5fc9Mny3HBDYiKFK5.jpg"
4612,3213,"S","thumb_384_8304YoU37IQgdFP2hVudtG5R.jpg"
4613,3213,"S","thumb_384_5464EVoo1Na75MZUQ3HEbAOx.jpg"
4614,3219,"M","noimg.jpg"
4615,3221,"M","thumb_720_8347prWcMTX1h3BYY4VUAiC0.jpg"
4616,3221,"S","thumb_384_8176Ym1kPOX714ma37RnhkHQ.jpg"
4617,3221,"S","thumb_384_1489qnjW029JwSNQlrPvmHN5.jpg"
4618,3221,"S","thumb_384_0553HqSrPGuHxvNUkJhk53P2.jpg"
4619,3222,"M","thumb_720_8839cd5SDXC1JGQzVSodC0Ft.jpg"
4620,3222,"S","thumb_384_0421g0ohLoP6ovIyH26Y2OfC.jpg"
4621,3222,"S","thumb_384_5984wlPeWV3pcInETLfMmVQ0.jpg"
4622,3222,"S","thumb_384_9394b4WE5ZZBb1GmiOeGCPuC.jpg"
4623,3227,"M","thumb_720_72585MqK7ocShjvclNENCffR.jpg"
4624,3227,"S","thumb_384_58791PsIRFAKUJN2tjKOolm0.jpg"
4625,3227,"S","thumb_384_7021uZyMkJPuQDeiC02Kbjhg.jpg"
4626,3227,"S","thumb_384_9309hLq6RkGxVmIDrqWXiTxO.jpg"
4627,3229,"M","thumb_720_0040xzEDtox9YcGhXiyKXNAa.jpg"
4628,3229,"S","thumb_384_7130kEYYuEV5q7LgC17Fw215.jpg"
4629,3229,"S","thumb_384_1849Q3cLOFfBMbfX6hPrVRTl.jpg"
4630,3229,"S","thumb_384_1903fWh7OIRGaiuZQaomcwp3.jpg"
4631,3230,"M","thumb_720_9767A22OV5A1UWdOKaMjJCL3.jpg"
4632,3230,"S","thumb_384_5024Y8DfQTADH2JZf0royod8.jpg"
4633,3230,"S","thumb_384_2926Su4107JuhuiMHaKa0kMZ.jpg"
4634,3231,"M","thumb_720_562463NfECrUCSHk885uoP1Z.jpg"
4635,3231,"S","thumb_384_95778Jm3e9qknukjDWKj5xsc.jpg"
4636,3231,"S","thumb_384_9747HdrNsFQjyS4ODjROMn6r.jpg"
4637,3231,"S","thumb_384_8109cmjWDXcKLNVQxPISCMzN.jpg"
4638,3232,"M","thumb_720_4588Gn73yV042iXGEg9NejyR.jpg"
4639,3232,"S","thumb_384_0356Dl4ch1tWgFvf8mcZbsKb.jpg"
4640,3232,"S","thumb_384_1641kyfFz7JPthNE1kiK1PX1.jpg"
4641,3232,"S","thumb_384_6610rd44aBVocF5MyWfZDud3.jpg"
4642,3233,"M","thumb_720_9697FkLNwfDMBNiMqTwqbVJj.jpg"
4643,3233,"S","thumb_384_2464gwcgKNZllbcYLptT28hA.jpg"
4644,3233,"S","thumb_384_1579uU4869VbOcRK0LwrHoYs.jpg"
4645,3233,"S","thumb_384_4554JUIVDGwHdPha34QUq2Dk.jpg"
4646,3251,"M","thumb_720_7199Xma59TiskAxOZtNRfYn6.jpg"
4647,3251,"S","thumb_384_6171xVehjcc5KhhaupXN1nQe.jpg"
4648,3251,"S","thumb_384_9435YMnahQi25vaIHe8ubsMc.jpg"
4649,3251,"S","thumb_384_27881qusYPRCLZS3gVSUickS.jpg"
4650,3252,"M","thumb_720_7533c1vLRrzLPUXhNvKp1MIC.jpg"
4651,3252,"S","thumb_384_4425iT6lYINAs5PyedalXMkj.jpg"
4652,3252,"S","thumb_384_0157lPGq8D4WhHIp7FLPBmnf.jpg"
4653,3252,"S","thumb_384_06665nYYOvLrzCsekqRW6MDB.jpg"
4654,3253,"M","thumb_720_7634FL7JCL2bPJXGMeIyykHb.jpg"
4655,3253,"S","thumb_384_7888OpdKWgTAcGDSi6a2c5Gr.jpg"
4656,3253,"S","thumb_384_9117oY1gNkA9pkI4oggKQDAk.jpg"
4657,3253,"S","thumb_384_3202GPSjlsD85RgLxjHjDAbk.jpg"
4658,3254,"M","thumb_720_1036C1QFtY6vuSmUwayxF2ic.jpg"
4659,3254,"S","thumb_384_97753Q84nLx7jXAsUwqVm0kq.jpg"
4660,3254,"S","thumb_384_0924qTiw1WVW7XengZSJYRZq.jpg"
4661,3254,"S","thumb_384_2860q1hu1SlqJEThoZVKcnHb.jpg"
4662,3258,"M","thumb_720_13786RKYAOTiXxVHf4Vx9lcz.jpg"
4663,3258,"S","thumb_384_7337fcKIZxCRrf7tLyFPyDRM.jpg"
4664,3258,"S","thumb_384_73859qG0gPW6pIm8pO6bg0tJ.jpg"
4665,3258,"S","thumb_384_0108uGM0FKOpbAgdhatmXMBo.jpg"
4666,3262,"M","thumb_720_37738HtYXZ7qeUaXH0LFyU5J.jpg"
4667,3262,"S","thumb_384_44308g5TUl8nqLqV4XSAkOX8.jpg"
4668,3262,"S","thumb_384_9386lNQifcD0DE8HpQLLy8f4.jpg"
4669,3262,"S","thumb_384_7568hwXrQ9jxQDpnxQk8AXle.jpg"
4670,3263,"M","thumb_720_7465AlJJbP9WNoFcV39wqIhr.jpg"
4671,3263,"S","thumb_384_2683iVubJlsAddYvYClHrVrk.jpg"
4672,3263,"S","thumb_384_6879roU34Ikm3njbZgRPGmxc.jpg"
4673,3263,"S","thumb_384_4663xH00d6losQEYD0fjH9p6.jpg"
4674,3264,"M","noimg.jpg"
4675,3270,"M","thumb_720_44819NINGjFsug0yc4nxRXhs.jpg"
4676,3270,"S","thumb_384_9737gY98SkusXPHZn9dX7Slz.jpg"
4677,3270,"S","thumb_384_781939i3pOWi1MGQUhgLhBBR.jpg"
4678,3270,"S","thumb_384_8943o3PUNPaBfDsa0eSlNiiV.jpg"
4679,3271,"M","thumb_720_89891w3pNeyDsTMUAmPhw2wJ.jpg"
4680,3271,"S","thumb_384_6299YcU0RCFQSVCMHVd2FNnR.jpg"
4681,3271,"S","thumb_384_0725awvNTos6SQYQyaS0HJax.jpg"
4682,3271,"S","thumb_384_7923CpC1eA5gU01Aig4g82xO.jpg"
4683,3275,"M","thumb_720_4106hIdZXgueXCtmWy0LOxrz.jpg"
4684,3275,"S","thumb_384_9484SjMhLzdWTN5HBdF202SV.jpg"
4685,3275,"S","thumb_384_4855oKehnTGFnrMv3Am813X8.jpg"
4686,3275,"S","thumb_384_7645B3vYXFcw1sIj3Ua2kGfL.jpg"
4687,3278,"M","thumb_720_20692XLzFX5npEEvQeCwDFa7.jpg"
4688,3278,"S","thumb_384_3507ArBIhQwcKUU2dfBIxkWK.jpg"
4689,3278,"S","thumb_384_2884FkbMRl5qFj3ICshkPIej.jpg"
4690,3278,"S","thumb_384_9085nDrtLYTKA5LyihG0uChj.jpg"
4691,3279,"M","thumb_720_8183pbnJx83nvgzJFjlkXb6x.jpg"
4692,3279,"S","thumb_384_8046tYBuSbfMYR8wY9Xm2cw0.jpg"
4693,3279,"S","thumb_384_9442Li7pxB9r2CRktIfsG6Xk.jpg"
4694,3279,"S","thumb_384_1779LljNbyCHoQrWNLMBcuZ6.jpg"
4695,3287,"M","thumb_720_1190JcYPUB3HP2zkSvFR6BDj.jpg"
4696,3287,"S","thumb_384_2343dDFpMTUzbgDUfn7tXGXt.jpg"
4697,3287,"S","thumb_384_33729e6qceo2Xw8LzJalnrUg.jpg"
4698,3287,"S","thumb_384_2613HWfPJWY4baoXJW9kSmri.jpg"
4699,3288,"M","thumb_720_1698arU5cHaIkNoi0IcWT5FA.jpg"
4700,3288,"S","thumb_384_79890e1jI7wnndz5pEtJCKTB.jpg"
4701,3288,"S","thumb_384_9560XeJciAxihWJjPTj1JxOb.jpg"
4702,3288,"S","thumb_384_4379nt1rSN9Dc6oriAuuODNP.jpg"
4703,3289,"M","thumb_720_7233W3mior0RrBjEAWcWjkmq.jpg"
4704,3289,"S","thumb_384_96160T8XFDzpNntzhioafqmQ.jpg"
4705,3289,"S","thumb_384_4669eqitJiTZxcMYs3YeJ6pi.jpg"
4706,3289,"S","thumb_384_6900211jjjU7ZKDUsHg6sZOD.jpg"
4707,3290,"M","thumb_720_8291L2tnNQxhIWyJjiGjVM6j.jpg"
4708,3290,"S","thumb_384_6091ueUfRLtLCciHRyqTUFuQ.jpg"
4709,3290,"S","thumb_384_2411ygtCbVsZFderS6e4WS31.jpg"
4710,3290,"S","thumb_384_2816RtSDoyqLY2GvyNbHE55e.jpg"
4711,3291,"M","thumb_720_1687z8RbeTK8Eg5357wuGXCf.jpg"
4712,3291,"S","thumb_384_45047Hxad1iS0nimlU7a5Q2r.jpg"
4713,3291,"S","thumb_384_6505CrJWQcWbw3fETsfnocCK.jpg"
4714,3291,"S","thumb_384_5338t0le30YZGjnwRRRX0STC.jpg"
4715,3292,"M","thumb_720_3292nlzV3yCgpwItGmlKGjHs.jpg"
4716,3292,"S","thumb_384_5477ToAH6Vocg8UMs1g5hu4I.jpg"
4717,3292,"S","thumb_384_48990owCDgvmHy5yI5tqkq2H.jpg"
4718,3292,"S","thumb_384_3818ZWeD9Q0AT68sJA5lI3xu.jpg"
4719,3293,"M","thumb_720_4118KC5E0yhiDxkW5ctbG8VH.jpg"
4720,3293,"S","thumb_384_4463s7LZAyUj3xQJIRSh1VDB.jpg"
4721,3293,"S","thumb_384_0107iXeoW3EwaGvIncffyI9h.jpg"
4722,3293,"S","thumb_384_9082FH9RFnxXlZa6Sp7neUe0.jpg"
4723,3298,"M","thumb_720_0716YfC3iRSMJXKmrqzZ25yQ.jpg"
4724,3298,"S","thumb_384_1551WSY1HvNnFsvPumvn6EcW.jpg"
4725,3298,"S","thumb_384_5224KH7BnTTyHCk9m6bdLJyr.jpg"
4726,3298,"S","thumb_384_5798v9anRRvbKk3YEcVrbvbF.jpg"
4727,3307,"M","thumb_720_61833Fa2pdZeOKDM6MzGIwEg.jpg"
4728,3307,"S","thumb_384_4827Ev4GqaA76UQe4LWOMHLS.jpg"
4729,3307,"S","thumb_384_905408wFdrGUE9ZWXUpJmEDd.jpg"
4730,3307,"S","thumb_384_9139THKH1fJ1tVEFwhmHTvw9.jpg"
4731,3312,"M","thumb_720_9985EZLemhMGssRiDceFWgUX.jpg"
4732,3312,"S","thumb_384_04039bhzNIaMvrs7SsBlAf81.jpg"
4733,3312,"S","thumb_384_5840FFi0WGx2Ixpmq94MPrru.jpg"
4734,3312,"S","thumb_384_1016oNfQqjiSfNzyqtGBXSo7.jpg"
4735,3314,"M","noimg.jpg"
4736,3316,"M","thumb_720_2393KEEg7Df3szC2vtLSJOq3.jpg"
4737,3316,"S","thumb_384_34614R1K9IAfA1qiKohIpKuw.jpg"
4738,3316,"S","thumb_384_9363LN86doagrBY7WBTXk4WV.jpg"
4739,3316,"S","thumb_384_2813oosDdr4e7NqM5j9Chub6.jpg"
4740,3317,"M","thumb_720_0493YJbBjuOEnnmMDouTFXty.jpg"
4741,3317,"S","thumb_384_7730cFBdaiFY5s7nWEYrw4c3.jpg"
4742,3317,"S","thumb_384_0089PIblf8FbPLuMeFnzMFZ7.jpg"
4743,3317,"S","thumb_384_3960gBXK2qnPC8YOdaApPcCY.jpg"
4744,3319,"M","thumb_720_3196NqArs4Zo35A6tk2dxOQC.jpg"
4745,3319,"S","thumb_384_3783g3fHMpW0mpVdSBpMF4w5.jpg"
4746,3319,"S","thumb_384_8412lmSsmpKfxBYuXEern0vq.jpg"
4747,3319,"S","thumb_384_4131nOqh54kpEZ28qRthfUU3.jpg"
4748,3320,"M","thumb_720_9518xMFaBV2TlrLciRE4glLA.jpg"
4749,3320,"S","thumb_384_0410KK1IYnFQmiOW0UwY4JQf.jpg"
4750,3320,"S","thumb_384_4854wi3kFYLVfpcjGcXIfBC9.jpg"
4751,3320,"S","thumb_384_44013Rxuou5U08jRAJi4l4z6.jpg"
4752,3323,"M","thumb_720_5323BmGnvnWOFESHPhvX38rs.jpg"
4753,3323,"S","thumb_384_2828AQq1DA3djjhP5VOfRSZx.jpg"
4754,3323,"S","thumb_384_83396fa41xsNbOdbYmaelF76.jpg"
4755,3323,"S","thumb_384_5376wqoeSI1pNS6pRlAnzP6T.jpg"
4756,3324,"M","noimg.jpg"
4757,3326,"M","thumb_720_5562rEzv5hP5c9HiYIBkemHp.jpg"
4758,3326,"S","thumb_384_4240cSZ7ndI3uPw4yIdQS6zc.jpg"
4759,3326,"S","thumb_384_0262dQusQlY3apJ3OGUt0OZM.jpg"
4760,3326,"S","thumb_384_96909oSRrnff797tJqepjjWH.jpg"
4761,3329,"M","thumb_720_29779hridoagMCe5LJg9ORwb.jpg"
4762,3329,"S","thumb_384_7825cIXWfXstI0nmIR3BsBzz.jpg"
4763,3329,"S","thumb_384_12422QcpY78jeWOxlwuOoaoB.jpg"
4764,3329,"S","thumb_384_7136RDw7FlQOVmFZsQj6TncZ.jpg"
4765,3330,"M","thumb_720_5480sGzl5c7vFVmr3PyxmB8a.jpg"
4766,3330,"S","thumb_384_5600N9a5vAEsRCvPpshrT2vB.jpg"
4767,3330,"S","thumb_384_7147z3PWagqcKqFzmFlc9eSS.jpg"
4768,3330,"S","thumb_384_0070yVDfrJvQXQdvQVSKlC4G.jpg"
4769,3331,"M","thumb_720_5849coVMnwjwssjgDOKVNf8V.jpg"
4770,3331,"S","thumb_384_3778jnfhtrVtdeH1Ksj51Z19.jpg"
4771,3331,"S","thumb_384_8044niaK72q1kjNTx2Fb3j0p.jpg"
4772,3331,"S","thumb_384_0899w3zcEKOgKrk3HDDAnsaP.jpg"
4773,3333,"M","thumb_720_9271Bq0nBP7ts1OtMN9xzGk4.jpg"
4774,3333,"S","thumb_384_2567Rs6tv6b5gDsRWQAdjuBf.jpg"
4775,3333,"S","thumb_384_00826ueE1sypR9udqYw8SADA.jpg"
4776,3333,"S","thumb_384_3480Q2Wfvl5cFb6XVOH4ppRv.jpg"
4777,3339,"M","thumb_720_0160R6RpZQBpHa9Bg4bfyyaz.jpg"
4778,3339,"S","thumb_384_26208e1JciPpLBiohIIbmhCF.jpg"
4779,3339,"S","thumb_384_3741gXXoo2EjxdL492xxuE9y.jpg"
4780,3339,"S","thumb_384_9812JDnLAnQuvO2fou6Ieglj.jpg"
4781,3340,"M","thumb_720_8565Ag08fz2jrKXWYKKZbxOy.jpg"
4782,3340,"S","thumb_384_77733WAY6PopBbUb25nXqI4l.jpg"
4783,3340,"S","thumb_384_6153Ab8hL8sk8tuY6o6aLqRt.jpg"
4784,3340,"S","thumb_384_3153b16W5ExnqfsT68wNGI8W.jpg"
4785,3344,"M","noimg.jpg"
4786,3345,"M","thumb_720_8180PmdrMgSnmKWgq50kpaM6.jpg"
4787,3345,"S","thumb_384_3866XUYxsG9uvuCqNqwVtlDd.jpg"
4788,3345,"S","thumb_384_35163qkRnkbNkXIcyt43VEXk.jpg"
4789,3345,"S","thumb_384_8045PxGjPkJdUVDsSnIhVSqW.jpg"
4790,3346,"M","thumb_720_5275b9BtyGDEi18tFqi6fzR3.jpg"
4791,3346,"S","thumb_384_1060ZfzwAZekr8oTtb6Et5xL.jpg"
4792,3346,"S","thumb_384_5443utroNvoxL6aapM6oTY30.jpg"
4793,3346,"S","thumb_384_9810HcV4X23RpwpY84pws02r.jpg"
4794,3347,"M","thumb_720_08197sANWL4mbLh9pzyYjE0V.jpg"
4795,3347,"S","thumb_384_1143yRaUbETataFx7ps39XXM.jpg"
4796,3348,"M","thumb_720_0044LgzZmfUpixLAfaNG8SkN.jpg"
4797,3348,"S","thumb_384_1587IbaglmiaoGT8oeB42Ayt.jpg"
4798,3348,"S","thumb_384_8485XGsmTg8n7eldebvF3tF7.jpg"
4799,3348,"S","thumb_384_3036esfFLIzTzwMvBmVPkANo.jpg"
4800,3350,"M","thumb_720_0170eVdCcfRnBEqXulYNF6yA.jpg"
4801,3350,"S","thumb_384_4953ZkwvflHwnFNLVPh8HXBO.jpg"
4802,3350,"S","thumb_384_6146nZcDnb4EJc7N5Vvl36th.jpg"
4803,3350,"S","thumb_384_97386kXDgz6Z573wgVixQELK.jpg"
4804,3351,"M","thumb_720_7832dNaZBJvZMY6fvhTAL6qg.jpg"
4805,3351,"S","thumb_384_0374HqGXQlaIknJS8iwZORuJ.jpg"
4806,3351,"S","thumb_384_04148Fv3GnJIzUCeuIZZy3p0.jpg"
4807,3351,"S","thumb_384_2408Qh6n1Ew80P3G2y58fj0R.jpg"
4808,3352,"M","noimg.jpg"
4809,3353,"M","thumb_720_3233c4IhyPbzG49c42NBshTq.jpg"
4810,3353,"S","thumb_384_3136Qw45Z9N5yhwufUjoyDEr.jpg"
4811,3353,"S","thumb_384_68403P8ZHqV5KUWtHIauVIVf.jpg"
4812,3353,"S","thumb_384_4711rlQkdJJT150CoGrNrmBi.jpg"
4813,3354,"M","thumb_720_2367AMBAwqAboC17bvAMEjbc.jpg"
4814,3354,"S","thumb_384_1296ieEUmxyvX2YmOoxsDXV5.jpg"
4815,3354,"S","thumb_384_5193PVk3QV9Qw1uRbIhJxmTS.jpg"
4816,3354,"S","thumb_384_7026DvnkGFJtVaB256vWdn9L.jpg"
4817,3357,"M","noimg.jpg"
4818,3358,"M","thumb_720_66534MyuQFBMnEekZde9T36f.jpg"
4819,3358,"S","thumb_384_46791viQZhwrg1gnBEqzRm8l.jpg"
4820,3358,"S","thumb_384_7596yGi2555cfSFt0Osq44Ii.jpg"
4821,3358,"S","thumb_384_1440LezuYa4E7JUy7B8ZY1Nw.jpg"
4822,3361,"M",""
4823,3361,"S","thumb_384_1754TWYJsHZ0bNcnyu7NbzrB.jpg"
4824,3361,"S","thumb_384_6147x0cps8h2bex08HMImXWK.jpg"
4825,3361,"S","thumb_384_2078z4q1n3Cc8xuqN4DPN4OY.jpg"
4826,3369,"M","thumb_720_1011kRNS8EANQFEXYK3Dl7Jj.jpg"
4827,3369,"S","thumb_384_28644ITIXDAnYPs5tRD1p8b5.jpg"
4828,3369,"S","thumb_384_3454191SxiJTCFCI7MbyzJkn.jpg"
4829,3369,"S","thumb_384_1570KHqgjRxqtwSI0VdsLEBq.jpg"
4830,3370,"M","thumb_720_0967gTf8pKb4f580cv9zj17s.jpg"
4831,3370,"S","thumb_384_4089wBiVqBxnD1fR4oDxsNP7.jpg"
4832,3370,"S","thumb_384_2420YFF3MeVxXgXhyPTuNApW.jpg"
4833,3370,"S","thumb_384_4784h9gsADC0dSsunwHXlNsJ.jpg"
4834,3373,"M","thumb_720_1915CGF70AwJDtKf34H0mGYc.jpg"
4835,3373,"S","thumb_384_88232Tjt4pQ2BmwOndLjqKS7.jpg"
4836,3373,"S","thumb_384_2418NONYIMgGWOPRjqxjC8X3.jpg"
4837,3373,"S","thumb_384_2686Pyjvl7RRyJO8v6YuubkL.jpg"
4838,3375,"M","noimg.jpg"
4839,3376,"M","thumb_720_58933XdBJ2Ne7WCDaJVLfV1g.jpg"
4840,3376,"S","thumb_384_1287C7KYm2LYviT1DU1WkIfu.jpg"
4841,3376,"S","thumb_384_5118mXaZXrwVrkD8pWW637Gd.jpg"
4842,3376,"S","thumb_384_4343ViFYcZMf3GWyhkXbG6jn.jpg"
4843,3377,"M","thumb_720_6213KWl6pHwFVsEJKuKpVwVm.jpg"
4844,3377,"S","thumb_384_7854Zh3IsmyhWYgb6VC5yGNO.jpg"
4845,3377,"S","thumb_384_2829Cfag0swBgR4pOYDdKD0h.jpg"
4846,3377,"S","thumb_384_31022lbD5vTBlh1OgURb3vLo.jpg"
4847,3379,"M","thumb_720_74890MYeZlvAltdwWHAUp4Wc.jpg"
4848,3379,"S","thumb_384_9057bGRwLmnG1NzAqfXraMHL.jpg"
4849,3379,"S","thumb_384_7975Atg88krXP44TMqo6vv30.jpg"
4850,3379,"S","thumb_384_7754TfjnP4xLp1OxOYkWC2MO.jpg"
4851,3383,"M","thumb_720_6022dBWL53fHXrFKHLiILiWj.jpg"
4852,3383,"S","thumb_384_4478QvVSLLI8L0rJfNDfFRZp.jpg"
4853,3383,"S","thumb_384_4330gf95AXWNlZfGjYTQOfwY.jpg"
4854,3383,"S","thumb_384_4282q2rnE0qF3Bn4PjVLy54v.jpg"
4855,3384,"M","thumb_720_8916nIsLeCHaBkA0QCLzeRG7.jpg"
4856,3384,"S","thumb_384_9701JRppiqLQ9KSeXzTq0Lqn.jpg"
4857,3384,"S","thumb_384_3411r9JZTcI6f5AQFEWqq4ry.jpg"
4858,3384,"S","thumb_384_4990hEoi1wX162fwr7AdAqgg.jpg"
4859,3386,"M","thumb_720_1613RTefpNLg71MW8Fl61PjC.jpg"
4860,3386,"S","thumb_384_7166bTqbKfI1mMXNp5BCUhYV.jpg"
4861,3386,"S","thumb_384_6166JywtM2teRtjp49nbx5ST.jpg"
4862,3386,"S","thumb_384_7200ytBvfGjzSKiAZhC0XQO5.jpg"
4863,3389,"M","thumb_720_9741LkbIh2DBqpT7Ixzbwv2s.jpg"
4864,3389,"S","thumb_384_2984gpiVUdcPdhoMD0nTKqdB.jpg"
4865,3389,"S","thumb_384_80282MnOCroSwbXwePw6DZ5M.jpg"
4866,3389,"S","thumb_384_3823UJkM0gOSKloyj2Dib3fm.jpg"
4867,3391,"M","thumb_720_4532gx3TIPeiZJL0mbZBJutT.jpg"
4868,3391,"S","thumb_384_954945RaaBcotvvPpPYZj2Gn.jpg"
4869,3391,"S","thumb_384_4768IwnkVFXhGgScErpOPBPg.jpg"
4870,3391,"S","thumb_384_8954NFSItj4HjcWkeutVng1M.jpg"
4871,3392,"M","thumb_720_7101MLpUKz2o1UNGOIqSHmKp.jpg"
4872,3392,"S","thumb_384_0407jrUds6JmJtewlCaJUwro.jpg"
4873,3392,"S","thumb_384_56082JR45BPVkDN1WWcNdwJ8.jpg"
4874,3392,"S","thumb_384_6146uykngZKskr6vZpDg3TJY.jpg"
4875,3394,"M","thumb_720_8481tlbPw77QO0qbTgrddZya.jpg"
4876,3394,"S","thumb_384_6354naMnWWPTKN7zSgwNjv3J.jpg"
4877,3394,"S","thumb_384_2863Y24EYl93hfC8NCAO1rzV.jpg"
4878,3394,"S","thumb_384_02022LjzFS7esuEtCl4PsIu5.jpg"
4879,3395,"M","noimg.jpg"
4880,3397,"M","thumb_720_4237mTM6rxMG6sFp0l0C5xrT.jpg"
4881,3397,"S","thumb_384_4746D9q5dK6TNmPFh2AdDtAF.jpg"
4882,3397,"S","thumb_384_2967DYy5rJj3jnGJBcApPdzU.jpg"
4883,3397,"S","thumb_384_7686moAfWS8uermDkjjwC6kr.jpg"
4884,3407,"M","thumb_720_13230YOI4JajDgL5GRrHJbaS.jpg"
4885,3407,"S","thumb_384_81944hIylBlviYmvUBSPnFXb.jpg"
4886,3407,"S","thumb_384_1925YJmFdw4IVnwLU1q0VHj6.jpg"
4887,3407,"S","thumb_384_9541W4LjIangAeaJtryAxdJ1.jpg"
4888,3408,"M","thumb_720_0717IFZE28RRXTxAYx00SAjy.jpg"
4889,3408,"S","thumb_384_70853MmAWA4UbFarfiWbuzFG.jpg"
4890,3408,"S","thumb_384_4306FHs3Zn6MYDeFV5ZyRMAi.jpg"
4891,3408,"S","thumb_384_0054Su9YKqllojykpYL9oRYb.jpg"
4892,3409,"M","thumb_720_51498sT7kkxKQZ7xPM0NRW2H.jpg"
4893,3409,"S","thumb_384_4045Z3vZQKwv47Sq44dbu4BT.jpg"
4894,3409,"S","thumb_384_6856V41Jhv78YivhDueR9WjS.jpg"
4895,3409,"S","thumb_384_2104LJk0aVvZXv1MIdUNPzij.jpg"
4896,3412,"M","thumb_720_1814E0IHk8L45YMDFOBLuXiU.jpg"
4897,3412,"S","thumb_384_8211pIi3i9cOCQpZkvaEVlj6.jpg"
4898,3412,"S","thumb_384_2905bWRQu0pZgPOZQwKIv9nG.jpg"
4899,3412,"S","thumb_384_6100ishPSQJBhuKhctklXzNw.jpg"
4900,3415,"M","thumb_720_5226wld6b2Sq26y3GP5juh9a.jpg"
4901,3415,"S","thumb_384_3149XNj3IukgW7mK0RMDZI35.jpg"
4902,3415,"S","thumb_384_4772JjWIzHs6H9J2ghn7MF9d.jpg"
4903,3416,"M","thumb_720_0078lAC6pZoLZtHlLCyZQkKx.jpg"
4904,3416,"S","thumb_384_5978fFKkOCe0AnBYGu9mB34U.jpg"
4905,3416,"S","thumb_384_9099h4ogcErzyaPGPgvL6puO.jpg"
4906,3416,"S","thumb_384_6074X6loZH1vpdnkaJIQ45p3.jpg"
4907,3417,"M","thumb_720_0031DxgRK5Qb6clpewmk3RJB.jpg"
4908,3417,"S","thumb_384_9489V1cw9ZikLZpFJriV2QhF.jpg"
4909,3417,"S","thumb_384_3530pCiz1Xp9EGDKcGDcscqF.jpg"
4910,3417,"S","thumb_384_3573MqFeire1Ru4rNbz9fJ2D.jpg"
4911,3419,"M","thumb_720_20592BmntboioTxvcvyzDaPM.jpg"
4912,3419,"S","thumb_384_6125Rv0eQ3ERhOs0CAgASrWe.jpg"
4913,3419,"S","thumb_384_0477r9rPzQS5qcG1sVatucGv.jpg"
4914,3419,"S","thumb_384_2752NffSBqpsuCw8fkpZcI2l.jpg"
4915,3421,"M","thumb_720_7505KJwoHfoHzU9mPu5UTj6O.jpg"
4916,3421,"S","thumb_384_5843DRLf7ariQZsz63fKYAdZ.jpg"
4917,3421,"S","thumb_384_8818EDeqdvy12zkTQ9HOI23X.jpg"
4918,3421,"S","thumb_384_7111P41AgKHx0k93JGBchmg3.jpg"
4919,3423,"M","thumb_720_1014auNFYaUpAajXhNi2vNdP.jpg"
4920,3423,"S","thumb_384_9304wXjjRtzCIvftiiqumPZH.jpg"
4921,3423,"S","thumb_384_3936tvWT49c6WXWZnT7sPBO9.jpg"
4922,3423,"S","thumb_384_3034FVRWGdrNGOGu2nkOJxSN.jpg"
4923,3426,"M","thumb_720_3951Kex5qyQf2jyjLWbjTn06.jpg"
4924,3426,"S","thumb_384_8276fS834fZVyzMBtH4y62nF.jpg"
4925,3426,"S","thumb_384_6890cs7lS7VZjwYaVZ1OuhtR.jpg"
4926,3426,"S","thumb_384_4893dDtxdhsZHvDaLmovBQky.jpg"
4927,3428,"M","thumb_720_68571XfZx6q2aFlTgyCVxOfU.jpg"
4928,3428,"S","thumb_384_2621Lozq6toaR1J7n2wTEQsy.jpg"
4929,3428,"S","thumb_384_1089S3NquVbzntqbod6ZeWwv.jpg"
4930,3428,"S","thumb_384_8114xT7VnHOqWEEOxEGusDrE.jpg"
4931,3429,"M","thumb_720_7798D931eCFr52PoJOTNrEdo.jpg"
4932,3429,"S","thumb_384_0916eFJoam5ynPYgFvRFJV2N.jpg"
4933,3429,"S","thumb_384_7372o5nDlM0DdHN6hJ5oWwo5.jpg"
4934,3429,"S","thumb_384_1889dK3DjvzPxKGqLYH3KpmI.jpg"
4935,3431,"M","thumb_720_34505RI6yxbHfmIZk6NrQR4l.jpg"
4936,3431,"S","thumb_384_2904eUZ6oBwJaewByppbqBGz.jpg"
4937,3431,"S","thumb_384_5400wg2oD851LGEkb1IdZpm4.jpg"
4938,3431,"S","thumb_384_1816SfxSuhBcFb3e36Cxprpz.jpg"
4939,3434,"M","thumb_720_2827ADGmVeOgfzhOobsZ8gPD.jpg"
4940,3434,"S","thumb_384_9676qStWe4792vLhszzpLNpv.jpg"
4941,3434,"S","thumb_384_5753BYJwZjg5bslaLKroiAUt.jpg"
4942,3434,"S","thumb_384_3205sG8I2bfriQR5wHyL6BMQ.jpg"
4943,3436,"M","thumb_720_1110lT8nNRfefcfc8bjv2m9v.jpg"
4944,3436,"S","thumb_384_1441a7booFiAhxPhcksRlpKU.jpg"
4945,3436,"S","thumb_384_2136ETcUGtLFKViu7nwwnXTm.jpg"
4946,3436,"S","thumb_384_3169YM9Y2RML3GT4kADjdOx2.jpg"
4947,3440,"M","thumb_720_9309mJyOUrjGejBebd87QPCb.jpg"
4948,3440,"S","thumb_384_6303Uqnh8dHpOznJn7MqiMZZ.jpg"
4949,3440,"S","thumb_384_4169BMqDcOgoedOezX1AeN40.jpg"
4950,3440,"S","thumb_384_5208ad82LZObUsieMJO0ajPl.jpg"
4951,3441,"M","thumb_720_3626xA4EFL6UNaQpEwNPORVa.jpg"
4952,3441,"S","thumb_384_8137Aedh1CyK1YNwEE1IT92X.jpg"
4953,3441,"S","thumb_384_5065HiBLprqODHXcRk2gcrB2.jpg"
4954,3441,"S","thumb_384_1576s6Sq3Oxs3dflI2zvRWaA.jpg"
4955,3442,"M","thumb_720_2838wFOLqwFImVLRZnkrcV5E.jpg"
4956,3442,"S","thumb_384_9266wBA2dNloOM6r3bEYmrIG.jpg"
4957,3442,"S","thumb_384_5067tXevZxa3Gp7EBqFTnSFo.jpg"
4958,3442,"S","thumb_384_2124z13cCfirrnx17Zq1IAun.jpg"
4959,3443,"M","thumb_720_2936pS6wlVm1Xgt75TXMwvNR.jpg"
4960,3443,"S","thumb_384_2151fQ7PCbQbZkgdsVVQo1A1.jpg"
4961,3443,"S","thumb_384_2200JJakXteJpBxCXkk7q7ZF.jpg"
4962,3443,"S","thumb_384_25969Bh4UgSR9eNIkdlioX1p.jpg"
4963,3444,"M","thumb_720_6268QHGMrj4PBRwlwBVcJJuO.jpg"
4964,3444,"S","thumb_384_2087mNZDflkBnIYwOevBtE2s.jpg"
4965,3444,"S","thumb_384_8873L3yPb5kunN2qmthwcSxv.jpg"
4966,3444,"S","thumb_384_19845IPgWnW313VgzoF5UdrL.jpg"
4967,3445,"M","thumb_720_7096kfofAKUDYJQJsjyzlCis.jpg"
4968,3445,"S","thumb_384_3533qqM2snoeUrhuWSSv2D6Z.jpg"
4969,3445,"S","thumb_384_7051rTI1XKo2Tu3bQO2XjdLS.jpg"
4970,3445,"S","thumb_384_3041dNZeoKL1k4x7ZWkwAGZJ.jpg"
4971,3450,"M","thumb_720_3859MtMAi2ZoedI9IAaJdnGu.jpg"
4972,3450,"S","thumb_384_3581fMQJdOwH6zka9DUcgwJr.jpg"
4973,3450,"S","thumb_384_6137w6UFjHxpBLIf6GqG9XrI.jpg"
4974,3450,"S","thumb_384_0703gwWxstT4ybDUD8v0azUy.jpg"
4975,3454,"M","thumb_720_3892Dq9VdVm7w0axvAO3Hak6.jpg"
4976,3454,"S","thumb_384_53878MWmxprMow4oQg8mMDzf.jpg"
4977,3454,"S","thumb_384_6420Poi911AWVZW2GiBWSMPa.jpg"
4978,3454,"S","thumb_384_65610XA8J5Z7w5H2vKBzrIsx.jpg"
4979,3457,"M","thumb_720_0721UeuyZanhsg1k3t4d9Sdo.jpg"
4980,3457,"S","thumb_384_7191Zi0Dlst0fyQ2vl5esmm0.jpg"
4981,3457,"S","thumb_384_82316CmUGagIlNEQbNnmXOUo.jpg"
4982,3457,"S","thumb_384_2056ui8fF524ZpBz4Y2egEWc.jpg"
4983,3458,"M","thumb_720_5531xtKMXaW4hUPzF19wtHv9.jpg"
4984,3458,"S","thumb_384_6014UWzWDLdlJkn5Kd8J8sNg.jpg"
4985,3458,"S","thumb_384_1695aHU8tU4R722XacRmqxvp.jpg"
4986,3458,"S","thumb_384_7641vuGfhwSjpC9kP7AgoGsh.jpg"
4987,3459,"M","thumb_720_29373TlqpjpVCJubLRNKMEp4.jpg"
4988,3459,"S","thumb_384_7372WiBZ9VSETMj9h4MzZK7Z.jpg"
4989,3459,"S","thumb_384_5519mCjLWDJDy7fWb12zMid0.jpg"
4990,3459,"S","thumb_384_9061U2DGIbmnwX9CuaeQNdwt.jpg"
4991,3461,"M","thumb_720_2577vzHZHpKCImecOcmaoKsO.jpg"
4992,3461,"S","thumb_384_7960uBE1EhAJhjPEYY2sCLOt.jpg"
4993,3461,"S","thumb_384_9139JK3A60k4fif12IJW0Nv4.jpg"
4994,3461,"S","thumb_384_1756ZWvtxkMTH6jDh7kITHbH.jpg"
4995,3465,"M","thumb_720_1017An0MZlNkh8hdwifYnxf0.jpg"
4996,3465,"S","thumb_384_8998yXJxU4mi3JjPdXViK3o4.jpg"
4997,3465,"S","thumb_384_0399C7mhXSVIOUu7Cm4E587C.jpg"
4998,3465,"S","thumb_384_6364vE7L7rllCUfqFkhsiwTz.jpg"
4999,3466,"M","thumb_720_58177WVMbDCEinTBz0cxgpp7.jpg"
5000,3466,"S","thumb_384_9673V9Cc5uQQcs35ejbHdsyV.jpg"
5001,3466,"S","thumb_384_8838APUfHaCtx3f6H1YYsWX1.jpg"
5002,3466,"S","thumb_384_9688IajhQ265aXfJjSdNFTv8.jpg"
5003,3470,"M","thumb_720_9251pGM0yfaNOqNxkiKLYASJ.jpg"
5004,3470,"S","thumb_384_8361LtUIsW2wE2FieQgTpSDI.jpg"
5005,3470,"S","thumb_384_8560JZQCJ0gqCzIl32xSI6Lp.jpg"
5006,3470,"S","thumb_384_7206XrIee66W6K9vHkYDdjLO.jpg"
5007,3471,"M","thumb_720_3252G6AJfE6AIv8HBpi8ohXW.jpg"
5008,3471,"S","thumb_384_7869iKcu9KaQoLTAaaP0uLv5.jpg"
5009,3472,"M","thumb_720_5430iUkkMHCmVmB0PFfCeWpK.jpg"
5010,3472,"S","thumb_384_4367JB5SCZrXzJiDT4kTd2xR.jpg"
5011,3472,"S","thumb_384_3643PPjPLks0AdOVUZzFUn1s.jpg"
5012,3472,"S","thumb_384_90932PW7GZcYphaQd3IJ2DUH.jpg"
5013,3476,"M","thumb_720_6889w6r1lreCRtdJorm4hhWu.jpg"
5014,3476,"S","thumb_384_2656mutWmEXpnlNQxGvtwOWb.jpg"
5015,3476,"S","thumb_384_8397Ku4azQNxSrdfVswZqRcN.jpg"
5016,3476,"S","thumb_384_2074CtWFmRuhvEdAtGAhTMHX.jpg"
5017,3477,"M","thumb_720_20747wFKqtGRkSTWZ6UegD45.jpg"
5018,3477,"S","thumb_384_0920LebjsJj0ghdWSBZT1yZG.jpg"
5019,3477,"S","thumb_384_2468bRp0MxefjTL1SGSRkEl6.jpg"
5020,3477,"S","thumb_384_1322T6tByniZr0gejC1TtQF7.jpg"
5021,3478,"M","thumb_720_2249YS3nZMhn7r8I8wxNxT1H.jpg"
5022,3478,"S","thumb_384_0756p1ncenhAmXZNddgnlfio.jpg"
5023,3478,"S","thumb_384_4204bp4jsP5a499dDJniDs2X.jpg"
5024,3478,"S","thumb_384_83794swMfljEmGEwJH4VEy6M.jpg"
5025,3481,"M","thumb_720_2869TyrulOJ0tzC2KDA18kRG.jpg"
5026,3481,"S","thumb_384_7429YjSs51EYd4YA8vge3oQE.jpg"
5027,3481,"S","thumb_384_9173kUUu3SYLXx37u5eowyzv.jpg"
5028,3481,"S","thumb_384_4872q46AF0KtpTPlzMoG1Lmm.jpg"
5029,3482,"M","thumb_720_3261BVdJ2xlgWIJG7tfckM5N.jpg"
5030,3482,"S","thumb_384_9489O9gS0JQ1mZkdjtySlHif.jpg"
5031,3482,"S","thumb_384_1754kOU94ZzHnzPBWgUgnivA.jpg"
5032,3482,"S","thumb_384_3060GOxaGTQrxfofLYlZwz1k.jpg"
5033,3483,"M","noimg.jpg"
5034,3484,"M","thumb_720_39757ypw3s2uL6SXDYyKRAJy.jpg"
5035,3484,"S","thumb_384_40355pZfaBo9Hmuit0dSwXbr.jpg"
5036,3484,"S","thumb_384_0790fH97FDSYevyuSRRLNM7r.jpg"
5037,3484,"S","thumb_384_6192WEnSzrZuCjGBbQQMVoyM.jpg"
5038,3485,"M","thumb_720_9716IsPvBcRHgcECGagNUs3O.jpg"
5039,3485,"S","thumb_384_1740IVltnd3chsbGIkAaXQxG.jpg"
5040,3485,"S","thumb_384_6116gAj78na6t5cRNHwb6e4Q.jpg"
5041,3485,"S","thumb_384_5514HoFBeIw586X4hzbUhyxS.jpg"
5042,3486,"M","noimg.jpg"
5043,3487,"M","thumb_720_6849eB3lqqqGVmPY3qRB3mZd.jpg"
5044,3487,"S","thumb_384_0603s2RKJIRniqmh3uCHAS3s.jpg"
5045,3487,"S","thumb_384_7437mONigMNhseDtCaLp3Ei5.jpg"
5046,3487,"S","thumb_384_2104jPcxtRHpWKG6ih8X8dwK.jpg"
5047,3489,"M","noimg.jpg"
5048,3496,"M","thumb_720_3209CW01JvwHjFCQkWZpjTKI.jpg"
5049,3496,"S","thumb_384_1958dfcPVUnMbCdmpEI9jrRf.jpg"
5050,3496,"S","thumb_384_2092IKXtAQ4Bz4qYHFaRiPGF.jpg"
5051,3496,"S","thumb_384_6016bRIGC7Wcshv8sdqaO4Co.jpg"
5052,3497,"M","thumb_720_3745EvlH7pYoOk5EbhhsbaXX.jpg"
5053,3497,"S","thumb_384_8083wT8yc9aVATyl9yA4nDca.jpg"
5054,3497,"S","thumb_384_0349vP2t2etfllbyw59AZKtV.jpg"
5055,3497,"S","thumb_384_1559NLDjb6FufuF2lrRWio3F.jpg"
5056,3498,"M","thumb_720_0989DHbCDoNTsVrKUTqKcdQN.jpg"
5057,3498,"S","thumb_384_0919RGjnzLnPdyisdrJywFY5.jpg"
5058,3498,"S","thumb_384_6347TqXbYrwn0ghkzeatbIHV.jpg"
5059,3498,"S","thumb_384_0502FvDv0HFYR0td8YXEzhW3.jpg"
5060,3508,"M","thumb_720_9925cz6NSGRAngpIuZp4s9Zo.jpg"
5061,3508,"S","thumb_384_7741eLrgPtrcd4bjGGt8WH1S.jpg"
5062,3508,"S","thumb_384_5037Aslz2KdP8xkFkznWnjLh.jpg"
5063,3508,"S","thumb_384_8353XTThH5kPC7eOFWbrPQmV.jpg"
5064,3510,"M","thumb_720_9570yD824iZr4sTap5DJajDF.jpg"
5065,3510,"S","thumb_384_1677IFbAH7h33Ev5CMkTOxvV.jpg"
5066,3510,"S","thumb_384_4680yDdd3WlGIXkoTQLipMLG.jpg"
5067,3510,"S","thumb_384_5848UuTWaKiGK6wmPVh9L1wW.jpg"
5068,3511,"M","thumb_720_2711bF0RySFuTljb4HgPRx3m.jpg"
5069,3511,"S","thumb_384_5467Xbks5kbo3T4GBw9Q5wMA.jpg"
5070,3511,"S","thumb_384_95149K1nSjwiCwpgVOp5SJwF.jpg"
5071,3511,"S","thumb_384_8737JUsmFFTv9Ef4pDZAq7QK.jpg"
5072,3512,"M","thumb_720_1293KYIshXhP4pCUQW1K5SW2.jpg"
5073,3512,"S","thumb_384_177392nIqYHzrbdg5x8BB6kP.jpg"
5074,3512,"S","thumb_384_8707bnoL2nT1KVibajDMXeSj.jpg"
5075,3512,"S","thumb_384_4335H1s9wF7pkrXO6te2fFrl.jpg"
5076,3518,"M","thumb_720_5618zWj1PHOx30Rgh61uyGs2.jpg"
5077,3518,"S","thumb_384_4205UkoM6RUJmEE9275MUByO.jpg"
5078,3518,"S","thumb_384_3911qnC0FmrLcVMa7lrQ7xUc.jpg"
5079,3518,"S","thumb_384_3540KY85jT1lSt3LW9DdCZ6F.jpg"
5080,3519,"M",""
5081,3519,"S","thumb_384_8153qmLW6TObKzjXBjqVx7Ky.jpg"
5082,3519,"S","thumb_384_8786sbDEzuCTksmVPz9Napxg.jpg"
5083,3519,"S","thumb_384_1104t2YbzLYn25jjTFfDOgxd.jpg"
5084,3520,"M","thumb_720_2721j3vPfmtCEE0ZMIjnx4rp.jpg"
5085,3520,"S","thumb_384_8242jWuqjmofbJxP6IKvXcXi.jpg"
5086,3520,"S","thumb_384_0004arlfdQGnNNhQ0WhmAJfy.jpg"
5087,3520,"S","thumb_384_0083cfPuegBevm2j0TsMQRzj.jpg"
5088,3521,"M","thumb_720_9363bOmZeNnGgHJVvqLkTwXT.jpg"
5089,3521,"S","thumb_384_4612rCEZAsqgU8i9pwdWJrqf.jpg"
5090,3521,"S","thumb_384_5900Lu3JAicctD4UU7GfYklp.jpg"
5091,3521,"S","thumb_384_8006T7EOjqSW6es9WUJyd4kE.jpg"
5092,3528,"M","thumb_720_6455w1neh9Fd4vbTd5EWWstb.jpg"
5093,3528,"S","thumb_384_4094dBfL0vRVS8oDDRHEUFtO.jpg"
5094,3528,"S","thumb_384_1924mU3aIOS7mlB0t0G5JbWP.jpg"
5095,3528,"S","thumb_384_0607e70L2oWGphOWUGBunUaZ.jpg"
5096,3529,"M","thumb_720_4547VmSNxqqlnIFW1YLXVRwm.jpg"
5097,3529,"S","thumb_384_3875Xr2gS51Ix7MV2qfcDofV.jpg"
5098,3529,"S","thumb_384_0601PMCzjnkTOqChBxEuFBSL.jpg"
5099,3529,"S","thumb_384_4225nCESKlVSmRqtUeDItWUp.jpg"
5100,3539,"M","thumb_720_7628POUz1MripzViUrENrTID.jpg"
5101,3539,"S","thumb_384_5815IZ01qIlyMAGYvkjjYpRZ.jpg"
5102,3539,"S","thumb_384_1200tz2WI65itHzY9VbaYYnF.jpg"
5103,3539,"S","thumb_384_24402Eu52Ii7bdnCs5SnUHuZ.jpg"
5104,3541,"M","noimg.jpg"
5105,3544,"M","thumb_720_0398HYpnd6aUXiPq7MeN0gnb.jpg"
5106,3544,"S","thumb_384_85744RPVVCOPRBlLB1J3SbZV.jpg"
5107,3544,"S","thumb_384_4773GFAROOyxb9uS9PxK4ZoQ.jpg"
5108,3544,"S","thumb_384_4879f5c6pnTFwKAqZIiscLLF.jpg"
5109,3545,"M","thumb_720_7071WN6PyAyLe2JHprfBhglQ.jpg"
5110,3545,"S","thumb_384_1792atLHQMbRjwxqyEqno8GY.jpg"
5111,3545,"S","thumb_384_7511vVJyZ33UnpmqeNUlHx87.jpg"
5112,3545,"S","thumb_384_7452Xp56jYpfNWXUawCFwbOy.jpg"
5113,3546,"M","thumb_720_8490s0SxdkOhrwPs6xNopjAE.jpg"
5114,3546,"S","thumb_384_2425sqR3QlQuLg9OXtvpOTU2.jpg"
5115,3546,"S","thumb_384_8683wdWANoKSWfFkvqItxHTn.jpg"
5116,3546,"S","thumb_384_6060fZcnGRHo7ZlwYKo39YvM.jpg"
5117,3551,"M","thumb_720_481722Agp8jpGGbdwFFgK0jH.jpg"
5118,3551,"S","thumb_384_3631IbkiGvHuIY2sejdnK1LZ.jpg"
5119,3551,"S","thumb_384_1307CGBIXZY67OhyNQi2UYai.jpg"
5120,3551,"S","thumb_384_4105fRNCVpsrvIMJcgwrN6eU.jpg"
5121,3556,"M","thumb_720_3985QvzW30iNELioU4wly5lY.jpg"
5122,3556,"S","thumb_384_4402oIstgMrexSMgyQyDs6mE.jpg"
5123,3556,"S","thumb_384_0044MkHGwyTc0GhAPErZBT58.jpg"
5124,3556,"S","thumb_384_5272sCGsdRjGyyy3epMdLEbO.jpg"
5125,3559,"M","thumb_720_3328VnwyR2bq8f39G0mIDZ3q.jpg"
5126,3559,"S","thumb_384_8060GLYxpTmPFxKVDdx73DK4.jpg"
5127,3559,"S","thumb_384_1455l8qG7NUdtxOQO7W0nXwB.jpg"
5128,3559,"S","thumb_384_9537ZH7BLlhjgSVNPIApgAZS.jpg"
5129,3568,"M","thumb_720_67859DE78TTiX01xcBvByZ9z.jpg"
5130,3568,"S","thumb_384_916402rqq9xBmnN73FdnDjye.jpg"
5131,3568,"S","thumb_384_80701GlYyyeu9Fs1Tm5omKzt.jpg"
5132,3568,"S","thumb_384_6363udJCgtqhvusIpoJ05Din.jpg"
5133,3569,"M","noimg.jpg"
5134,3575,"M","thumb_720_0718KNO97ZOmQI9GK7qZ73Wo.jpg"
5135,3575,"S","thumb_384_6080R200mRLjhmHXMxtLMKnt.jpg"
5136,3575,"S","thumb_384_9364TAhEdmmG2CasssYQqW1X.jpg"
5137,3575,"S","thumb_384_51300N4EXVc9uBmdBO3QOuCm.jpg"
5138,3577,"M","thumb_720_6899cBybe3pzLSoKWM43l1cs.jpg"
5139,3577,"S","thumb_384_4088qehT1HLORHlQWnvg7DyL.jpg"
5140,3577,"S","thumb_384_2351mqK9cxfJQE4nwgrtoe80.jpg"
5141,3577,"S","thumb_384_1634PDu1vnqf5WkkBpdpYysY.jpg"
5142,3578,"M","thumb_720_8754vKyTsiEUC3WTugx38cpD.jpg"
5143,3578,"S","thumb_384_2762SpZe3PK5Yylzq7a5g80K.jpg"
5144,3578,"S","thumb_384_806098RgiRXTmmtXTKpjmojS.jpg"
5145,3578,"S","thumb_384_1785nP6jrTzde3LtaSifKNwt.jpg"
5146,3580,"M","thumb_720_3830wBx0oCfAA509OYjjlyim.jpg"
5147,3580,"S","thumb_384_8768bNJTqgage5kIVo439umz.jpg"
5148,3580,"S","thumb_384_5922lnf356kiYV89IfFLajzw.jpg"
5149,3580,"S","thumb_384_1826pcqHXfXKnECDFv1QwERK.jpg"
5150,3581,"M","thumb_720_7559eBaCc4TfID5YSUeRko3E.jpg"
5151,3581,"S","thumb_384_48100MH6GxX9s35rYR3Ux2GR.jpg"
5152,3581,"S","thumb_384_3278XtzyWEndGBiKUxYkCAHf.jpg"
5153,3581,"S","thumb_384_5824j13LZLOM5Jb0C1ysEUpl.jpg"
5154,3582,"M","noimg.jpg"
5155,3586,"M","thumb_720_7863ca4ZnBCyb3Q8UqcpiMEA.jpg"
5156,3586,"S","thumb_384_476781NafV5DEEZ8wTdVPtkr.jpg"
5157,3586,"S","thumb_384_31186vBb7lHocn6wNiK5BTpL.jpg"
5158,3586,"S","thumb_384_5617lLSljWCXK1uWLTbVq5Fo.jpg"
5159,3587,"M","thumb_720_6235D673pE9ZI00TTPE2eCQL.jpg"
5160,3587,"S","thumb_384_1366nj96LgCuk473VoN4CwEj.jpg"
5161,3587,"S","thumb_384_7806u2Z78CNimzyE7MB6b24D.jpg"
5162,3587,"S","thumb_384_85314ZeHe1RLFzVDZOrX96g2.jpg"
5163,3588,"M","thumb_720_51367SxbpmcyQRDZX5qhRWnz.jpg"
5164,3588,"S","thumb_384_0032V6a1szx7cpS2rw7yDIpl.jpg"
5165,3588,"S","thumb_384_47198vPmUJFPyNQTAraaRP7K.jpg"
5166,3588,"S","thumb_384_3807kqfotpb2JLhQO1j6rBK3.jpg"
5167,3589,"M","thumb_720_1453KvTdjG6ajbfc7tDAsHLE.jpg"
5168,3589,"S","thumb_384_2319bs1NsT7RU8dDQp2hsYOy.jpg"
5169,3589,"S","thumb_384_7491QTsJjCdnSk5lLvGihWxd.jpg"
5170,3589,"S","thumb_384_1247WzCfDyUIh5TfGSIE9ahj.jpg"
5171,3597,"M","thumb_720_74959dn7mKNCGaF0b3OFZHiP.jpg"
5172,3597,"S","thumb_384_2381osIMCg3w6ZVP6y1845jd.jpg"
5173,3597,"S","thumb_384_49270AHMZH9KyQvYo0GZYB1O.jpg"
5174,3597,"S","thumb_384_5360C9JSvztrLl8OaHNiTc4x.jpg"
5175,3598,"M","thumb_720_7481cHL5pTXwMJBCiApAUanu.jpg"
5176,3598,"S","thumb_384_82375L75nalukZ5cfK5hOOkh.jpg"
5177,3598,"S","thumb_384_2156yhg4hTWkAmxMXfcctt8h.jpg"
5178,3598,"S","thumb_384_1120PZN2DdSkAaHKBriUtAeV.jpg"
5179,3601,"M","thumb_720_8364UhYtbvvBslJtDlo4DgkK.jpg"
5180,3601,"S","thumb_384_5473NHjtWnTxrVeL29Qfgiqz.jpg"
5181,3601,"S","thumb_384_24166KDXUHjBW0Zbr6kjHul6.jpg"
5182,3601,"S","thumb_384_4370pgWEauXLWlBTEJDR6WYU.jpg"
5183,3602,"M","thumb_720_0420TUrLs6lMmylvWimUzXJu.jpg"
5184,3602,"S","thumb_384_2455V3G9Hk3wNxr32I4Wu6CS.jpg"
5185,3602,"S","thumb_384_4591Ik3nkdwZ0S32qGRsrYlz.jpg"
5186,3602,"S","thumb_384_99753nzbbDaDLiUQJ0Rbrpc8.jpg"
5187,3605,"M","thumb_720_7443RPycjqODND0kKBcw1X9X.jpg"
5188,3605,"S","thumb_384_1987OiFdlRP87LCHh4K7azm2.jpg"
5189,3605,"S","thumb_384_88657hOtxLnWUYYAzilHDGym.jpg"
5190,3605,"S","thumb_384_2620nKHdp420Y4UUBpoul3zI.jpg"
5191,3608,"M","thumb_720_5676KvGLa0A32FnYL5Ckz72H.jpg"
5192,3608,"S","thumb_384_7161AzgYQ5BdUfk4Pdgc2OnX.jpg"
5193,3608,"S","thumb_384_4358KtUVINxmdQ56L07Q66qS.jpg"
5194,3608,"S","thumb_384_8456BESd3uRRsBcK61pmmGEL.jpg"
5195,3610,"M","noimg.jpg"
5196,3611,"M","thumb_720_8480Ep3IQxabUWh7MIlEcoFq.jpg"
5197,3611,"S","thumb_384_7811dd0ICko29xSJqUyv0gWT.jpg"
5198,3611,"S","thumb_384_2490gySZLwiJSfFVOoRZ6fLT.jpg"
5199,3611,"S","thumb_384_29063T2jb9U6rZJpCSrL0jhl.jpg"
5200,3612,"M","thumb_720_86909hR83tbcuNP6vKfYpByA.jpg"
5201,3612,"S","thumb_384_8445IteNWLHCqQVX0roATcj5.jpg"
5202,3612,"S","thumb_384_3552uaRuZMjKArYUm2MqqH3p.jpg"
5203,3612,"S","thumb_384_2719VWvlwdPkN043B3heyc2x.jpg"
5204,3615,"M","thumb_720_4846vKFBBxBFYYGtVjGRw6mb.jpg"
5205,3615,"S","thumb_384_5370jO3njcndjIjOyzPq9jF2.jpg"
5206,3615,"S","thumb_384_8154igpQLU9LOQlufyI54kDV.jpg"
5207,3615,"S","thumb_384_6348EKsLzkCEVC7HHx04i6bb.jpg"
5208,3616,"M","thumb_720_6094bBoXc4fvu8fo6uCShp6S.jpg"
5209,3616,"S","thumb_384_1844ihMYtQxjSvIojTbQboyj.jpg"
5210,3616,"S","thumb_384_6567ATBD0LxLIbNqUNWbmLOo.jpg"
5211,3616,"S","thumb_384_4645oJHLPGYs42AUU02ijeFS.jpg"
5212,3619,"M","thumb_720_1855f6Bc5HsAjRWZhPGwuyeW.jpg"
5213,3619,"S","thumb_384_4049mA2Dh08JzOHC7lboPszX.jpg"
5214,3619,"S","thumb_384_4067cSGR1Ds9AoQneUxDZWHB.jpg"
5215,3619,"S","thumb_384_35987rQ1VWNrqDtlnnQkamXn.jpg"
5216,3622,"M","thumb_720_2608AX3JjedMrwsuIQq3GtXg.jpg"
5217,3622,"S","thumb_384_8154kM86dARbKzv4QjADmh3y.jpg"
5218,3622,"S","thumb_384_3792z18V54O94La5F4EPdEqP.jpg"
5219,3622,"S","thumb_384_0521dr1Tk8bI8bKVBBrdqjPy.jpg"
5220,3623,"M","thumb_720_8336nGYoDfrLZSb7ApRyy1c5.jpg"
5221,3623,"S","thumb_384_1798azl6AHeU9l4s3thPiKyC.jpg"
5222,3623,"S","thumb_384_1454r9STnSP88X53ZShilZrd.jpg"
5223,3623,"S","thumb_384_0848lvhHnQVJVqe45dIUulbC.jpg"
5224,3624,"M","thumb_720_7886AAiZ5TP0KGp0YEbDvhVb.jpg"
5225,3624,"S","thumb_384_092031PPfesvEGHhE8Semlov.jpg"
5226,3624,"S","thumb_384_9780boDDYXldyqgb5A5D2DQj.jpg"
5227,3624,"S","thumb_384_3687qvrQWQ2kkqngYL6WxLDg.jpg"
5228,3627,"M","thumb_720_0103uL4CpdeVRW6gpjyoiWSx.jpg"
5229,3627,"S","thumb_384_9299GsUSjtfjK11fbQkKKDAF.jpg"
5230,3627,"S","thumb_384_4831h3MsETB8ninkU6vYaG10.jpg"
5231,3627,"S","thumb_384_2839eqkOgZEzJM3hnRx3rMjF.jpg"
5232,3628,"M","thumb_720_7704fWwYgh79SIOA6747D2ZR.jpg"
5233,3628,"S","thumb_384_9510h4kCo1Qy49WElFU2jI3b.jpg"
5234,3628,"S","thumb_384_07118XvzlcYUimEqLnQ9NP8n.jpg"
5235,3628,"S","thumb_384_0602Il1mPVrAaWW7GUgs4wrf.jpg"
5236,3633,"M","thumb_720_4132RvAnV4L4y1s5xmyp5KLE.jpg"
5237,3633,"S","thumb_384_6131Tf3utLUaKb0BV0dEAQBB.jpg"
5238,3633,"S","thumb_384_6240mPFwod7XtGHgLumCYRk9.jpg"
5239,3633,"S","thumb_384_3942sYaSMQ8LeD5S23RAiRUX.jpg"
5240,3634,"M","thumb_720_5722gT61LMlJjzTiIKN5dcx0.jpg"
5241,3634,"S","thumb_384_4555o417SeqxCNmpLqduWG9O.jpg"
5242,3634,"S","thumb_384_8539vDGOCKmUGVO0AAUUqAsY.jpg"
5243,3634,"S","thumb_384_4078Se6cddBeWZoDUdalUfCp.jpg"
5244,3636,"M","thumb_720_6434UX6lCcugUxHivAdwwoEh.jpg"
5245,3636,"S","thumb_384_0221hP1EoHNb75nvxmbYVutW.jpg"
5246,3636,"S","thumb_384_69713UQFc8WMCIytziqzV6vs.jpg"
5247,3636,"S","thumb_384_9997jNPSXAFJC7vyQ9wRfKYg.jpg"
5248,6717,"M","noimg.jpg"
5249,6721,"M","thumb_720_1836fSRHCs9smB3xGPjKN4qX.jpg"
5250,6721,"S","thumb_384_0606GBGkGrS7AGtGdkfRyla4.jpg"
5251,6721,"S","thumb_384_24846OLEDo2GysDNHUX4VTln.jpg"
5252,6721,"S","thumb_384_1249KiG4mSJgzyz9Ugx0xc1o.jpg"
5253,6722,"M","thumb_720_8681fJM1g8pfCFJ0eecy7CIf.jpg"
5254,6722,"S","thumb_384_0244HmIFEU2xT6ADC8h5HFZe.jpg"
5255,6722,"S","thumb_384_6642JTVYPXLZI5hpkZ4I9DTf.jpg"
5256,6722,"S","thumb_384_8166DJTYjW7VD4ZXNOcxrMeL.jpg"
5257,6723,"M","thumb_720_8703dKhAAl0jvaSJ0XZHQul9.jpg"
5258,6723,"S","thumb_384_7182EwJ5TEiqoeotUN24cJZ7.jpg"
5259,6723,"S","thumb_384_1712qiBxqcbPWmGRbmyeGvbY.jpg"
5260,6723,"S","thumb_384_3786gKC9P4njP5pguA0gg7dO.jpg"
5261,6724,"M","thumb_720_0731eBLNP3vCX23fR3sLOxTB.jpg"
5262,6724,"S","thumb_384_8773ujScv6mw0TEYfAaLZnj7.jpg"
5263,6724,"S","thumb_384_4474oCZNgxrZqBjOt7fQLfaL.jpg"
5264,6724,"S","thumb_384_6670WFSEFUAvn2gxK4sm1JjE.jpg"
5265,6728,"M","thumb_720_0086TvYjNOTK27DAzgVkKg7Z.jpg"
5266,6728,"S","thumb_384_9621JUhtHfdiYtW57SiPYcia.jpg"
5267,6728,"S","thumb_384_6928Q2FYd0HrB9fHU9Lg2J5i.jpg"
5268,6728,"S","thumb_384_8712eAn5CcmwbH5T5cuVKKGG.jpg"
5269,6731,"M","thumb_720_81749myd4Or0cWH1z2rxEIVs.jpg"
5270,6731,"S","thumb_384_1440P0RrdrOdxUswJRXdhL7y.jpg"
5271,6731,"S","thumb_384_7334GfI48HMMEORydDuoPEdD.jpg"
5272,6731,"S","thumb_384_32381zvXpfl7vL29RcMjMHcG.jpg"
5273,6732,"M","thumb_720_6770lzpzvd41nhFPFsvn7ys2.jpg"
5274,6732,"S","thumb_384_97453n789Fs5qC0IsI5bOy8H.jpg"
5275,6732,"S","thumb_384_41111Xgnp1R1MoSwZTipYwLX.jpg"
5276,6732,"S","thumb_384_3436O8MdLGF0WRhl6gmpXEtG.jpg"
5277,6733,"M","thumb_720_1956Yb5FBFGELHURjioRYpf6.jpg"
5278,6733,"S","thumb_384_8866gx7TH3qlzaeSKsaGVQ0Y.jpg"
5279,6733,"S","thumb_384_3575tF9UpD6UdU8JcntiVGFt.jpg"
5280,6733,"S","thumb_384_81913o218hrL4JTSXKsVBkCg.jpg"
5281,6736,"M","thumb_720_9274BpWxCSvcd6TyzuYCRF8N.jpg"
5282,6736,"S","thumb_384_09735qqxrCVLYFP1b2Oww1kI.jpg"
5283,6736,"S","thumb_384_6904NhArd6N14ddymfy7iaeI.jpg"
5284,6736,"S","thumb_384_61091Q5PEzv8GAC6p1BzvwAv.jpg"
5285,6740,"M","thumb_720_5050m1T1bI1Ply23ZKERfSQn.jpg"
5286,6740,"S","thumb_384_4209sY7G6wZIC1HGIFfNy7q1.jpg"
5287,6740,"S","thumb_384_13242z5Gqe3qgxhju3AJuypl.jpg"
5288,6740,"S","thumb_384_6617gP0m5BR9pQ2eHyErQLQn.jpg"
5289,6742,"M","thumb_720_3240DoPhiEH2fjYCDioGHEMq.jpg"
5290,6742,"S","thumb_384_6962rqr1f8E3VSAbwjFU0WvH.jpg"
5291,6742,"S","thumb_384_6231ZkUvyXnYoAiolecqboTh.jpg"
5292,6742,"S","thumb_384_3895nggRHNdHBB3QSofiJqha.jpg"
5293,6743,"M","noimg.jpg"
5294,6744,"M","thumb_720_2883k0V6J5AdbMrZWYFJWBsR.jpg"
5295,6744,"S","thumb_384_6460DKr9WUy3bAjhI60emYaF.jpg"
5296,6744,"S","thumb_384_3680rMtk9dVUguwplhWac7wV.jpg"
5297,6744,"S","thumb_384_9385It9gkqBvGXWhCPgPpXsc.jpg"
5298,6745,"M","thumb_720_9630fRLOLEMnOdioAKnMEEVQ.jpg"
5299,6745,"S","thumb_384_54602Ue7Z5RCyln81EeSVOUt.jpg"
5300,6745,"S","thumb_384_05553t7Vj02adEzonkddWEFt.jpg"
5301,6745,"S","thumb_384_95178hei7Jr0YHSk0lBIQGbU.jpg"
5302,6748,"M","thumb_720_93760kUAncoHLYowsfeSBmt3.jpg"
5303,6748,"S","thumb_384_0503EXUMo7qBwwuf3yECyD74.jpg"
5304,6748,"S","thumb_384_8583ysPv6y8HcwyPUdtSLe5M.jpg"
5305,6748,"S","thumb_384_3164ecgO2fvbf629cK3b6QbG.jpg"
5306,6753,"M","thumb_720_2696oFue5rM0TOPIbmPrbsHG.jpg"
5307,6753,"S","thumb_384_3581MBekKlgPZooqovVyoYaF.jpg"
5308,6753,"S","thumb_384_7362WBpQ6YhsHVOL5HoDcKky.jpg"
5309,6753,"S","thumb_384_6265UqesEfqqEPxaJsGbD9fm.jpg"
5310,6754,"M","thumb_720_9168egwhdAn5QIPALuF9hsDV.jpg"
5311,6754,"S","thumb_384_1533X8wYtON5LQhIej1Sp5gX.jpg"
5312,6754,"S","thumb_384_6644kUUJucgTbKB7Olamlzif.jpg"
5313,6754,"S","thumb_384_6828QE5dlr2l7SUcICmlR5WD.jpg"
5314,6756,"M","thumb_720_5570VUa5SV2vIEOXz0rnuAGR.jpg"
5315,6756,"S","thumb_384_4162Xccc6G3kDusIVmZwXsgr.jpg"
5316,6756,"S","thumb_384_7539Zs2PSrMxAn91xk5N02Sl.jpg"
5317,6756,"S","thumb_384_7842jlSUxXtUZTcAhTo7KhPV.jpg"
5318,6761,"M","thumb_720_5748iBWQL6WipO0zCP7tShRl.jpg"
5319,6761,"S","thumb_384_8759QFzD5CSn2Ldl3ElTYkuk.jpg"
5320,6761,"S","thumb_384_3727KDdCdLeXwxq2Mmrd6osG.jpg"
5321,6761,"S","thumb_384_4211fXF1YaYLkkZ3df3bweEZ.jpg"
5322,6763,"M","thumb_720_8018rYwWjRrJM1mReDnTjljR.jpg"
5323,6763,"S","thumb_384_0736ivU6hVDbHkIW3IUgcwAN.jpg"
5324,6763,"S","thumb_384_3440FhqXZ6xvdBo5UEWScdkv.jpg"
5325,6763,"S","thumb_384_0655jQtDcl071jbHoarI9cjC.jpg"
5326,6764,"M","thumb_720_3462IXfFkJ3mBey7bbrXyHsv.jpg"
5327,6764,"S","thumb_384_6989fdtwaIdDhNT2xn8RtRIe.jpg"
5328,6764,"S","thumb_384_0823mXCPk9Wxk6OnUbLDrDQX.jpg"
5329,6764,"S","thumb_384_6987zphxGGSsb3K768kk3xqp.jpg"
5330,6765,"M","thumb_720_41935xQcdood0HRvyGj6pUzL.jpg"
5331,6765,"S","thumb_384_69314GuV8hXtpc6VDZ2IVDai.jpg"
5332,6765,"S","thumb_384_8163MDr7U3lg9ZMQJiY8KCTA.jpg"
5333,6765,"S","thumb_384_8488cX0BKHpctiBcPhnRhuaC.jpg"
5334,6768,"M","thumb_720_3262NzhYxfDvBmJWRFDhQPfN.jpg"
5335,6768,"S","thumb_384_9351mNcW8dTLc9NvfF7Jjnbs.jpg"
5336,6768,"S","thumb_384_5025bo6PTsnHnig1V6oqcGmI.jpg"
5337,6768,"S","thumb_384_5245hLVfkrUkZtF0XCy82kRC.jpg"
5338,6771,"M","thumb_720_7644hvilqFqR6KwXfay5K1M1.jpg"
5339,6771,"S","thumb_384_31830yMRR4retQphx1gziofp.jpg"
5340,6771,"S","thumb_384_68580N0Zb50wEQPsua9ooyHw.jpg"
5341,6771,"S","thumb_384_7216KlUJ52tnnTHB1utEoATh.jpg"
5342,6773,"M","thumb_720_4165ohht9OBq17CdKVQP9FMd.jpg"
5343,6773,"S","thumb_384_0518VjYUMgtdEFgIOMxpTIEQ.jpg"
5344,6773,"S","thumb_384_5340V73MkZrrElUoFG3IwbCN.jpg"
5345,6773,"S","thumb_384_9893NqKolu9ZTw2NKh87R303.jpg"
5346,6778,"M","thumb_720_4490kPVcJqSSm8cctsBAnjPR.jpg"
5347,6778,"S","thumb_384_1287V1HX5J4v3t3pFvxIIGF8.jpg"
5348,6778,"S","thumb_384_5427sZOFCgpGuuNzgeora6ie.jpg"
5349,6778,"S","thumb_384_7530kuAZgLuryyuf8fjNxqPF.jpg"
5350,6779,"M","noimg.jpg"
5351,6785,"M","thumb_720_1585zpM1g2nLjPYVQHXpufR0.jpg"
5352,6785,"S","thumb_384_6253x33iRQ5JixY4jewVLcvP.jpg"
5353,6785,"S","thumb_384_1179WOHLSl4LCABy2H3fmtSG.jpg"
5354,6785,"S","thumb_384_0393ZTjj7zWzKWelxoO6GJW6.jpg"
5355,6786,"M","thumb_720_1479tY63Y6kZ84sY1Q84Guxi.jpg"
5356,6786,"S","thumb_384_6645DV6Mdiyc1bdfrJoE2qHS.jpg"
5357,6786,"S","thumb_384_7922YeTuFEIHs4qq7qwFQT1G.jpg"
5358,6786,"S","thumb_384_9611nSLPglgPLmBY2wooDLod.jpg"
5359,6788,"M","thumb_720_6501pflDgOcvqWFRcW77w4v2.jpg"
5360,6788,"S","thumb_384_54858eSldM4cGYkaEjR4myTh.jpg"
5361,6788,"S","thumb_384_7388FkoyavwvclyXklbnSZRQ.jpg"
5362,6788,"S","thumb_384_4212knRFG8eYN4GzZuZs44LL.jpg"
5363,6789,"M","thumb_720_9950NeESttC7ZAbDbgnqD0pX.jpg"
5364,6789,"S","thumb_384_3446IrqFlR1awvvOviGyYHdq.jpg"
5365,6789,"S","thumb_384_5871NaTe9gv90rA0McgIJge2.jpg"
5366,6789,"S","thumb_384_0289IKtEQ9AcsDFZx4Kf8Qx5.jpg"
5367,6790,"M","thumb_720_2714q2bRrHkmLE3YnRKoWz6l.jpg"
5368,6790,"S","thumb_384_2841rRT7RifbMKadHYjp4K6w.jpg"
5369,6790,"S","thumb_384_2636pImDZMLvnWaIyrRTd0aJ.jpg"
5370,6790,"S","thumb_384_6011cNPIhn9EgCg2AQ5iFwsY.jpg"
5371,6791,"M","thumb_720_9317pWpKR7J4P9WnJTOOPe3Z.jpg"
5372,6791,"S","thumb_384_8495tDSDA28pmARPjtX9xzBj.jpg"
5373,6791,"S","thumb_384_9911uhq99T2ADSed0gzfUBPR.jpg"
5374,6791,"S","thumb_384_2694IaT05mCjTGKtxHdwP8KK.jpg"
5375,6795,"M","thumb_720_0906sLrll7hLNXfnjKKoggC7.jpg"
5376,6795,"S","thumb_384_5685HNLol4Cc0lIiBxjSoF7r.jpg"
5377,6795,"S","thumb_384_7925yFCJ6tMSWknqyAqS5Xos.jpg"
5378,6795,"S","thumb_384_6124YBAoJGR6TqehTZETQfRr.jpg"
5379,6796,"M","thumb_720_9746kzqsNOlKqbrGxYztEUdA.jpg"
5380,6796,"S","thumb_384_88477PJ0uNlm04ryJxvRTaur.jpg"
5381,6796,"S","thumb_384_4836hBQuIdQwB3oB0ulbCwnS.jpg"
5382,6796,"S","thumb_384_4649J9fjHfA19tYEumWtcpWv.jpg"
5383,6797,"M","thumb_720_5907T73NxdNZx2YffxYoCHR0.jpg"
5384,6797,"S","thumb_384_3444DOgD6F5HDfDU7aJTehAc.jpg"
5385,6797,"S","thumb_384_5049xDxaJ3HKK2aoH1RyLidI.jpg"
5386,6797,"S","thumb_384_3608LGcyLcsgIEAHxdXBnV2i.jpg"
5387,6799,"M","thumb_720_725494z4emgyhDOQkpfWkKTx.jpg"
5388,6799,"S","thumb_384_85095QlVP9fjY12iSIaRMmTG.jpg"
5389,6799,"S","thumb_384_9433RhaVFm7T7Wx2M7v6pwH3.jpg"
5390,6799,"S","thumb_384_1207JJrkKf0WTE5Okk240ScR.jpg"
5391,6802,"M","thumb_720_9790HrgtPFK0ea57XvyTTq0v.jpg"
5392,6802,"S","thumb_384_2667RDsDzprIIEmSjyxs3Eq0.jpg"
5393,6802,"S","thumb_384_4284UXRg3hUEDhmDl99lrpvL.jpg"
5394,6802,"S","thumb_384_72622klauWlWnkxQ30fgbrvR.jpg"
5395,6803,"M","thumb_720_0429tkWSBeuCstJSIFAyyXqy.jpg"
5396,6803,"S","thumb_384_9162W9xAUiEheHsirOzvh0nF.jpg"
5397,6803,"S","thumb_384_271380A6kG61yrIOOiXcGYEO.jpg"
5398,6803,"S","thumb_384_1258VUuNV0HFmam9U65GtsCO.jpg"
5399,6804,"M","thumb_720_5535mw22OHhWvp9GCzj74V7E.jpg"
5400,6804,"S","thumb_384_2115kWUCVCGUn8wvscqHQUek.jpg"
5401,6804,"S","thumb_384_0093YM7dtGG4NBXE1dBHHHc4.jpg"
5402,6804,"S","thumb_384_3698jJ0tSnQnAxvPY0t0rJdd.jpg"
5403,6806,"M","thumb_720_2667RwPDYd5aDiKkpD2TrBk9.jpg"
5404,6806,"S","thumb_384_6371vUMbk6QQpE339R3dG4dX.jpg"
5405,6806,"S","thumb_384_70188wQjP98TmRuHXlHO38F3.jpg"
5406,6806,"S","thumb_384_27530y09LbCYfyRMkDQdVdlU.jpg"
5407,6807,"M","thumb_720_21866o2tQ5NNjj2lrWY2QqBD.jpg"
5408,6807,"S","thumb_384_6633eI8bKyHO3smz2TBiXvaZ.jpg"
5409,6807,"S","thumb_384_3919q1pLVacVyBuYSuQE2Jvc.jpg"
5410,6807,"S","thumb_384_5210p99qmUNFwHVgLMdSgEMy.jpg"
5411,6808,"M","thumb_720_7220TFDBmnMnj80cEaOn5lup.jpg"
5412,6808,"S","thumb_384_2278nHNEMWb93LyxfsVRMaG5.jpg"
5413,6808,"S","thumb_384_1813Cg9tiQvJovLvd5J7P73o.jpg"
5414,6808,"S","thumb_384_72348zrCSwB69ImW6CIH47tG.jpg"
5415,6810,"M","thumb_720_6425As35ZACeEDYhFFyYl5Nh.jpg"
5416,6810,"S","thumb_384_7962Q7Z36THrmx0n3ygsGsJg.jpg"
5417,6810,"S","thumb_384_8416t5SsoVM5garDk4JJDcx7.jpg"
5418,6810,"S","thumb_384_5955oueV0CZX3VJX5uhGxvRY.jpg"
5419,6811,"M","thumb_720_5692UPfewVQ4Tnt4rihV749z.png"
5420,6811,"S","thumb_384_0844ADgviOdXhgYpTjtx1WQ1.jpg"
5421,6811,"S","thumb_384_5951QMpAWE0OZza65RS5Ac4O.jpg"
5422,6811,"S","thumb_384_0700O2YJ1PW3ZMLz2nkcOKoL.jpg"
5423,6814,"M","thumb_720_7425M9vCwyhcQ6JZ31sPQYA1.jpg"
5424,6814,"S","thumb_384_4905rE1dImbcFf9pNKraZ2Wz.jpg"
5425,6814,"S","thumb_384_8924YraUjgHMo2n7mUYS445L.jpg"
5426,6814,"S","thumb_384_17092HABqu9Rmxmbqxka3WzK.jpg"
5427,6817,"M","noimg.jpg"
5428,6818,"M","thumb_720_1468gECHP2soW9lZ4CywNJ5w.jpg"
5429,6818,"S","thumb_384_3215ygV9C3BKeTK6VFeHFhVI.jpg"
5430,6818,"S","thumb_384_2379HuIw4kJab2juuYjJwiwu.jpg"
5431,6818,"S","thumb_384_5156A4dB9hdJYlEa8bqEUbyH.jpg"
5432,6819,"M","thumb_720_9218RrLAYg5VZbPsfFeUdySP.jpg"
5433,6819,"S","thumb_384_6715r9FFCgVP5akhvWGW0l44.jpg"
5434,6819,"S","thumb_384_6363FfsqoIDFgJTyeGrfCbBW.jpg"
5435,6819,"S","thumb_384_7768RdRuxFQ9nuVTNwA6CdpE.jpg"
5436,6821,"M","noimg.jpg"
5437,6822,"M","thumb_720_7400fz0jrqXifBy05uqGjrH4.jpg"
5438,6822,"S","thumb_384_7947ExeW8pTbYW4E1cna6q7Y.jpg"
5439,6822,"S","thumb_384_8156PlOInUPD009PfI0JUi2Y.jpg"
5440,6822,"S","thumb_384_8854n66QskWPTEf93LwYrHxZ.jpg"
5441,6825,"M","thumb_720_0772tRKCWUIcxfXI7Wc705pS.jpg"
5442,6825,"S","thumb_384_7844gbYBDYRqbgW6OFe5CoQy.jpg"
5443,6825,"S","thumb_384_0486WHSjJsEXnlCYc9rHQubY.jpg"
5444,6825,"S","thumb_384_5209zHlW8UWFxGHyoTyjniN0.jpg"
5445,6828,"M","thumb_720_5164ru9K0VtwlumHYWrdzrwF.jpg"
5446,6828,"S","thumb_384_3193UsxHmqCzszN1NaQMHfgT.jpg"
5447,6828,"S","thumb_384_7705SCYyRGcC8fC8eGf6fWvB.jpg"
5448,6828,"S","thumb_384_23499GSRVo135zf4unMiEBnS.jpg"
5449,6829,"M","thumb_720_2828uX21ECxrfMQ5tbAM3M2v.png"
5450,6829,"S","thumb_384_9599uWECsgUzl2o86xWBvJHW.png"
5451,6829,"S","thumb_384_01349KHr5OCy1cbo8rc0JaNv.png"
5452,6829,"S","thumb_384_6765TlIcluccANFFa8i7Eu0r.png"
5453,6830,"M","thumb_720_4687o3EpwWgOPlLw0rX5EOE7.jpg"
5454,6830,"S","thumb_384_3638OK4MlwFn3OFpi7Q0WbtP.jpg"
5455,6830,"S","thumb_384_0586qXyNoNEhf5dueGd6Bd7X.jpg"
5456,6830,"S","thumb_384_7669oYwG5qcce7yDzxtho7gN.jpg"
5457,6832,"M","noimg.jpg"
5458,6836,"M","thumb_720_34560WNTxis8WMdUO4fNmprd.jpg"
5459,6836,"S","thumb_384_86036xcXjYVl1bAcaUoPRvew.jpg"
5460,6836,"S","thumb_384_6416WoP6JP4iaL4PdgjvOLl9.jpg"
5461,6836,"S","thumb_384_6131qeypJhDSOmFPmYehocKK.jpg"
5462,6838,"M","thumb_720_1716lOkUpz7BE0XbvjSjyFOu.jpg"
5463,6838,"S","thumb_384_6291iPAj7ZrINhpJqXt1BJOp.jpg"
5464,6838,"S","thumb_384_2899HuJlVxoS2uVNQXLlW4N8.jpg"
5465,6838,"S","thumb_384_90572WZWgI1Mj24cU33cqsy2.jpg"
5466,6840,"M","thumb_720_8899Kwhc5mb1swpeGg8AqJsH.jpg"
5467,6840,"S","thumb_384_772423e8HyjBg8cmOvsZs2tW.jpg"
5468,6840,"S","thumb_384_3803Ko5a838zrFBkE65PXnCQ.jpg"
5469,6840,"S","thumb_384_2312aWksNovn9MFfBHacx1T4.jpg"
5470,6841,"M","thumb_720_2178EKPaChKawnN1B9CPmV81.jpg"
5471,6841,"S","thumb_384_2626dZFkkjbZTHwrUFlubxWo.jpg"
5472,6841,"S","thumb_384_2004eqWwviysWumlvldYBKvX.jpg"
5473,6841,"S","thumb_384_7985xmZmJRKSzgnZDFdt7z0J.jpg"
5474,6842,"M","thumb_720_3545dqBurs7J4pxKajlTFBNh.jpeg"
5475,6845,"M","thumb_720_6544HJxyIyiQL2x6xfCoes5l.jpg"
5476,6845,"S","thumb_384_8634ODvQH9YLOo8xuCdu4Jb6.jpg"
5477,6845,"S","thumb_384_5466FQhad7q0Vus0XjOVfvjU.jpg"
5478,6845,"S","thumb_384_6246IWGMYkP90iSqbHdCdVkS.jpg"
5479,6848,"M","thumb_720_4296mBqMYaFNOt7rAxarBEkF.jpg"
5480,6848,"S","thumb_384_7806SWtCXHLAsv4EPINO3aUz.jpg"
5481,6848,"S","thumb_384_2047EnajVVOG7ddQtKc7j9L6.jpg"
5482,6848,"S","thumb_384_1043ctSZu0kcovNXSouPYYS9.jpg"
5483,6850,"M","noimg.jpg"
5484,6851,"M","noimg.jpg"
5485,6853,"M","noimg.jpg"
5486,6856,"M","thumb_720_8043hxEv0yOytAqQbAVFU7Zp.jpg"
5487,6856,"S","thumb_384_6143nIDrXpXvXQOl1CJbmYdR.jpg"
5488,6856,"S","thumb_384_6406APGAERtOyOPFanJHEf6H.jpg"
5489,6856,"S","thumb_384_5120mwqTat6fdrE8JY0Ch6Go.jpg"
5490,6857,"M","thumb_720_9090y7Tnso9XcaVRm6MWCxmN.jpg"
5491,6857,"S","thumb_384_8326NUgY0tdcebtpxdXy8Vtv.jpg"
5492,6857,"S","thumb_384_4625qtiAxrrDdHmXnN6Sicxr.jpg"
5493,6857,"S","thumb_384_8512KYUkMFhPp2Hg7dHYhZtr.jpg"
5494,6861,"M","thumb_720_8996WwBnB82Jd4BgDalwyr79.jpg"
5495,6861,"S","thumb_384_76311NSTRx2D6oWhCndJV7hD.jpg"
5496,6861,"S","thumb_384_7441ezPGJoQdLWB15OFJzLLy.jpg"
5497,6861,"S","thumb_384_2635MEER25pqvVq4jfjnoCtj.jpg"
5498,6862,"M","thumb_720_8562U8MMn5FrdwCzS3j8f2HK.jpg"
5499,6862,"S","thumb_384_46810cdF0MqzzttYG2KrmEbF.jpg"
5500,6862,"S","thumb_384_1119Pcs2J3cnNBllUZ0dnrO4.jpg"
5501,6862,"S","thumb_384_1965DkOYnfWoFwN9X3yOU3Cs.jpg"
5502,6864,"M","noimg.jpg"
5503,6865,"M","thumb_720_14270sTkGwrzTYPyebRdI0Nh.jpg"
5504,6865,"S","thumb_384_4651VWPLgFDe8BNhWuXnzuil.jpg"
5505,6865,"S","thumb_384_5236q15Q8BaQcxp4cDc35A8C.jpg"
5506,6865,"S","thumb_384_0155PGeVuwEVkgnrvKjJtphA.jpg"
5507,6942,"M","thumb_720_98337g7g1lw1Z1wc4t13WEtp.jpg"
5508,6942,"S","thumb_384_70751SJo3vlxMbXz0WIGEzsQ.jpg"
5509,6942,"S","thumb_384_7524wLF6oGV58Kk6dgixOvBM.jpg"
5510,6942,"S","thumb_384_6612VvruxPvSlrxLlJNQ01mw.jpg"
5511,6943,"M","noimg.jpg"
5512,6944,"M","thumb_720_1991w7lB7x7jsOTjcaVxX3xw.jpg"
5513,6944,"S","thumb_384_6654BN8UYn0LhTrIvABXKnJg.jpg"
5514,6944,"S","thumb_384_7153ukXnH3nq1qDIdIEzqUHx.jpg"
5515,6944,"S","thumb_384_3902S2d87cfo5IVgYPITfgew.jpg"
5516,6946,"M","thumb_720_5164DRXbLd5jzyCfltouZ6cA.jpg"
5517,6946,"S","thumb_384_79574q9oF5qyMDKogFY3fpqS.jpeg"
5518,6946,"S","thumb_384_5247YvzPpFQ61vEyftpAXW7L.jpg"
5519,6946,"S","thumb_384_2062kfPltpg3GTiPfTbr4Wp4.jpg"
5520,6947,"M","thumb_720_8030ViEwVzUtxDPB0cIaQDkc.jpg"
5521,6947,"S","thumb_384_80701uBrTxQ2ZuposBrUGgDv.jpg"
5522,6947,"S","thumb_384_7387NDENcUGxFu4MmwoWJMmq.jpg"
5523,6947,"S","thumb_384_8130rEJeEo6wEWWDjHLgXXmQ.jpg"
5524,6948,"M","noimg.jpg"
5525,6949,"M","thumb_720_2142h7beEaUuq7niXeVaFYRJ.jpg"
5526,6949,"S","thumb_384_8000fNMWSbw2Nc3cHm9bjwrU.jpg"
5527,6949,"S","thumb_384_8309UGxmW8INUESlp2qFxs7n.jpg"
5528,6949,"S","thumb_384_7996Kj4urrTQUlsggEZ8Yzl7.jpg"
5529,6951,"M","thumb_720_4592ewkx9hDxi7TqJHKJZ2tX.jpg"
5530,6951,"S","thumb_384_0028KB5nqm07M1Su0KEWZFMl.jpg"
5531,6951,"S","thumb_384_5652xSJohMdvWVvrD03as2sH.jpg"
5532,6953,"M","thumb_720_9236PePFVOiUwhgjJsOHknZy.jpg"
5533,6953,"S","thumb_384_7567mi6epm2bhUyxV0x2oioN.jpg"
5534,6953,"S","thumb_384_1634dA4pQxggJqaCFchdloeE.jpg"
5535,6953,"S","thumb_384_0165Lg69KVkQv3mfeGhWgl83.jpg"
5536,6954,"M","thumb_720_4744exVhE9zYaWxxtAmMadDt.jpg"
5537,6954,"S","thumb_384_5010GeSa8zpJ7grloEUMjmZj.jpg"
5538,6954,"S","thumb_384_2966Z1FCIYKWN5CZvek08Q1G.jpg"
5539,6954,"S","thumb_384_88137cIfqyyUiApwE9cUxbSg.jpg"
5540,6955,"M","thumb_720_9935dNBS8v0qUcgtVsUi84Mi.jpg"
5541,6955,"S","thumb_384_1307JNZyFBWrKSfcv7mmB3Xh.jpg"
5542,6955,"S","thumb_384_67020V5S9Ddo5TjXa7pUuZRj.jpg"
5543,6955,"S","thumb_384_3914zBU1lX3p5QcfSxOO5Tcx.jpg"
5544,6956,"M","thumb_720_9568bf5p57E1eQGyBqupFcCF.png"
5545,6957,"M","thumb_720_0863zjY25uLTITWOVYOLIOIr.jpg"
5546,6957,"S","thumb_384_2778AVy5k7WlrpWZpd1fO0PZ.jpg"
5547,6957,"S","thumb_384_8417ViZNaXgTwyw9e3dL9WZZ.jpg"
5548,6957,"S","thumb_384_9812JIOYmg8frAD6s5goTBVT.jpg"
5549,6959,"M","thumb_720_0295n7iUKsNmsKAxfce2aZ6e.jpg"
5550,6959,"S","thumb_384_2586eh4Iq41jcNwYcjGz9kyh.jpg"
5551,6959,"S","thumb_384_2297A1t463UjmJkcKXVutvvu.jpg"
5552,6959,"S","thumb_384_2395XNNL2559TtZA7bTRKwCX.jpg"
5553,6960,"M","thumb_720_068365PCTrFOom0qCZBJDypq.jpg"
5554,6960,"S","thumb_384_0827COlPbn4qC6EkaINZ4w0b.jpg"
5555,6960,"S","thumb_384_35800dpzB3kBJPPClTze4qJK.jpg"
5556,6960,"S","thumb_384_7192q1C7m9lyh4YiQGgwW3Tw.jpg"
5557,6961,"M","noimg.jpg"
5558,6962,"M","thumb_720_69862u3QGITdT7JDCmTOsAw5.jpg"
5559,6962,"S","thumb_384_6805TPUi5ikI8YoSvY8WAd3u.jpg"
5560,6962,"S","thumb_384_3111ZlLStQFuIDWZnuFhY5wA.jpg"
5561,6962,"S","thumb_384_5440qNYACBEbWYa9GTW10rNc.jpg"
5562,6963,"M","thumb_720_7233ArLyEZqXl6AakgGVdnvK.jpg"
5563,6963,"S","thumb_384_8944S3c6QqeoaYk5zraqyYkR.jpg"
5564,6963,"S","thumb_384_4809YI2Q6QepBw3bnQYYXgK5.jpg"
5565,6963,"S","thumb_384_1872eBPNVPstKWsSFoq0Oaz4.jpg"
5566,6965,"M","thumb_720_52735ZFlaQUXSP7flTKn373j.jpg"
5567,6965,"S","thumb_384_5229WTD3IUrQJvJcOgjD13xb.jpg"
5568,6965,"S","thumb_384_37133GkwoS6QGYGcLZF6GzW0.jpg"
5569,6965,"S","thumb_384_8245eIw4EEB5goqG3CX5nYdA.jpg"
5570,6966,"M","thumb_720_4293SWbnSLGvL2Mkfr8a7rMW.jpg"
5571,6966,"S","thumb_384_71235zRAkrVqMclXN6PIXF8x.jpg"
5572,6966,"S","thumb_384_6035SZveFbJDrdsgrEmRYCQL.jpg"
5573,6966,"S","thumb_384_78449qDCDDrlcN7SsYGAg3Je.jpg"
5574,6967,"M","thumb_720_3730bOBJzatmw1LIeexpGoqX.jpg"
5575,6967,"S","thumb_384_8362cY4CmFqTUrUaiCAfvZb7.jpg"
5576,6967,"S","thumb_384_6633Mo8h9FLzzBY9UMp2zXLz.jpg"
5577,6967,"S","thumb_384_5452SgEjROl1jDwqWVdVyQrS.jpg"
5578,6968,"M","noimg.jpg"
5579,6969,"M","thumb_720_4405NPEBarCjU3s7mCwTRw3O.jpg"
5580,6969,"S","thumb_384_79044brmY3yTrqFSrEaKWWwE.jpg"
5581,6969,"S","thumb_384_1349cLka3oAeG269MFeoO38g.jpg"
5582,6969,"S","thumb_384_3076FGklEqrtQrUiMcne6Clb.jpg"
5583,6970,"M","thumb_720_7581Qqojy6JwrcwzSPKYMLss.jpg"
5584,6970,"S","thumb_384_3359txn1X3Ev3p2LK8IZgLzZ.jpg"
5585,6970,"S","thumb_384_4828Wo14sU0EDwtixoNtFul4.jpg"
5586,6970,"S","thumb_384_3655kI9YqifB6auvR934ffk7.jpg"
5587,6971,"M","thumb_720_8309hsHqLblBxsnmmREcMwHj.jpg"
5588,6971,"S","thumb_384_5594toFJqIwoB5JTCFZERcCH.jpg"
5589,6971,"S","thumb_384_9838HCjCFIIo1FtDkodvJKYi.jpg"
5590,6971,"S","thumb_384_6926m5BmMyuv3OvQn9aq7Yxq.jpg"
5591,6972,"M","noimg.jpg"
5592,6973,"M","thumb_720_9711Qr7Gpic8qDOxS5L4AYDb.jpg"
5593,6973,"S","thumb_384_2588M17XWAOAUvZM1xTp5MP2.jpg"
5594,6973,"S","thumb_384_4811XOiMuo4cilO8wDw7HBBD.jpg"
5595,6973,"S","thumb_384_8115VQnnGOGpWAolkJWzSkcy.jpg"
5596,6974,"M","thumb_720_80454qDe8AOAzXu7V4YDsGlc.jpg"
5597,6974,"S","thumb_384_2678d0QbDaxneV5G8asNnZgN.jpg"
5598,6974,"S","thumb_384_2045KQgNEZh14YYXVhiJ3beH.jpg"
5599,6974,"S","thumb_384_5227Y7Z3OmHql3qI5ZaJ4qDf.jpg"
5600,6975,"M","thumb_720_8864VHhvenUMGtZByAoSmY82.jpg"
5601,6975,"S","thumb_384_2055aGAnSDO4enwcMgIkbTcd.jpg"
5602,6975,"S","thumb_384_0318U5bxHC7v1A6uGspxBZCL.jpg"
5603,6975,"S","thumb_384_3294uw8AApzwjTyKx0LIWAce.jpg"
5604,6976,"M","thumb_720_2877rvmmeohbgPMqjPr4EvpA.jpg"
5605,6976,"S","thumb_384_63287ES70HmTHMgRIHZjM4k1.jpg"
5606,6976,"S","thumb_384_3731QEkgVilJSJJ5AfMBFseb.jpg"
5607,6976,"S","thumb_384_9822eM36kOPv6qGt9VLyotxz.jpg"
5608,6977,"M","thumb_720_5520bDrj2c4WwxFV2dKSJgXl.jpg"
5609,6977,"S","thumb_384_4678VuKZ4hRjO7TLrh5TPnUg.jpg"
5610,6977,"S","thumb_384_68444DE1pNyFNWQC3cZcQ10C.jpg"
5611,6977,"S","thumb_384_4447DhA4akBb9jcsEsIWEkSy.jpg"
5612,6978,"M","noimg.jpg"
5613,6979,"M","thumb_720_6621nhat8t2w0Rd6mnLSBY01.jpg"
5614,6979,"S","thumb_384_6727NbyfzIgrE0UFbi2WhVSf.jpg"
5615,6979,"S","thumb_384_6500xzZfw1LMvL6It6S6Mcp6.jpg"
5616,6979,"S","thumb_384_0857bywDUJl45sdXIGXQMvSJ.jpg"
5617,6980,"M","thumb_720_360082IIqY4BNpM7TQDXDfSp.jpg"
5618,6980,"S","thumb_384_0641TSyQ781NPehfpvwuEB9K.jpg"
5619,6980,"S","thumb_384_8401VapOQTGWd97Zme3gGfdw.jpg"
5620,6980,"S","thumb_384_1998K7pmIJT8ZkWjCCze6Q8H.jpg"
5621,6981,"M","thumb_720_7967M20wPxDktPoEHaLJm7yi.jpg"
5622,6981,"S","thumb_384_4858UmQmf67bQkvhUXfQ3As7.jpg"
5623,6981,"S","thumb_384_1910HKEHUAY6io8L90fb9M8P.jpg"
5624,6981,"S","thumb_384_9076kzPPFIaVj6zoPwgvww8w.jpg"
5625,6982,"M","thumb_720_0677t1obr07fB2MKlkLqRF28.jpg"
5626,6982,"S","thumb_384_2577kWQ008N0XZfSWlBwA3MC.jpg"
5627,6982,"S","thumb_384_0513LDh1rXy2WCt5ALgaL7HM.jpg"
5628,6982,"S","thumb_384_89002ISAA6uXUUsFQ0vTrOJ1.jpg"
5629,6983,"M","thumb_720_3490kbyIbdIvCcYliJrQiZnK.jpg"
5630,6983,"S","thumb_384_9089JEsruodWp7yjoY8Wxhuf.jpg"
5631,6983,"S","thumb_384_3665DS9HnDyji6UTZo7paoWw.jpg"
5632,6983,"S","thumb_384_3539X3NGZxnlLgmUs2iMj6ev.jpg"
5633,6984,"M","thumb_720_6731lK3vO2ZAXlUxvnX3e4SL.jpg"
5634,6984,"S","thumb_384_0627XKzpmN7ibhZ4hySf8b8X.jpg"
5635,6984,"S","thumb_384_4489xAkUf3tCP8LPCiKvaj2h.jpg"
5636,6984,"S","thumb_384_0919tq2jcneAZOnLB8AY5Ym9.jpg"
5637,6985,"M","noimg.jpg"
5638,6986,"M","thumb_720_3508UJ6F6IUVdtCvOiFFUYLo.jpg"
5639,6987,"M","thumb_720_7711714yxZP7PayPxp1O3fBo.jpg"
5640,6987,"S","thumb_384_0861t95uBsN5HqedbTsd3STa.jpg"
5641,6987,"S","thumb_384_1349Oqhs6tyuwXrxJmeAKAYN.jpg"
5642,6987,"S","thumb_384_11612yHVGuLEoCudY4amTb2P.jpg"
5643,6988,"M","thumb_720_1867YkN6wiE4EHNNR0MQU9Gu.jpg"
5644,6988,"S","thumb_384_1846ZmYoY6h4xJVUlou2G7Zd.jpg"
5645,6988,"S","thumb_384_8769fKrazoiI0mRMdGZeQcdt.jpg"
5646,6989,"M","thumb_720_9717yXq0Nzo0ELGhFuxyRMZb.jpg"
5647,6989,"S","thumb_384_9180LVAwbk1Ezi2qfLGi6xA4.jpg"
5648,6989,"S","thumb_384_635227CzfCyfRmVoW509Jy3A.jpg"
5649,6989,"S","thumb_384_0388dVb7QBIPrgFJHbiONibw.jpg"
5650,6990,"M","noimg.jpg"
5651,6991,"M","thumb_720_1947PzTuXSLP2qJDjFtw4v11.jpg"
5652,6991,"S","thumb_384_4880Q994PvfJmL1zkeYGaXSl.jpg"
5653,6991,"S","thumb_384_4368sh8SuaxCmxriqyag7kPb.jpg"
5654,6991,"S","thumb_384_3768vvEcyXU1T5L2nj6JfLIy.jpg"
5655,6993,"M","thumb_720_9047eZbOD60u3TEKQK3pDJGx.jpg"
5656,6993,"S","thumb_384_3723BxCjfkPdHyn1ZLOD34ur.jpg"
5657,6993,"S","thumb_384_3552wIdDBDOIhz1YUSRStA8F.jpg"
5658,6993,"S","thumb_384_3451f7272Tefj7nEjkDIH1Gn.jpg"
5659,6994,"M","noimg.jpg"
5660,6995,"M","thumb_720_0278gX68qbb9q6IB3twC6TlZ.jpg"
5661,6995,"S","thumb_384_5758zdKvlLt2u6x9jZlWAVuh.jpg"
5662,6995,"S","thumb_384_1267F21paLKIgBfgNvv16sWy.jpg"
5663,6997,"M","thumb_720_0022HsqxwsQbqWRzvNFZNBgL.jpg"
5664,6997,"S","thumb_384_1548p6e9H58WbnPZJ0n1g3kK.jpg"
5665,6997,"S","thumb_384_9732BbdvOdec8NbmkysIbtPm.jpg"
5666,6997,"S","thumb_384_5300APO2df9Kb6WsStJGFh3p.jpg"
5667,6998,"M","thumb_720_3952eGvUYpZMQRLChLGbpmm5.jpg"
5668,6998,"S","thumb_384_8562l77jo9lhbHk1YT0AobEA.jpg"
5669,6998,"S","thumb_384_9283ApOt2xivUwwCvRur9uhJ.jpg"
5670,6998,"S","thumb_384_3602SZYxYm3QXBBreGfszY9f.jpg"
5671,6999,"M","thumb_720_3130YLIXzVbTKmTyV7r95mRE.jpg"
5672,6999,"S","thumb_384_3807CCak6hx7GCXFVp1Rp0xI.jpg"
5673,6999,"S","thumb_384_2812rjkkKq5vEsNRroWqSz9U.jpg"
5674,6999,"S","thumb_384_3345wJoBFgKkDQbhb6JNGWTp.jpg"
5675,7001,"M","thumb_720_2604u9a5o3LvcH6Q58iB7Vyt.jpg"
5676,7001,"S","thumb_384_0133WMCb3rs0Msa0v08pwPKB.jpg"
5677,7001,"S","thumb_384_65887xRtmPQOMF9LCDsPvsyR.jpg"
5678,7001,"S","thumb_384_0301REmTcp7T8nDJyDYiVf8o.jpg"
5679,7002,"M","thumb_720_0303DjcaejnImzibWXsJqwAz.jpg"
5680,7002,"S","thumb_384_6239jkYb8SIoGJNW3kW1mxx8.jpg"
5681,7002,"S","thumb_384_9957fgwDHDrDoTKE5gVrj9IG.jpg"
5682,7002,"S","thumb_384_0271iExznQXjFXVFZJbZVTGq.jpg"
5683,7003,"M","thumb_720_4179ZkP59D7F29EaYn3jW33U.jpg"
5684,7003,"S","thumb_384_7041g6cp1mJNAsmLGeidvNZR.jpg"
5685,7003,"S","thumb_384_3810oeat4vXUJcRXbGWzbS1c.jpg"
5686,7003,"S","thumb_384_3328RZW9GHvu852D4tiSPR7J.jpg"
5687,7004,"M",""
5688,7005,"M","thumb_720_9183kIRJ2MmTW6KqGjiECHFj.jpg"
5689,7005,"S","thumb_384_5345xUCQ4LjxAL7ib0pGzOjg.jpg"
5690,7005,"S","thumb_384_3224XPfSfdoTr963C64IbRGD.jpg"
5691,7005,"S","thumb_384_9974GSTF5nelEbV3dhfZxqRI.jpg"
5692,7006,"M","thumb_720_0658zQUTbR2B0QoivkKXoHpY.jpg"
5693,7006,"S","thumb_384_76366y3irfxgIu3pp9aDgdtH.jpg"
5694,7006,"S","thumb_384_34828MJ54C5Q51As4K5AtgqZ.jpg"
5695,7006,"S","thumb_384_5742Y1HPWeBwKsQGqc5GuLQw.jpg"
5696,7007,"M","noimg.jpg"
5697,7008,"M","thumb_720_2841TAqjFVXLkLGSLIHqqzKO.jpg"
5698,7008,"S","thumb_384_51466Q1xx5hkUIerVOZjSM1n.jpg"
5699,7008,"S","thumb_384_45893tNSVt0oIMzRNKWpvHfo.jpg"
5700,7008,"S","thumb_384_3816cX1JG0A4WtF9TT0Lu1VF.jpg"
5701,7009,"M","thumb_720_1468ilOhZHsySUTmAkvD2fXV.jpg"
5702,7009,"S","thumb_384_6854dPlgghu293cR5248iCBF.jpg"
5703,7009,"S","thumb_384_6939jBCA2Y4GcNRMxsHOFlqV.jpg"
5704,7009,"S","thumb_384_1426FTqMbKS3Ntdp2eKSXFd3.jpg"
5705,7013,"M","thumb_720_9570MdU6njaqnuLbDv1A14cB.jpg"
5706,7013,"S","thumb_384_0367AGLdx0zq20CmA6amDwZA.jpg"
5707,7013,"S","thumb_384_4559WU3Nqam5t7ri5Y7l6SjK.jpg"
5708,7013,"S","thumb_384_01855sUNshsZd9g5OteNhgIY.jpg"
5709,7016,"M","thumb_720_6517neqfAZtoDWyH0SaIiGhJ.jpg"
5710,7016,"S","thumb_384_1785PocorJkPHp9tCrv2fyww.jpg"
5711,7016,"S","thumb_384_1708hLQzY03FHqx2thIkLnA4.jpg"
5712,7016,"S","thumb_384_5414ZqLw0Qa8KedSiwRPJjng.jpg"
5713,7017,"M","thumb_720_5287qFa0Xk9XrKBECcTDSIVP.jpg"
5714,7017,"S","thumb_384_5206UaHFC7IOhT0SfKjAeI2x.jpg"
5715,7017,"S","thumb_384_2865RK02QoZNVLEak83NaY6L.jpg"
5716,7017,"S","thumb_384_0299cR5RgLYfKMjgoyh69b91.jpg"
5717,7019,"M","thumb_720_3792Ih0ZgnLJo9IDn0cmw3nI.jpg"
5718,7019,"S","thumb_384_4643iCnm8f3gt2UKCLGyRT0g.jpg"
5719,7019,"S","thumb_384_61047Sq1i7DlmM6RqLTbNBwg.jpg"
5720,7019,"S","thumb_384_0400NT21zC3zy3mqqNVjlV1X.jpg"
5721,7020,"M","thumb_720_9252emGNsPkeSSTigngRJytz.jpg"
5722,7020,"S","thumb_384_6831Th18gMDRA7juEAJI7X55.jpg"
5723,7020,"S","thumb_384_3562fEotSnbAfzuTobClJQ1Q.jpg"
5724,7020,"S","thumb_384_0160TD5y9Dt56kBFth8rTtky.jpg"
5725,7023,"M","thumb_720_2385DeoOuhAbXnGFIzGjnG81.jpg"
5726,7023,"S","thumb_384_18342cK7cJaczFuiZYqsy9DQ.jpg"
5727,7023,"S","thumb_384_4412vxUVO35J1ACqDOSxPCnR.jpg"
5728,7023,"S","thumb_384_9983UBqz60JtvUcDRpb3tMOg.jpg"
5729,7024,"M","thumb_720_42884wno8e6RxkYqOU8DdOWu.jpg"
5730,7024,"S","thumb_384_0892tYf2ECJQPD82D3V59VUt.jpg"
5731,7024,"S","thumb_384_2965MI8lSUFksYR4zJAZ6N4U.jpg"
5732,7024,"S","thumb_384_8600zRbskAvbD9Qc7g5dX7wl.jpg"
5733,7025,"M","thumb_720_95643ziaV1Lhk0DJYBqeXIbX.jpg"
5734,7025,"S","thumb_384_1100dFuf5X1BZPnxlc5yB325.jpg"
5735,7025,"S","thumb_384_154040ZomoKnf043yzPQ5NrM.jpg"
5736,7025,"S","thumb_384_1682PaVfX6DxDrLjk8xBNdz3.jpg"
5737,7026,"M","noimg.jpg"
5738,7027,"M","thumb_720_66187O2YL9wa2vo6E44MyuZm.jpg"
5739,7027,"S","thumb_384_7677eovj67hVkPB6ROmao01C.jpg"
5740,7027,"S","thumb_384_5215zkxtSl0D0csINteSRNT5.jpg"
5741,7027,"S","thumb_384_5031AE4jZuWUycIlIxygBpAk.jpg"
5742,7028,"M","thumb_720_8922K1m8dlvcQp7G7gFDWozG.jpg"
5743,7028,"S","thumb_384_7151If0vdDTmoqQQjXSa71Di.jpg"
5744,7028,"S","thumb_384_0115WxuXksoAHLYObbGOkVsS.jpg"
5745,7028,"S","thumb_384_9647WsldOlGl8QkseVYbS5jO.jpg"
5746,7029,"M","noimg.jpg"
5747,7030,"M","noimg.jpg"
5748,7032,"M","thumb_720_6800bZHh5MSrwoVuNnoNIUAa.jpg"
5749,7032,"S","thumb_384_64633GuntsY3PMg2UOgiB1sP.jpg"
5750,7032,"S","thumb_384_3467zOeS1g7eNylYgXVCBc2H.jpg"
5751,7032,"S","thumb_384_23967W5tcotbbJxLxc8dkkjb.jpg"
5752,7033,"M","thumb_720_0898gthAmFDkrJFUMPe1OLPK.jpg"
5753,7033,"S","thumb_384_8683DAhJlpqbqKIq8VJk8okH.jpg"
5754,7033,"S","thumb_384_0299q84ebrO5bjQyOqgKvEgY.jpg"
5755,7033,"S","thumb_384_99948kji5vRwDJXWB1c84UkW.jpg"
5756,7034,"M","thumb_720_4659yCjyFdw6als1EFuCpgIV.jpg"
5757,7034,"S","thumb_384_22306AjZ2A1VnKM2k2vQx4yR.jpg"
5758,7034,"S","thumb_384_3569UtnJu06tQftYdvjI3ydQ.jpg"
5759,7034,"S","thumb_384_17204UG9vap8xrPbbi4MfX1O.jpg"
5760,7035,"M","thumb_720_71868FS4CMexpvFsvrlBsOEb.jpg"
5761,7035,"S","thumb_384_5825b2Ci0Be2Q8cUJIp3cY7V.jpg"
5762,7035,"S","thumb_384_6681rypmZ0bCHShi04gOTBjY.jpg"
5763,7035,"S","thumb_384_0257b3mv3Ak0ED2htNWmmIyr.jpg"
5764,7036,"M","thumb_720_8634JXNzUjbIITPco8phHfXL.jpg"
5765,7036,"S","thumb_384_7504Tl7NbSbGDwobGV3xxONe.jpg"
5766,7036,"S","thumb_384_8945txsorKoqCjY3jsvQH5jl.jpg"
5767,7036,"S","thumb_384_95318h6363f34tNGbf0cX3TG.jpg"
5768,7037,"M","thumb_720_1150NEpVqxNh9jjcimqCZmY0.jpg"
5769,7037,"S","thumb_384_5604WU9npIonPYWZz3k7kqSP.jpg"
5770,7037,"S","thumb_384_00251vgYuPBjWZQv0ldZ2dM3.jpg"
5771,7037,"S","thumb_384_3419j1ZTm90rKoPXfPTDy0UV.jpg"
5772,7039,"M","thumb_720_6965CZ534T4Jr5b7vhdLujZ1.jpg"
5773,7039,"S","thumb_384_548909zVF7rB0vFp3GAiPTc2.jpg"
5774,7039,"S","thumb_384_196500mGkVwm3m9YSIclPwR3.jpg"
5775,7039,"S","thumb_384_2138ENyBwkksufsQbHmLj3j1.jpg"
5776,7040,"M","thumb_720_5556zQWhLPdSCCVBRJhF9YtM.jpg"
5777,7040,"S","thumb_384_61988oPS6LPJANV48c61RErK.jpg"
5778,7040,"S","thumb_384_3585AX7hjIsu5hvUsbngKBri.jpg"
5779,7040,"S","thumb_384_8624HpwIOiyV4Uc1wa1u54fx.jpg"
5780,7043,"M","thumb_720_0206LLwzkEEGvr4WUCAxjjia.jpg"
5781,7043,"S","thumb_384_1002B4XnvI7bi67fBvDG0g85.jpg"
5782,7043,"S","thumb_384_5660bwWzsoUFyNjrDKqLVwUp.jpg"
5783,7043,"S","thumb_384_6109TWeiP7V4PWDVNggM5oYf.jpg"
5784,7044,"M","noimg.jpg"
5785,7046,"M","noimg.jpg"
5786,7047,"M","thumb_720_9333mpgyIaZzRHe76LnzxiBq.jpg"
5787,7047,"S","thumb_384_5133MzsbmaCW4maINqz0CVXL.jpg"
5788,7047,"S","thumb_384_9455018OFxAeMwXahTsuZ2yH.jpg"
5789,7047,"S","thumb_384_5699YNajmcTOoHl9qtHI3kXR.jpg"
5790,7049,"M","thumb_720_4919JhFSknA6Q0NDoLBDIHOL.jpg"
5791,7049,"S","thumb_384_0365I9fJXAeeN5E8j1Z8GaVX.jpg"
5792,7049,"S","thumb_384_4897f8y1NFd5iMA3okyinxmi.jpg"
5793,7049,"S","thumb_384_6651x7i0fqg9UfrU2TNfDLVS.jpg"
5794,7050,"M","thumb_720_05585ANsLniZPXDhPJyEjJsM.jpg"
5795,7050,"S","thumb_384_9766vU77ndDnDEn0y0a4jkO3.jpg"
5796,7050,"S","thumb_384_5310jfCZ1vCbj0Mpp5P5RiKT.jpg"
5797,7050,"S","thumb_384_42343q8OMi6pL3oFJSw3zEwR.jpg"
5798,7051,"M","noimg.jpg"
5799,7052,"M","thumb_720_08182PO9CY8Fgh4ahjt9wODm.jpg"
5800,7052,"S","thumb_384_1920dPRnC1obyv6Gy58tVuVH.jpg"
5801,7052,"S","thumb_384_43593OSaDW5RwSBYP47XdyKQ.jpg"
5802,7052,"S","thumb_384_9935rJPnZIw4SdOQXfsGanQS.jpg"
5803,7053,"M","thumb_720_4492gJ8k3GMd7O9PWp6FJeug.jpg"
5804,7053,"S","thumb_384_3666ZuND42D8tUx9L6sSK9zP.jpg"
5805,7053,"S","thumb_384_6420belogV4gSUPbPlu1qW97.jpg"
5806,7053,"S","thumb_384_3041821K5KZ814SBvFON16rx.jpg"
5807,7057,"M","noimg.jpg"
5808,7058,"M","thumb_720_8456sX3JUuCxp3t0TaLSkelE.jpg"
5809,7058,"S","thumb_384_9070KbPjwptRGgGrgAimlXK1.jpg"
5810,7058,"S","thumb_384_2582wTGzORmdTy9ePEteHOxU.jpg"
5811,7058,"S","thumb_384_8154L8QTjrIoU4E0psdDYoqP.jpg"
5812,7059,"M","noimg.jpg"
5813,7060,"M","thumb_720_7173tMzOqixzjt7UHPC8TefR.jpg"
5814,7060,"S","thumb_384_7445mZS2ijh211DUlqD3Z2jn.jpg"
5815,7060,"S","thumb_384_1743bfaMBS5gi7jRH4aNcysz.jpg"
5816,7060,"S","thumb_384_8622tt8Lyu2S9l7iIjKBxPtf.jpg"
5817,7061,"M","noimg.jpg"
5818,7063,"M","noimg.jpg"
5819,7065,"M","noimg.jpg"
5820,7066,"M","thumb_720_172219vH9DoXnzpldrlZp21b.jpg"
5821,7066,"S","thumb_384_8270AML48jfnnfXG0tWyLmjV.jpg"
5822,7066,"S","thumb_384_52489UbFi4M64scHOTn7gg7D.jpg"
5823,7066,"S","thumb_384_6069RPxKUAkRO0HJCW12vZyu.jpg"
5824,7067,"M","thumb_720_5107gLs2wn2uVefpmwY1Gc4r.jpg"
5825,7067,"S","thumb_384_5259D0JEXOGDHYD8MEFgJFxl.jpg"
5826,7067,"S","thumb_384_6714Of3bM4bdt37jR4RQEI1G.jpg"
5827,7067,"S","thumb_384_95815VsDAoQIohxb0gNu4og5.jpg"
5828,7068,"M","thumb_720_3521TeM5sUOucwRTkrh3SsmX.jpg"
5829,7068,"S","thumb_384_96305M96gpuqspQhh45T066b.jpg"
5830,7068,"S","thumb_384_5916mzMcyPjn9IZMQcCarCyM.jpg"
5831,7068,"S","thumb_384_49509mx5ly34BGDIMkWl3Ivk.jpg"
5832,7069,"M","thumb_720_6977AJMu33YyGlru1nMHHyI3.jpg"
5833,7069,"S","thumb_384_6860J0eHpGpiIlasKklmXLBY.jpg"
5834,7069,"S","thumb_384_3078clhHWeebUdUpGesAh6Lc.jpg"
5835,7069,"S","thumb_384_29677JirZ7wOzEBBf77mNgRx.jpg"
5836,7071,"M","thumb_720_10186s9JDdJTbdgXWo6URcdV.jpg"
5837,7071,"S","thumb_384_5046CxnSq3WH0Ik7O4hIfolL.jpg"
5838,7071,"S","thumb_384_8919FAEcdPhEr3PKoGKjKTH2.jpg"
5839,7071,"S","thumb_384_8313tU570vBSeFhTjeIcp4OL.jpg"
5840,7072,"M","thumb_720_8463yPjQTkKde3sJhekmKnY1.jpg"
5841,7072,"S","thumb_384_9370JDqJshSTBZOefVF0tVhp.jpg"
5842,7072,"S","thumb_384_8898KpSfndeVwBdhdkhdcjJy.jpg"
5843,7072,"S","thumb_384_9886extNP9LVisBZvcxWKurl.jpg"
5844,7074,"M","thumb_720_83372DBpyaU3lXPEU91uUlS6.jpg"
5845,7074,"S","thumb_384_1587zDJCcubyj2KrFSryQqGB.jpg"
5846,7074,"S","thumb_384_8340GK6xow478urwqaLVqH20.jpg"
5847,7074,"S","thumb_384_5365PafYhhQTwNwkyR3LpAbD.jpg"
5848,7075,"M","thumb_720_0524uxpLo2DDCBxUYwVzvgas.jpg"
5849,7075,"S","thumb_384_1129UqbJqTOeLq4P2gFBwhgo.jpg"
5850,7075,"S","thumb_384_2364uz7x27iVgCSBBHDFUKTL.jpg"
5851,7075,"S","thumb_384_2241ZKAdhInnM4c8CN2OPmY4.jpg"
5852,7077,"M","thumb_720_9018aDAqMLhnCLILxb7dL2ec.jpg"
5853,7077,"S","thumb_384_3330TFqOWkspXrCWwVf7yCht.jpg"
5854,7077,"S","thumb_384_0709XBJkI2J0s9OyXgqic7wC.jpg"
5855,7077,"S","thumb_384_6728TFH73TwebSmyiVANHeaW.jpg"
5856,7078,"M","noimg.jpg"
5857,7079,"M","thumb_720_4383GIAI3xkzGniAyKqwUhA0.jpg"
5858,7079,"S","thumb_384_5117RuNJ2MdMCIkWuvIXeuGH.jpg"
5859,7079,"S","thumb_384_6552V4hOGmsGJ8cvmxaTcsVL.jpg"
5860,7079,"S","thumb_384_23670LbvANWF0596bghuOWEZ.jpg"
5861,7080,"M","noimg.jpg"
5862,7082,"M","thumb_720_68750mzNoQCxfXDtGHgoCn83.jpg"
5863,7082,"S","thumb_384_7991LIdpYFh5jX7r1ssLFb7W.jpg"
5864,7082,"S","thumb_384_9935BAjG3juKRi5qRTD50n5I.jpg"
5865,7082,"S","thumb_384_0385IPAZiK58L0icJykr8vZk.jpg"
5866,7083,"M","noimg.jpg"
5867,7084,"M","thumb_720_3048QLEeC5wo6hk2UcavCWXr.jpg"
5868,7084,"S","thumb_384_3856Bdw9lyXx2DNLlHkzW8qg.jpg"
5869,7084,"S","thumb_384_1356mi48VW26iijzB25h5xNa.jpg"
5870,7084,"S","thumb_384_6527LXng4WeR3iuqeAIXQnTx.jpg"
5871,7085,"M","thumb_720_5361omdp3boBtcL5Fr4RT50E.jpg"
5872,7085,"S","thumb_384_7917ZPNEMQnTM0PetRK6jC1H.jpg"
5873,7085,"S","thumb_384_9997izLzDL3ghl61QVWNtpNn.jpg"
5874,7085,"S","thumb_384_3486YG5JrE38Y9OjnPmO7159.jpg"
5875,7087,"M","thumb_720_5790hOBv5FKne5sFMmyG1Dnd.jpg"
5876,7087,"S","thumb_384_5237sETq7gbUSWEiuuWFWvpU.jpg"
5877,7087,"S","thumb_384_9438CxheutDDnuI20hAtW0G9.jpg"
5878,7087,"S","thumb_384_5268INGnsHJERq5aqyaXtyi0.jpg"
5879,7088,"M","thumb_720_2965xRalfAdjZC646rFX17Mu.jpg"
5880,7088,"S","thumb_384_59336tdYQ3OwrmoSN4NVGuyO.jpg"
5881,7088,"S","thumb_384_8657tzSzBSzGIh9nFa4wZvii.jpg"
5882,7088,"S","thumb_384_69034MrcphQg7sy1cRgqw3tw.jpg"
5883,7091,"M","noimg.jpg"
5884,7092,"M","thumb_720_1377tDJiLSxRkAp4RaE2fMij.jpg"
5885,7092,"S","thumb_384_5115GdgRJqTxrS2K02YK5mTe.jpg"
5886,7092,"S","thumb_384_7860zTk4HejKjjWhx6R99si6.jpg"
5887,7092,"S","thumb_384_5756TnNpZJRIRERCruqIZuRK.jpg"
5888,7093,"M","thumb_720_0349L7q958J6Ta5DvJDQrba0.jpg"
5889,7093,"S","thumb_384_4164AQYE0RmJsbvuFzsTk4qt.jpg"
5890,7093,"S","thumb_384_1147mLIxLqJSuJMcpybxL7sY.jpg"
5891,7093,"S","thumb_384_9487dK8QIlYBeL1PdTUoxLHz.jpg"
5892,7094,"M","thumb_720_3509ffWmMVEVBxws8LhqJ0OV.jpg"
5893,7094,"S","thumb_384_2996VGN8LFSHvjXuaI2p8NKU.jpg"
5894,7094,"S","thumb_384_6900kIoB5bWSw0YMThyNtTgS.jpg"
5895,7094,"S","thumb_384_8546O46J7Y1nTpkDbELQdSHU.jpg"
5896,7095,"M","thumb_720_6232zyCrKLhwiT4WL6i9xYL0.jpg"
5897,7095,"S","thumb_384_6256LrVtsszrtHWbql4Pu1iZ.jpg"
5898,7095,"S","thumb_384_1355pwUHgTURRQerY5UaFMvN.jpg"
5899,7095,"S","thumb_384_8504ns3fcKpj7Pj0iRmZb3gw.jpg"
5900,7096,"M","thumb_720_1124EXeZvNAgdr7MmQqFFIMQ.jpg"
5901,7096,"S","thumb_384_9741T67nMOYT74sbER84eLFA.jpg"
5902,7096,"S","thumb_384_2069G0CMEwq93gFUmLl6nwDW.jpg"
5903,7096,"S","thumb_384_4269X212ldbmKReka6iIWYl7.jpg"
5904,7097,"M","thumb_720_1772iR20EpBiQFjpN9HZ5WzT.jpg"
5905,7097,"S","thumb_384_60465cpCzFgG1J0epyn1EvZW.jpg"
5906,7097,"S","thumb_384_4679tB4BAzGNP1CIe4ifNgFF.jpg"
5907,7097,"S","thumb_384_9790EcRd4N3YGc0gHBlD6k7T.jpg"
5908,7098,"M","thumb_720_39046qFspTQDNiW4at4Q6bQO.jpg"
5909,7098,"S","thumb_384_9814Lw7F6Y1s9aSeYizDv8wu.jpg"
5910,7098,"S","thumb_384_5494dT7mrbrfE6UHhTCrpyxd.jpg"
5911,7098,"S","thumb_384_5917psaq1kuX9EgDWoSmJe9M.jpg"
5912,7099,"M","thumb_720_4470ifMcgXDw0JnvypUPdagQ.jpg"
5913,7099,"S","thumb_384_9909zlUrmdMtKf3kOFnkRwIN.jpg"
5914,7099,"S","thumb_384_8555T12oT8QzA0PyslyKhIfA.jpg"
5915,7099,"S","thumb_384_35641H9UKPGrbpBkVKXjOfH6.jpg"
5916,7100,"M","thumb_720_5483bp6ixOGEHyRtpijjOnza.jpg"
5917,7100,"S","thumb_384_2843pZtpmPSLHnlqZ5uLHb2E.jpg"
5918,7100,"S","thumb_384_2393ZsXRtRVc75h506JQTF6K.jpg"
5919,7100,"S","thumb_384_0163wNdpQfdKyhefQ5zJEkH3.jpg"
5920,7101,"M","noimg.jpg"
5921,7103,"M","thumb_720_9252NdzZEO7fhEVGdNgteCdv.jpg"
5922,7103,"S","thumb_384_08555nfTXZ7NPQ7hBL9TdnVy.jpg"
5923,7103,"S","thumb_384_7758UShFPfZkKo6tFbpMtgyy.jpg"
5924,7103,"S","thumb_384_2068iPhdxiXcmSepku5Lsi5A.jpg"
5925,7104,"M","thumb_720_55150RVykUM6tRHHOuZlHG3t.jpg"
5926,7104,"S","thumb_384_5024qqpZ5HjzSfrv6C2HFdq8.jpg"
5927,7104,"S","thumb_384_2011z2zWdMBmrQQBlMcfYY0u.jpg"
5928,7104,"S","thumb_384_0321ARw1delNPbP0gyf1MZXv.jpg"
5929,7105,"M","thumb_720_2286hlNcpBKiHJ7YRNt1Imi2.jpg"
5930,7105,"S","thumb_384_8844MGFXsLqQDnABttGVXVrE.jpg"
5931,7105,"S","thumb_384_49131VL4BbtV7vg6aa7PVQFB.jpg"
5932,7105,"S","thumb_384_8730DqVFGbifLHgkONZXAR7n.jpg"
5933,7106,"M","thumb_720_40085DPlpEKhgsboCh3Ah7gM.jpg"
5934,7106,"S","thumb_384_86267GHjNsbBXJMQQEK1kZw8.jpg"
5935,7106,"S","thumb_384_7316bcXVWKrVz78GaykYe4v4.jpg"
5936,7106,"S","thumb_384_9097ABKDzT34kYFEuXCqyE22.jpg"
5937,7107,"M","thumb_720_6591CMD75T4tKYedbCSv5Kuu.jpg"
5938,7107,"S","thumb_384_6704dgYDlIy2KZjfRrkSPBEW.jpg"
5939,7107,"S","thumb_384_9821ZhDx2L7EOJg4DootyE9g.jpg"
5940,7107,"S","thumb_384_2321uRkir1fMPeH37kyBmmN2.jpg"
5941,7108,"M","thumb_720_4210nXO7XojUsYJhJC4cZ0r9.jpg"
5942,7108,"S","thumb_384_7513vTyBw6IqTCPZ4Qfve00y.jpg"
5943,7108,"S","thumb_384_7326UsyhmlCn2RVAfvBkf2Ln.jpg"
5944,7108,"S","thumb_384_6245btIg2kdZ8q3AfopXHCJG.jpg"
5945,7109,"M","thumb_720_2882ZpZ3QSQOykcNdiPomOmF.jpg"
5946,7109,"S","thumb_384_5184TzpCr3UaR1MDr2ae5cY2.jpg"
5947,7109,"S","thumb_384_4094T9kV3gfCjHGhtPTZIjRl.jpg"
5948,7109,"S","thumb_384_2379vGeiP7XINLFRIZCtPIVv.jpg"
5949,7110,"M","thumb_720_6824POGgCmNBQ25DMHNik5cK.jpg"
5950,7110,"S","thumb_384_5254xO5GSQzPrtwhbk8pk43T.jpg"
5951,7110,"S","thumb_384_5562tXo5OTtlqloAQYfI2Cch.jpg"
5952,7110,"S","thumb_384_5433PadoLJiZn2u7oodGqSjD.jpg"
5953,7111,"M","thumb_720_0515oAJUdo1YvKvDjrL5q4yd.jpg"
5954,7111,"S","thumb_384_44953dkWGznOScnqkD1QDLNC.jpg"
5955,7111,"S","thumb_384_36275RQYQvQpJ5IgmdPRJgyw.jpg"
5956,7111,"S","thumb_384_6810TjSOy2wzrnfckJcDO6mf.jpg"
5957,7112,"M","thumb_720_69658K2KCWUZozqzZv8JJbRc.jpg"
5958,7112,"S","thumb_384_5210iOWG8PLtNWqXbhIqylNz.jpg"
5959,7112,"S","thumb_384_2013rdLclK4s5Me8P39ybKtc.jpg"
5960,7112,"S","thumb_384_7368YtVPeSZ5izgWqOrDg0Lr.jpg"
5961,7113,"M","thumb_720_8280qM6kMOTXTAuXD4cbqF2y.jpg"
5962,7114,"M","noimg.jpg"
5963,7115,"M","thumb_720_8642JcsYYuNGKPBCGrZAUq7j.jpg"
5964,7115,"S","thumb_384_0729CxkgfW8ZEhnW9zS6FzTt.jpg"
5965,7115,"S","thumb_384_5368GhvempAXaNbUBwPbn8zL.jpg"
5966,7115,"S","thumb_384_0239HxiBSZRIJSPFNnykrLnp.jpg"
5967,7116,"M","thumb_720_8456VK6VNjm1yD8fOeeBOCyj.jpg"
5968,7116,"S","thumb_384_5177Jd3lsxrMZrX78Dq01nAg.jpg"
5969,7116,"S","thumb_384_0069xh2tnObPFxmjwbJDtKUt.jpg"
5970,7116,"S","thumb_384_7580LT4B0t7mkBTjWj4Yvpjk.jpg"
5971,7117,"M","thumb_720_4836fiA1lgkenPEAYsqTuEzp.jpg"
5972,7117,"S","thumb_384_7399Hf2rfP7moLvFNWQovUrc.jpg"
5973,7117,"S","thumb_384_0159uxonaNz3jY6Kv43nluzQ.jpg"
5974,7117,"S","thumb_384_3179TkUmg6IlYZwhnMKFUWo4.jpg"
5975,7118,"M","thumb_720_4334Nk0fpd1jrU1GCUVKJVDX.jpg"
5976,7118,"S","thumb_384_6931CDoVUxETGtz8hk35H5jm.jpg"
5977,7118,"S","thumb_384_0094BRqApfN3hquEFMKadrxo.jpg"
5978,7118,"S","thumb_384_2950UaP6AIWAcgkWSnGgSFwj.jpg"
5979,7119,"M","thumb_720_48661PwONl4Wcv0mDtM6rzk5.jpg"
5980,7119,"S","thumb_384_3514tqHuGF5rvvmRNYoAUbgU.jpg"
5981,7119,"S","thumb_384_2442WWitcl0aBnl0fuPwyR2c.jpg"
5982,7119,"S","thumb_384_0765BJ1QhweP1l7JWQaMIpQW.jpg"
5983,7120,"M","thumb_720_2007EV2UPSbSJPqoV5CqVGbe.jpg"
5984,7120,"S","thumb_384_1796WyBWJ0OnfOfQNjAC7NIA.jpg"
5985,7120,"S","thumb_384_7001zMbbVBtyXqOQ3aHBkpXM.jpg"
5986,7120,"S","thumb_384_09022x8OvCe1ZVVBVoGdjTnb.jpg"
5987,7121,"M","thumb_720_8554s3qzDByj4gO5oQjjVZew.jpg"
5988,7121,"S","thumb_384_3639Z52m4Lx5fl4wgMWOtUPZ.jpg"
5989,7121,"S","thumb_384_7325AjTxkpPojgtBNp3lyIUt.jpg"
5990,7121,"S","thumb_384_41719f61MSqOTHrvu6H6uZPl.jpg"
5991,7122,"M","thumb_720_6991nR3EMRdZtdlNtvH4qbEo.jpg"
5992,7122,"S","thumb_384_4196YFD3eULftRWy6leCtgSk.jpg"
5993,7122,"S","thumb_384_3711ZV9uXsV3TCZaXfbNmqkZ.jpg"
5994,7122,"S","thumb_384_2151XPcaSWIGxBoq9Qd4ds5m.jpg"
5995,7124,"M","thumb_720_9444h0aIuDwq9d8DNF8som8P.jpg"
5996,7124,"S","thumb_384_20619wiKA81WCB3xzhaLRMoG.jpg"
5997,7124,"S","thumb_384_1973ELKi5YTqv2IjbDONcmwo.jpg"
5998,7124,"S","thumb_384_13386YDUSQyTRz6NE8lW27kU.jpg"
5999,7125,"M","thumb_720_5615Yx2qVGQT8dYA4Vsqj4LJ.jpeg"
6000,7125,"S","thumb_384_4558Y9qMsa8FiXIOFchMn6xY.jpeg"
6001,7125,"S","thumb_384_6960xeTO4NoGs1J5DwVQ3ZC7.jpeg"
6002,7125,"S","thumb_384_7704UXadSbF39wiH45a5JspO.jpeg"
6003,7126,"M","thumb_720_76924yY9s84dsrDar5Fdy2qh.jpeg"
6004,7126,"S","thumb_384_3736zfhBbXrSSfws66wjHrVH.jpeg"
6005,7126,"S","thumb_384_2598Hp5ahYXvwoTgiX3Kl9Zs.jpeg"
6006,7126,"S","thumb_384_46528JjZamFPjXGlpE93pELT.jpeg"
6007,7127,"M","thumb_720_2351NfbV3WmprewbZRyPTlgF.jpg"
6008,7128,"M","thumb_720_6694jhD0aRfHbzF66Lzd5no5.jpg"
6009,7128,"S","thumb_384_0888tm07Y6EwgxqtZ7Zrjd8E.jpg"
6010,7128,"S","thumb_384_2018TyF6MmsJKkb5AIYJ6nYu.jpg"
6011,7128,"S","thumb_384_2677UWtkkNxZPaXXMWiy0sjp.jpg"
6012,7129,"M","thumb_720_2869wVvpNM2UA8KTyc2ijBLL.jpg"
6013,7129,"S","thumb_384_3067nBRJ3rEvb2KnVGJP3DIK.jpg"
6014,7129,"S","thumb_384_2128Cwq7gRquIGdGtYbcUVsJ.jpg"
6015,7129,"S","thumb_384_0604VYUln0npI2A6V5Fc8AOO.jpg"
6016,7130,"M","thumb_720_9323frMhQ31gi6sdO8aBxcbn.jpg"
6017,7130,"S","thumb_384_69035WKpvzzCcCJFdKNnJZND.jpg"
6018,7130,"S","thumb_384_9491DuuraWOupKpos3Yfw17Y.jpg"
6019,7130,"S","thumb_384_1465ySKhPN6KzCWpJOqXgwvr.jpg"
6020,7131,"M","noimg.jpg"
6021,7132,"M","thumb_720_5456s5LgYe7bilHVcYnqYBej.jpg"
6022,7132,"S","thumb_384_541072H0VrLzrWnrbjQYirQg.jpg"
6023,7132,"S","thumb_384_0618IwhxQujHw6PUS45Urtbv.jpg"
6024,7132,"S","thumb_384_746542xY7Kvn3wgJgOZfygPN.jpg"
6025,7134,"M","thumb_720_4478E5VDarU01PtaAMWxs4RB.jpg"
6026,7134,"S","thumb_384_6164QYv2RFzSDSfSFxl5Z5MJ.jpg"
6027,7134,"S","thumb_384_9074gldTwuHw45cecqI5EBUl.jpg"
6028,7134,"S","thumb_384_2596rZUCg56lHgbgBk5o334K.jpg"
6029,7135,"M","thumb_720_9430ZbARLb6TBnV1qx88bPYB.jpg"
6030,7135,"S","thumb_384_3261B6Ybo2PYHckfYTA8CWBL.jpg"
6031,7135,"S","thumb_384_9661Uu2JaTBAhn7uOv5rE9dS.jpg"
6032,7135,"S","thumb_384_7383OGmQFQtHysRZsPBzBQhl.jpg"
6033,7136,"M","thumb_720_2555Ir5o5sru2NPcByFnnGuF.jpg"
6034,7136,"S","thumb_384_27296xbYX1Xzgb7H4G8sETvt.jpg"
6035,7136,"S","thumb_384_76063ipiaIx112VGuzOYiBoU.jpg"
6036,7136,"S","thumb_384_8490sA1lVULMizZHT14wAj73.jpg"
6037,7137,"M","thumb_720_4481vvPaa1MPRLZQyjEXTCHL.jpg"
6038,7137,"S","thumb_384_71982yiYH6P3sx5GXW1h7ci2.jpg"
6039,7137,"S","thumb_384_30222xTJ1XjLWwtCGUySF86g.jpg"
6040,7137,"S","thumb_384_5193YJ2E3YDjo7Rm584Vlk38.jpg"
6041,7139,"M","thumb_720_5499BenK7EpS5CtSPpKJxHXK.jpg"
6042,7139,"S","thumb_384_9691uxSFEWee8TQWAp6ivEhH.jpg"
6043,7139,"S","thumb_384_4086ZyU9GocvlPwdh6TXEE4M.jpg"
6044,7139,"S","thumb_384_3657AtseXKX4BBGPUMK8cPOd.jpg"
6045,7140,"M","thumb_720_0990megFoJ3rfeoMnbl6uMXo.jpg"
6046,7140,"S","thumb_384_33826i6iny4zXsr0E2YGv35n.jpg"
6047,7140,"S","thumb_384_3513KbgWOjARb032i7YpjjC8.jpg"
6048,7140,"S","thumb_384_2518Zt0GlFAFIWttkEU6SOIt.jpg"
6049,7141,"M","thumb_720_9094JmZ2PdWK52j2Jusph8n4.jpg"
6050,7141,"S","thumb_384_2073tqR0gZQLiW6CDfz85iDI.jpg"
6051,7141,"S","thumb_384_21911jKqW1Nc0lAWv4yigKxj.jpg"
6052,7141,"S","thumb_384_76235uNzb4uVEy0pSnap4G4Y.jpg"
6053,7142,"M","thumb_720_9509WMymSqFH4UwFvkv3G54z.jpg"
6054,7142,"S","thumb_384_5760Kdl4fCol8tVhKoI49HLz.jpg"
6055,7142,"S","thumb_384_1914gggAO5YCrMLrQJ6ClxSM.jpg"
6056,7142,"S","thumb_384_7994NTmfMZX2O4lPLLbLXx9V.jpg"
6057,7143,"M","thumb_720_8866b6ZeMTf0h5uvgXR45ikz.jpg"
6058,7143,"S","thumb_384_7756SFUJpukNAhpTAQoPLOsF.jpg"
6059,7143,"S","thumb_384_8021dyGvcQ91uzMBLCS9AOBC.jpg"
6060,7143,"S","thumb_384_3943vh2ePWWCjLRH0VbtFtEn.jpg"
6061,7144,"M","thumb_720_12927O6uaYUL8yRvzwvKeEEm.jpg"
6062,7144,"S","thumb_384_4294Udoy4JAWdkuu2cJLoRpZ.jpg"
6063,7144,"S","thumb_384_4422FRxvTGYdEt5nVoqPA7NC.jpg"
6064,7144,"S","thumb_384_2097t3GQS8bFAWJClOhpiZ4X.jpg"
6065,7145,"M","noimg.jpg"
6066,7146,"M","thumb_720_3159A7JLJhc11C2Jc3ZqFyOE.jpg"
6067,7146,"S","thumb_384_6939acifea8M3pm9ZzxSY6GK.jpg"
6068,7146,"S","thumb_384_6538HQ27cC1lq3yNAVklAR4f.jpg"
6069,7146,"S","thumb_384_0416KcVJMljGODhO9NWA9I2C.jpg"
6070,7147,"M","thumb_720_8277oh8PApEClhEM6gHQRF6W.jpg"
6071,7147,"S","thumb_384_5472Nutgx0Q3tBRev2QAfJc9.jpg"
6072,7147,"S","thumb_384_66580GJmRZYguD6BfyDHsqIl.jpg"
6073,7147,"S","thumb_384_39064DQE8WtdSwURxjsRnXa2.jpg"
6074,7148,"M","noimg.jpg"
6075,7150,"M","thumb_720_60497nQtHJrTdiezfiaLBaGE.jpg"
6076,7150,"S","thumb_384_29501nEUVphtypSTpccYCq1R.jpg"
6077,7150,"S","thumb_384_5547QLCNpOYHc3bdcFVX8FRE.jpg"
6078,7150,"S","thumb_384_9883ybpWnmuuMyYgdbTZoOkr.jpg"
6079,7151,"M","thumb_720_3537ZYYl6XT3uIe3HasFkdRW.jpg"
6080,7151,"S","thumb_384_2871hogulXW0aBz59Qbs98Rj.jpg"
6081,7151,"S","thumb_384_0147kG5OsZh3o1wDE1rAkeX0.jpg"
6082,7151,"S","thumb_384_3647awbAKwdq3I5AE27uk7AZ.jpg"
6083,7152,"M","thumb_720_4491O0mI1vgRjkl0MnrnszrB.jpg"
6084,7152,"S","thumb_384_34923xyufCKzSrydIdYGGPZg.jpg"
6085,7152,"S","thumb_384_6338UsZU7WecHEePhF3c7lg5.jpg"
6086,7152,"S","thumb_384_7688n6onr2aZqM097A7pnDfk.jpg"
6087,7153,"M","noimg.jpg"
6088,7154,"M","thumb_720_8756FVbhnyxcRLxAwguitaXs.jpg"
6089,7154,"S","thumb_384_0358HrQUhbqUKvBTiRNpuoqs.jpg"
6090,7154,"S","thumb_384_6895FUQu9uQUDVmsJP0qZOyD.jpg"
6091,7154,"S","thumb_384_0734OriYIBtwd43p41sKSchh.jpg"
6092,7155,"M","thumb_720_65776VbjHW5T7UXyIXfnJZE6.jpg"
6093,7155,"S","thumb_384_2013lzw5yJr4dD39igMGHX4f.jpg"
6094,7155,"S","thumb_384_2769K3yEGK1pqwvC4huQKPEe.jpg"
6095,7155,"S","thumb_384_1130ixIQyCTcgFGH3bEN96DM.jpg"
6096,7156,"M","thumb_720_0534vjdXbtXxeTqWtEA3rRdG.jpg"
6097,7156,"S","thumb_384_4178llTzBmPE0YtKiZy8yfWK.jpg"
6098,7156,"S","thumb_384_4692lGEOtn7vksPjACZUovFk.jpg"
6099,7156,"S","thumb_384_5203dKOW4amNEam1yb5Ly2uV.jpg"
6100,7157,"M","thumb_720_9294urbXcnDzFPDPd6LYLrYm.jpg"
6101,7157,"S","thumb_384_1568H67XFpokaFhI8KPQcvIT.jpg"
6102,7157,"S","thumb_384_4398eQXQAwA6WhMWABo1lkDm.jpg"
6103,7157,"S","thumb_384_0748iaI1tKGJ0G9RqZAnFNQj.jpg"
6104,7158,"M","thumb_720_3180huJGVQC8qXxbq7q4tb6q.jpg"
6105,7158,"S","thumb_384_65211zTC2DhHbCuzybMiwNa3.jpg"
6106,7158,"S","thumb_384_90726p0IQfevB3lYto8f5sue.jpg"
6107,7158,"S","thumb_384_19992y7GFpyevmdIIjxzRFh3.jpg"
6108,7159,"M","thumb_720_5800ZvsLYwiFi46eI8Wv8XO3.jpg"
6109,7159,"S","thumb_384_89802fxuKkS2A1ltJpgmmJnJ.jpg"
6110,7159,"S","thumb_384_1646GlUAcYwiSvEgk9aijEsp.jpg"
6111,7159,"S","thumb_384_3864KyZc6uAfkjFQWzlfFAlr.jpg"
6112,7160,"M","thumb_720_7402ritbri2rwuYzAZ4qnrhU.jpg"
6113,7160,"S","thumb_384_8053BDAHrQKditfwXEHyh1FT.jpg"
6114,7160,"S","thumb_384_66583YKLCEPjLw3oGh2FEh92.jpg"
6115,7160,"S","thumb_384_7193nc7cmnLMNH1BVUFIciE5.jpg"
6116,7161,"M","thumb_720_1006Dw5riinZ8hJwezV1lcSO.jpg"
6117,7161,"S","thumb_384_3161z5eU9hoByAtJvPNIfIdd.jpg"
6118,7161,"S","thumb_384_7332AAvhlkmnpn6U4N3GvgiC.jpg"
6119,7161,"S","thumb_384_6299AnGm6w9UrSb88rzN7YvB.jpg"
6120,7162,"M","thumb_720_2592LOZeT8SgUwXAgG0NzSvh.jpg"
6121,7162,"S","thumb_384_425535rFLiUcIRsT0nhni8FQ.jpg"
6122,7162,"S","thumb_384_5632O6CxbqscZzUocMkdY3nv.jpg"
6123,7162,"S","thumb_384_1063teEzq7mHNhvy7LFLtHsU.jpg"
6124,7163,"M","thumb_720_9119BBW2hJ1XHrwzNzzjzTLX.jpg"
6125,7163,"S","thumb_384_3422sClnFofzFgNpXv26lyg5.jpg"
6126,7163,"S","thumb_384_67145mgDkwgWrT6L2p2ZsvXx.jpg"
6127,7163,"S","thumb_384_43984l8AMfbo0W1iKaXHHBYy.jpg"
6128,7164,"M","thumb_720_8978aZBKsebFeez4RDurbvAQ.jpg"
6129,7164,"S","thumb_384_4063osL8YYyHPx53qEGXpQbw.jpg"
6130,7164,"S","thumb_384_8855SKFars3z2yPtyUBZKKtP.jpg"
6131,7164,"S","thumb_384_5035iSMAqGohdtz5aiXnQcmi.jpg"
6132,7165,"M","thumb_720_9992KSyBtgN1CpG4p3pFwz4f.jpg"
6133,7165,"S","thumb_384_0337tyu1rJ3fKpDbvyUVmMdS.jpg"
6134,7165,"S","thumb_384_70990IgZXTMKCup7NU8KE7fq.jpg"
6135,7165,"S","thumb_384_1430WeataYuYTcZ0Fpdp2frV.jpg"
6136,7166,"M","thumb_720_8347zB9aYIxVCHQlDRQ9oyGl.jpg"
6137,7166,"S","thumb_384_1714viPtVWbs9DSdOzWvbWK3.jpg"
6138,7166,"S","thumb_384_9277TLHGalc8Rhx01HCAIQzr.jpg"
6139,7166,"S","thumb_384_3799PsWp4ev3L3KtDpdBZ7n1.jpg"
6140,7167,"M","noimg.jpg"
6141,7168,"M","thumb_720_4738E2QAuDlraHDIdlD4L6U5.jpg"
6142,7168,"S","thumb_384_9162qOOOJvMuKlXVPLBRdrgG.jpg"
6143,7168,"S","thumb_384_92364eEXbNlcjN6Pvj84eZj6.jpg"
6144,7168,"S","thumb_384_84742lzu0D3jhc1UIoDWxluz.jpg"
6145,7170,"M","thumb_720_6717mbxAwcY5zYQBFw1XQNSu.jpg"
6146,7170,"S","thumb_384_2856BaL85yYG3AqVAh13IEQr.jpg"
6147,7170,"S","thumb_384_8816wi4P7OOiUG6n29e7EeL1.jpg"
6148,7170,"S","thumb_384_0627mGKm5go9qE9apGA7oH9u.jpg"
6149,7171,"M","noimg.jpg"
6150,7172,"M","thumb_720_7697ugCBHfRGDWsteN7CWM3Z.jpg"
6151,7172,"S","thumb_384_4252t8IFOA77UvQG8UPEJU5W.jpg"
6152,7172,"S","thumb_384_9749rk6MBppfeN7ztq3krFHR.jpg"
6153,7172,"S","thumb_384_31712IhmFEe0RbYOqCUnQUNe.jpg"
6154,7173,"M","thumb_720_5174yJBQVEkVuubhSESZgAx8.jpg"
6155,7173,"S","thumb_384_4560FbRkeOsyVVT78WEOwa4u.jpg"
6156,7173,"S","thumb_384_5137qzq2KhYVd86yp1zDFuHv.jpg"
6157,7173,"S","thumb_384_3176H1TSSmHB8ihZ6gW4TuBh.jpg"
6158,7174,"M","noimg.jpg"
6159,7175,"M","thumb_720_9926woPP7JrHl880WK7NyuD4.jpg"
6160,7175,"S","thumb_384_7697e7HEX6AH73v3xOlUVMhM.jpg"
6161,7175,"S","thumb_384_5138t4elPe6DV7FAT8OFquu6.jpg"
6162,7175,"S","thumb_384_2217AqoeRgrPga7o5NcP1hGa.jpg"
6163,7178,"M","thumb_720_9292hwgvNVbI912MB8ghkfyo.jpg"
6164,7178,"S","thumb_384_1256CaMF3XYxvjpCC2IAGbpL.jpg"
6165,7178,"S","thumb_384_5174ZPFAnwvkUdgIAuXGUo2e.jpg"
6166,7178,"S","thumb_384_2005jcid0EH51YacC7HcvrWn.jpg"
6167,7179,"M","thumb_720_6852vknoJzCLnUFkEtPgm2UZ.jpg"
6168,7179,"S","thumb_384_9472TEQFFixqq5mBkbbpI9Wf.jpg"
6169,7179,"S","thumb_384_73557vGJNK4ZoFvaRfpaEjPD.jpg"
6170,7179,"S","thumb_384_7211JYWxqpQO4SVBSvOwqV6T.jpg"
6171,7180,"M","thumb_720_75430nxAeXiVv0Ggi1ui1xzT.jpg"
6172,7180,"S","thumb_384_2758DwyIGPasLZEfKaJxK7cH.jpg"
6173,7180,"S","thumb_384_0993sWvm6006cxwJN7KZLAST.jpg"
6174,7180,"S","thumb_384_5112fjOyTYdgcl8rYgaGDPsx.jpg"
6175,7181,"M","thumb_720_9127naH74X4vMrDmsTpNduEf.jpg"
6176,7181,"S","thumb_384_6547otgfqP1ZBx5gz5BKkCBf.jpg"
6177,7181,"S","thumb_384_77442qErXjRa0f9h280M1pVp.jpg"
6178,7181,"S","thumb_384_6925LqpIdpcEMGR1OG5BssKa.jpg"
6179,7182,"M","thumb_720_7944I3ZyM2fFIvapxWrw8AnZ.jpg"
6180,7182,"S","thumb_384_8261iR0JE1od8uGm5vVJbVpN.jpg"
6181,7182,"S","thumb_384_9779FungfkaYtIun0AG8F4tD.jpg"
6182,7182,"S","thumb_384_51214WrtrsiQph5ojZd0z0G6.jpg"
6183,7185,"M","thumb_720_8533EUgzIWQKvCirorn1BdGj.jpg"
6184,7185,"S","thumb_384_38641k5BoxTF4zF6cl7vEMWB.jpg"
6185,7185,"S","thumb_384_8759BpAkeN5CDHYcN9GRcn2j.jpg"
6186,7185,"S",""
6187,7186,"M","thumb_720_1898kV0WRtVTCZwlQNyFcdSW.jpg"
6188,7186,"S","thumb_384_2405Z4pO2bTYMojS9aBjKima.jpg"
6189,7186,"S","thumb_384_1424hhIq7kYPiHjGqjRW4PYW.jpg"
6190,7186,"S","thumb_384_28280WWfvabcraP8XihxiFEb.jpg"
6191,7187,"M","thumb_720_49487b7Bdet5dKebapSf8F8t.jpg"
6192,7187,"S","thumb_384_0453tRRVjGTgGkN7qP4AjuY8.jpg"
6193,7187,"S","thumb_384_6049xhWt0aynlJ5ligiduKJS.jpg"
6194,7188,"M","thumb_720_9412EOWaNXSeUxfEGbDT0ucV.jpg"
6195,7188,"S","thumb_384_7897GIL9w0P1eGVsakeNEPTQ.jpg"
6196,7188,"S","thumb_384_8080XFX3pjULFBblrR3DOLki.jpg"
6197,7188,"S","thumb_384_26464zb2DjaYpFN8Ll9FhO1H.jpg"
6198,7191,"M",""
6199,7192,"M","thumb_720_934200OPHwVvCCLiipc1F6uW.gif"
6200,7192,"S","thumb_384_3689rAFAITKkkf1qGIfg7wT9.jpg"
6201,7192,"S","thumb_384_52208EaxKpcdebYxJvtIKZu0.jpg"
6202,7192,"S","thumb_384_700392siX0mqxPwuFYMg4Apc.jpg"
6203,7193,"M","thumb_720_4910HKfghDsvLGUo3rj4Uvvy.jpg"
6204,7193,"S","thumb_384_8777No5anjpuUrB9Y0rCxxIP.jpg"
6205,7193,"S","thumb_384_1122M6txKSkkHc0cXfGW4oEO.jpg"
6206,7193,"S","thumb_384_1111XhR3jyAWauRsFMM7uYfc.jpg"
6207,7194,"M","thumb_720_2565I2eFrQK8zignNJ8RMiCu.jpg"
6208,7194,"S","thumb_384_4899zFL1nm0CDrSPkNS6bl9J.jpg"
6209,7194,"S","thumb_384_0216ZXOzKloBmGqB7fncumNW.jpg"
6210,7194,"S","thumb_384_5058XcIQA4RB6FbFtEYCom43.jpg"
6211,7195,"M","thumb_720_6249i5qa9vzfxeoW2qykRqzQ.jpg"
6212,7195,"S","thumb_384_2831SB6NpVKAQaBG5DG9KIoV.jpg"
6213,7195,"S","thumb_384_9347dYWGpMnsK50CnNkrA3Jn.jpg"
6214,7195,"S","thumb_384_9584yi4H3V3CxwAi0l8j8pjf.jpg"
6215,7196,"M","thumb_720_2330v5oWXCAu92QoVYQQmUwX.jpg"
6216,7196,"S","thumb_384_8700fDm7jVDIckzZb0q9AIPx.jpg"
6217,7196,"S","thumb_384_3387MVKStwcrdC573twR8No1.jpg"
6218,7196,"S","thumb_384_0065bnMMwP9TOTxVYuZ7nA4A.jpg"
6219,7197,"M","thumb_720_9790orUncF5nBYils7xALIlR.jpg"
6220,7197,"S","thumb_384_0836RkXnvgdKlwwKuaS9yZE5.jpg"
6221,7197,"S","thumb_384_2629In9Im8exn366u5QHFj0M.jpg"
6222,7197,"S","thumb_384_5812Ic0KL1kMVSq0l9386ZxP.jpg"
6223,7198,"M","thumb_720_9518rgttJI9LEKs5rDgqOqJl.jpg"
6224,7198,"S","thumb_384_7706PVp2Moy9SdmYFDQ5MlnD.jpg"
6225,7198,"S","thumb_384_0952C9URKqOhFX4XqxNeb09p.jpg"
6226,7198,"S","thumb_384_8894Z25EyoNJuYCeCzhGg0xY.jpg"
6227,7200,"M","thumb_720_4979PdoqnfJMIPDJpRZ323rp.jpg"
6228,7200,"S","thumb_384_0467HEnA2le0Qz95xI4gUdgk.jpg"
6229,7200,"S","thumb_384_4429aQrSmR7ifO6KaqQjdpp4.jpg"
6230,7200,"S","thumb_384_3258wu5qxX9htTsiWit7wMr6.jpg"
6231,7201,"M","thumb_720_5645GhnXGNZiqbccRRGjuY6Z.jpg"
6232,7201,"S","thumb_384_7356dJmZSJNTctKjQq3cpCMb.jpg"
6233,7201,"S","thumb_384_6521E1Hye506IXhuSBTf0RTV.jpg"
6234,7201,"S","thumb_384_2234xRHP9HfSXpa0rZZ3Elvu.jpg"
6235,7202,"M","thumb_720_73770wTS0zFHg2pOR6XFmJSF.jpg"
6236,7205,"M","thumb_720_3119TVSWmnNadqhd8U4swfDU.jpg"
6237,7205,"S","thumb_384_4904dgK5iIthb2YVsujOSHF4.jpg"
6238,7205,"S","thumb_384_5871ZFRt4gswV68c4mBz2a7C.jpg"
6239,7205,"S","thumb_384_7254xtK2LyCTqfjvzSNtiRho.jpg"
6240,7206,"M","thumb_720_2071uEFev2IccrxnYs1VKHyU.jpg"
6241,7206,"S","thumb_384_3612S9Mb1fLo3gQZLrmyNo4w.jpg"
6242,7206,"S","thumb_384_2440I9AHJaTruyN1ZXBLgDzu.jpg"
6243,7206,"S","thumb_384_9827qm9RO4VwygtNdqCQwgcA.jpg"
6244,7207,"M","thumb_720_1040pfe3rjb0ilytzd6unY2U.jpg"
6245,7207,"S","thumb_384_316957AKgyQJw8y50NRrOOFg.jpg"
6246,7207,"S","thumb_384_875088PkiaBsbRNqBe5lLrEY.jpg"
6247,7207,"S","thumb_384_443451k7BX860bnVFbA1xCd7.jpg"
6248,7208,"M","thumb_720_4958dvzVaVOjudhnfDroqD6n.jpg"
6249,7208,"S","thumb_384_1151ddeHufRUZrW3oYRLsd1S.jpg"
6250,7208,"S","thumb_384_7908aEksVQxf6TcsYmvlJgSM.jpg"
6251,7208,"S","thumb_384_8572wfZ97AifuP8F0q4DBWwI.jpg"
6252,7209,"M","thumb_720_8078oWFe4hws4nDY5jcMZDGb.jpg"
6253,7209,"S","thumb_384_20446V45WYnvib6VHrFTINJb.jpg"
6254,7209,"S","thumb_384_8552r1BHGdBLY7zVveanOVAc.jpg"
6255,7209,"S","thumb_384_6327rqrEgVmCrEXrG1Y9LW7b.jpg"
6256,7210,"M","thumb_720_2063BmsTcacfIpejGjHLxZLk.jpg"
6257,7210,"S","thumb_384_7110gRZvnSmUHqOW3Z423ULh.jpg"
6258,7210,"S","thumb_384_9632M2zmRx6cFHoYGvolvGvd.jpg"
6259,7210,"S","thumb_384_1314fa9rkFBMD5TwFIF8MSRG.jpg"
6260,7211,"M","thumb_720_24706xvJcK5RdajbAgLVo41d.jpg"
6261,7211,"S","thumb_384_4345XavwM2f6nngSgUfaNvZH.jpg"
6262,7211,"S","thumb_384_7978yh6YXmYE3nMuolwCBJYo.jpg"
6263,7211,"S","thumb_384_7271PBIOGU3DSTDEL7F6vYZt.jpg"
6264,7212,"M","thumb_720_7893y3DmW2wGNF8YShJ4TwZU.jpg"
6265,7212,"S","thumb_384_4859jgoGqO83JtmVuusLfSqM.jpg"
6266,7212,"S","thumb_384_5427PTfYvRk8YoVg3loyRCZ0.jpg"
6267,7212,"S","thumb_384_6647ZBgETO5K0SuOYl5ekwd3.jpg"
6268,7213,"M","thumb_720_1021lqPMEs18OKXFR4zfrXK5.jpg"
6269,7213,"S","thumb_384_6961fAg4hrLl7Iiwb3t3uJi5.jpg"
6270,7213,"S","thumb_384_8817znJQ34aS6he3RnBx437t.jpg"
6271,7213,"S","thumb_384_6076waPrm4M96Opvv21G2QH8.jpg"
6272,7214,"M","thumb_720_8556IWysAdMuPWWj0SF4Sf2m.jpg"
6273,7214,"S","thumb_384_3527Moz84GEJMrkqwUReMyDj.jpg"
6274,7214,"S","thumb_384_3454SckZzvvqeHgmUYdZC7KO.jpg"
6275,7214,"S","thumb_384_6930ZGXNpHXiE6dPddaS6SRQ.jpg"
6276,7216,"M","thumb_720_4324kQhLt64ojhUpV752eZ5A.jpg"
6277,7216,"S","thumb_384_46374IOqZbFK6cOBXt8ZZFJE.jpg"
6278,7216,"S","thumb_384_8379FvhQ3SgMxMYYCu3rwF9j.jpg"
6279,7216,"S","thumb_384_5936mRpd8htrbpZSbVtIH066.jpg"
6280,7217,"M","thumb_720_2690xMdIoXvZigGfeU9NeZZF.jpg"
6281,7217,"S","thumb_384_2254spP0YRllq96rFXqoSfNl.jpg"
6282,7217,"S","thumb_384_3903UNi1FTHCITeme4tAxzts.jpg"
6283,7217,"S","thumb_384_7033ZH1S5DRhiBvFz5BVEwpp.jpg"
6284,7218,"M","noimg.jpg"
6285,7219,"M","thumb_720_8045vbzxcbEHwonQa1JNnnpS.jpg"
6286,7219,"S","thumb_384_0581UX8ffRYkUbzXK3a17iq2.jpg"
6287,7219,"S","thumb_384_1574b02m6IfRxsHG3zHFXFXL.jpg"
6288,7219,"S","thumb_384_1408LYiyis1uar9JSSoD1Ofj.jpg"
6289,7220,"M","thumb_720_7429UsvS1ADOBiOiEJOCSNab.jpg"
6290,7220,"S","thumb_384_4063qDxlf9BYTcSlLkm2xSaF.jpg"
6291,7220,"S","thumb_384_4335Q9KRR8ShxKNyYqOSpXCR.jpg"
6292,7220,"S","thumb_384_9158g9PjH2dNCu0esBDm0YVB.jpg"
6293,7222,"M","noimg.jpg"
6294,7223,"M","thumb_720_1205pvsO4mP7Hs2tK4tafIc7.jpg"
6295,7223,"S","thumb_384_6000r555nwDzxT7ZCGMVuBTc.jpg"
6296,7223,"S","thumb_384_6128AW9JSUFvtyLTVYa6c7Q3.jpg"
6297,7223,"S","thumb_384_94557a8stqzqmYgTN3nbvXsv.jpg"
6298,7224,"M","thumb_720_4287N7YlgSCBu5h36FnHo6ai.jpg"
6299,7224,"S","thumb_384_5548IEE9lFY4386EmxyPIH9K.jpg"
6300,7224,"S","thumb_384_2069t7Zp237snWKlEEFK3aKt.jpg"
6301,7224,"S","thumb_384_6752J6QjCRulwPnRhU12dJTV.jpg"
6302,7226,"M","thumb_720_7083I0JyW96zVgYYb2TJwNjM.jpeg"
6303,7227,"M","thumb_720_0688Kc7vpAACtiQYInfSEGmM.jpg"
6304,7227,"S","thumb_384_4806FY9Ej186c4dqVXALMLPk.jpg"
6305,7227,"S","thumb_384_1075O7gQNGV2SMalYTY96Ebh.jpg"
6306,7227,"S","thumb_384_4829dIfP4HRYubFuTa4ZO8gU.jpg"
6307,7228,"M","thumb_720_0592dMS9PXveXnBuMIYs7pec.jpg"
6308,7228,"S","thumb_384_1871v4mWrGhWY8oUY2BbhAG0.jpg"
6309,7228,"S","thumb_384_0398o43fiKGO7Uw6OPuC13Xu.jpg"
6310,7228,"S","thumb_384_6824BizuRy6DBIjcHq8JdRpG.jpg"
6311,7229,"M","thumb_720_6818AzOzxBI1Qua3NLJGf1S5.jpg"
6312,7229,"S","thumb_384_0232A48HCJuhxVyJAW3fP082.jpg"
6313,7229,"S","thumb_384_7018GStAiM5sGJUPfqqEo89W.jpg"
6314,7229,"S","thumb_384_0970b6NhQ9McRVuJaidCIT9d.jpg"
6315,7230,"M","thumb_720_6031rV3DQkexHIFn1OlyzHYv.jpg"
6316,7230,"S","thumb_384_7452CyHPqrLaaBTLmlCDnJk4.jpg"
6317,7230,"S","thumb_384_7786ImwjiY0bRYGUFxrJ2TSS.jpg"
6318,7230,"S","thumb_384_66954wpmb7DhdmQ5VHIWzN2t.jpg"
6319,7233,"M","thumb_720_3091wT2BjYlGussK5CQW9fgB.jpg"
6320,7233,"S","thumb_384_1189RpnPk5HOube2zq8qjDGZ.jpg"
6321,7233,"S","thumb_384_1276wq9zEkWgkRh25pNfVZRZ.jpg"
6322,7233,"S","thumb_384_0167aak9KKgFKpqxfIaN5o4S.jpg"
6323,7234,"M","thumb_720_6126rTaLgI5siq9L78bdvIsW.jpg"
6324,7234,"S","thumb_384_74653eDU8TzRsoCcep6EpDEa.jpg"
6325,7234,"S","thumb_384_0965FIDortKXBHHnAuiYLSMN.jpg"
6326,7234,"S","thumb_384_7592LVw1zPx95nd0EvKJNbaH.jpg"
6327,7235,"M","thumb_720_3736TEbh5skBekwupyyXme39.jpg"
6328,7235,"S","thumb_384_4476JMRW5qayELMDygN36r1D.png"
6329,7235,"S","thumb_384_5283WkvDD3jzaoBeqAjMzCFK.jpg"
6330,7235,"S","thumb_384_7539ZgHb4v2NKgDil57SW5cn.png"
6331,7236,"M","thumb_720_4451Q3V2wJp6sgOu6ThYGcx1.jpg"
6332,7236,"S","thumb_384_2810uth0RmxQMr3Rope57MAq.jpg"
6333,7236,"S","thumb_384_5612W2CXpIDWRv6lhmY1EXMh.jpg"
6334,7236,"S","thumb_384_8309EVyjN2kM6SFoT9qZsOr3.jpg"
6335,7237,"M","thumb_720_6588EWIPSGLrX8aDRUgf3drM.jpg"
6336,7237,"S","thumb_384_0343Uy5VCD6wNA1ICvmEnjps.jpg"
6337,7237,"S","thumb_384_1595dRyAVg7iY2oAQb8BBopQ.jpg"
6338,7237,"S","thumb_384_2613x7MDWafY39ltSLuKu0YQ.jpg"
6339,7241,"M","thumb_720_5402x4eLnVCJGXrGxrXA0OZf.jpg"
6340,7241,"S","thumb_384_9282MAIitiy00bIhEONdW168.jpg"
6341,7241,"S","thumb_384_4482sSuvYn96pyWRdl7fGfKn.jpg"
6342,7245,"M","thumb_720_2031aupa5PDNNECw8KR32mst.jpg"
6343,7245,"S","thumb_384_8290w65I79OuzaQr82RaQ8gK.jpg"
6344,7245,"S","thumb_384_1571Jj6LeBbX8rjFiS89EZNJ.jpg"
6345,7245,"S","thumb_384_38243Nyl2Cl32ujB6dm5sJkw.jpg"
6346,7246,"M","thumb_720_0706h6iGYhZ0Maq732KBrAYz.jpg"
6347,7246,"S","thumb_384_3456FMp5fFeOX2yMqt7FVXEd.jpg"
6348,7246,"S","thumb_384_5907kCjbMFnlXi7a7LPk4JVV.jpg"
6349,7246,"S","thumb_384_5648T1wzZiJ8SZDXX37bvzTN.jpg"
6350,7247,"M","thumb_720_6515qQvYcSceiMaAOVX59ItN.jpg"
6351,7247,"S","thumb_384_5663jP9ICixirjuhTPylVivJ.jpg"
6352,7247,"S","thumb_384_7213Cyjtfdc1NUA0NSmSCrW5.jpg"
6353,7247,"S","thumb_384_71144i2ePNkQXPd5SgzyWPdS.jpg"
6354,7248,"M","thumb_720_2855A0vLLG5a1VeKWEpQaagK.jpg"
6355,7248,"S","thumb_384_5765qWqKB2jXTirHcRfCFEXk.jpg"
6356,7248,"S","thumb_384_3733wWXmWMgoHFJeoVccdKYr.jpg"
6357,7248,"S","thumb_384_1110CaR8uHimM6gqlXGuxnfE.jpg"
6358,7249,"M","thumb_720_2184Ar0OGT5IUnYkkaH2LCrL.jpg"
6359,7249,"S","thumb_384_4113IFuiaYbI62d9BoKwkqYA.jpg"
6360,7249,"S","thumb_384_4124VxfHgh6MLaLNV2VpfoA7.jpg"
6361,7249,"S","thumb_384_0559G0zDNcUrU1MEUH7LJUfB.jpg"
6362,7250,"M","thumb_720_3274p3hQhaxlMaQJiuTvLJtI.jpg"
6363,7250,"S","thumb_384_3284SuTIGr3Tq7jx10CQdSh9.jpg"
6364,7250,"S","thumb_384_6915kre2b1lmucpQuZVLYHmZ.jpg"
6365,7250,"S","thumb_384_7301KrqNWX8jJiAnyy6769sB.jpg"
6366,7251,"M","noimg.jpg"
6367,7253,"M","thumb_720_8727L7JUeFc6rM0OlQ9qX41E.jpg"
6368,7253,"S","thumb_384_8469j2eBpNvFrS7QYn9iNlXV.jpg"
6369,7253,"S","thumb_384_721007qaJMPZKOwf0AJtrvIn.jpg"
6370,7253,"S","thumb_384_3446fFkUWueB2VdbvBJsKGA3.jpg"
6371,7254,"M","thumb_720_7072asgNMZRrZSDfeM0izIpg.jpg"
6372,7254,"S","thumb_384_1882pdxelUxYcuBEU29B1LqX.jpg"
6373,7254,"S","thumb_384_577165PbEouWEqh3IIiW7OBR.jpg"
6374,7254,"S","thumb_384_9781TD2aOYWbbDHGFwhRGUnp.jpg"
6375,7255,"M","thumb_720_8205j8ZAqI0kQJ9WoQHtREMa.jpg"
6376,7255,"S","thumb_384_0935T1bhuoHM7jGsecIlsB2k.jpg"
6377,7255,"S","thumb_384_5524zKk00s2R7HVLXX4MUQ0j.jpg"
6378,7255,"S","thumb_384_4462jwlwoFouZOwViv7XqX9e.jpg"
6379,7256,"M","thumb_720_5773XYzyvrlfRxdPNYYynCZI.jpg"
6380,7256,"S","thumb_384_8279sowuteiqn8ilEQztean7.jpg"
6381,7256,"S","thumb_384_0207RkWzPySVtwNO9Ywq6ZhK.jpg"
6382,7256,"S","thumb_384_3036x7mp2wHikSxgSn5TLxhi.jpg"
6383,7257,"M","thumb_720_35105MQVr87vcRbkQOFHwEsJ.jpg"
6384,7257,"S","thumb_384_88738xjJqg1OwRBjdt2gcBRS.jpg"
6385,7257,"S","thumb_384_9985ELkssAPcSmLT37gf0dct.jpg"
6386,7257,"S","thumb_384_7561XkJIDA9mqaqcPXxXaPub.jpg"
6387,7258,"M","thumb_720_2639CurgeDQ4i9mWzHtBzuA9.jpg"
6388,7258,"S","thumb_384_5108mgWysq2mWjBXAVswe3ZJ.jpg"
6389,7258,"S","thumb_384_09757BEB9JKvR9DQsucFH2Xw.jpg"
6390,7258,"S","thumb_384_3919ijxPZ0LlNQshRSaqk5oI.jpg"
6391,7264,"M","noimg.jpg"
6392,7266,"M","thumb_720_3323PQaxIcydEP8J6CR8AROo.jpg"
6393,7266,"S","thumb_384_4528px4Fm9ievZPRguDCH2YD.jpg"
6394,7266,"S","thumb_384_03962x6YATfNukhQe7nfd1up.jpg"
6395,7266,"S","thumb_384_7804ftGi8ifRXxb8HSv8e10C.jpg"
6396,7268,"M","thumb_720_8701CRI3Qf1J3ybPg2TLHZCz.jpg"
6397,7268,"S","thumb_384_9961uGpi7kBYpvjvxp3SMZTk.jpg"
6398,7268,"S","thumb_384_02331HZMCfGW83SMPLwGRTHY.jpg"
6399,7268,"S","thumb_384_1474dzEwf6erBBmxPS8I8OO4.jpg"
6400,7269,"M","thumb_720_6747WCjJibKzjAhHhiVO9jdz.jpg"
6401,7269,"S","thumb_384_3424Sr4RgeYknaW87UCRflrd.jpg"
6402,7269,"S","thumb_384_2034vHK0071ZNY9I60EMUVN9.jpg"
6403,7269,"S","thumb_384_396259TEw4mNcJujNPr4Mwv3.jpg"
6404,7270,"M","thumb_720_7876j7w3JCHri1G5zgXHC7pO.jpg"
6405,7270,"S","thumb_384_4223eXXnB0HB1PLPavsUHIMh.jpg"
6406,7270,"S","thumb_384_2891YjWiUdChChYMR49D7dm3.jpg"
6407,7270,"S","thumb_384_0628JS0NPzYXiPbFuIL9JvRx.jpg"
6408,7271,"M","thumb_720_2915KJN0QdeFOVqpTY6sei7K.jpg"
6409,7271,"S","thumb_384_1972iqtlY8W0kbRa3ZN37QJv.jpg"
6410,7271,"S","thumb_384_07939VpFNKP50dyAuF6JW2kS.jpg"
6411,7271,"S","thumb_384_5589ndzvqBafsCjXEUq8vZRX.jpg"
6412,7273,"M","thumb_720_1435waWfYNVniUvsU0J4HP8j.jpg"
6413,7273,"S","thumb_384_7182lwIew2EArrKcS3QVoecO.jpg"
6414,7273,"S","thumb_384_1658I0z42imvlzFTCrNQxQso.jpg"
6415,7273,"S","thumb_384_6246XvjZ3XJD92O1jO5c7vw0.jpg"
6416,7274,"M","noimg.jpg"
6417,7276,"M","noimg.jpg"
6418,7279,"M","thumb_720_23883F2j0KZ89oE5pSvb5wUq.jpg"
6419,7279,"S","thumb_384_2272qxZylLc3mDfqQq7vpsgJ.jpg"
6420,7279,"S","thumb_384_1100I36K7OWL9Gb5IXqUwKVG.jpg"
6421,7279,"S","thumb_384_7450rts0Am3ra39wmzp3dZFK.jpg"
6422,7281,"M","thumb_720_52730XpoFY0werm5EZQcywp4.jpg"
6423,7281,"S","thumb_384_42580Eywuy89EHyj4wMjv9rU.jpg"
6424,7281,"S","thumb_384_4215CclY10lL4gS9triLm09c.jpg"
6425,7281,"S","thumb_384_8037gAsLTXpIfo0LswnjSCjE.jpg"
6426,7285,"M","thumb_720_0696Q5X6KfbcbUa8EjrpIa2C.jpg"
6427,7285,"S","thumb_384_4667fxuhlfqEzXD2IHyNu7mf.jpg"
6428,7285,"S","thumb_384_52073ilz6YRdT6uL4V3r2fe5.jpg"
6429,7285,"S","thumb_384_9235JvNph1KF7QKZ3pvAvKEO.jpg"
6430,7286,"M","noimg.jpg"
6431,7287,"M","thumb_720_07960cXHHbnTjAyJ77lOlZmI.jpg"
6432,7287,"S","thumb_384_3365bjvXbS8xLP1EmZbsGT56.jpg"
6433,7287,"S","thumb_384_68427f2JsdNefAZDQhwCHGfp.jpg"
6434,7287,"S","thumb_384_2087nC5EsrlpjeEaTpYJo3Hj.jpg"
6435,7288,"M","noimg.jpg"
6436,7291,"M","thumb_720_2349l1b7Iuhy79OkYFQn9DO3.jpg"
6437,7291,"S","thumb_384_1444VmCSX2yDilBUTBx6qL0g.jpg"
6438,7291,"S","thumb_384_2479zGRgfo1FB5ZEU9B8nZtD.jpg"
6439,7291,"S","thumb_384_5537TleE49Kod9Pu9dAvHRof.jpg"
6440,7292,"M","thumb_720_8658pw65LfJhntYF6LTIzAYS.jpg"
6441,7292,"S","thumb_384_2146uhrkcgfWPoOS72Mdas6X.jpg"
6442,7292,"S","thumb_384_47431DHad6WNgpRwxm7Y5sw4.jpg"
6443,7292,"S","thumb_384_0350dweN3tECjwK4YmdiGl6q.jpg"
6444,7296,"M","noimg.jpg"
6445,7300,"M","thumb_720_55358MgVx7yVpfdY6F4qGbeJ.jpg"
6446,7300,"S","thumb_384_3241pDGeHxs1qCdJgG9sQHyb.jpg"
6447,7300,"S","thumb_384_9175yVhFO2DnttmTDnHs8NOM.jpg"
6448,7300,"S","thumb_384_4497CPo546UAUC1VxC4qZxhZ.jpg"
6449,7303,"M","noimg.jpg"
6450,7304,"M","noimg.jpg"
6451,7305,"M","thumb_720_9825PX5VQhC4vqtrWP8Qp6v7.jpg"
6452,7305,"S","thumb_384_95261gyAM80QOvgXecrfAvQm.jpg"
6453,7305,"S","thumb_384_1446o71dHfEMUj8dgLRZ7jHZ.jpg"
6454,7305,"S","thumb_384_9081U6UAnoGqeqQNZutsC4pZ.jpg"
6455,7308,"M","thumb_720_5000Hgwg0N97Qisku1m5fj5D.jpg"
6456,7308,"S","thumb_384_3867Z1vT8aAv5OOBqIXpJpEh.jpg"
6457,7308,"S","thumb_384_780351FcuyLUT4Fw7rbekGHf.jpg"
6458,7308,"S","thumb_384_5758DZHyoxNoNB8r4WRqRUzf.jpg"
6459,7309,"M","thumb_720_8820GE1fIPJM54Do8nvaCAgF.jpg"
6460,7309,"S","thumb_384_5879RLY27ATuqBtqfE4jlE1A.jpg"
6461,7309,"S","thumb_384_0602tBQXPVNxmBPRR0t4aQuy.jpg"
6462,7309,"S","thumb_384_77684a0LUq4vbKCtnLq9EJ3l.jpg"
6463,7310,"M","thumb_720_6561l9a7Zm1w8R9LAsqmQVgv.jpg"
6464,7310,"S","thumb_384_2062PnJOfcllu0kTkHoMW8B7.jpg"
6465,7310,"S","thumb_384_9450qWu9ppLesLl6nGmmjI9n.jpg"
6466,7310,"S","thumb_384_4682zRPhwcYGqWx8InBHrci6.jpg"
6467,7311,"M","thumb_720_2107Qzh2fjSjlTnLjkaUUvuJ.jpg"
6468,7311,"S","thumb_384_9428J9F5fm8SZ2Cf87xXZDy4.jpg"
6469,7311,"S","thumb_384_6933TF2PPyu2cmuSfP0jg9Zb.jpg"
6470,7311,"S","thumb_384_7269zTGmEgccfujUq4xSCyye.jpg"
6471,7314,"M","noimg.jpg"
6472,7315,"M","thumb_720_3048cDzvyXNbZmfj6ZEXOQdb.jpg"
6473,7315,"S","thumb_384_4277yl7b19WNkurjMtwXF5vE.jpg"
6474,7315,"S","thumb_384_4134UsLMeCej1PEDrfxqHGY5.jpg"
6475,7315,"S","thumb_384_1233ESL3yGeRKeW92azr5tII.jpg"
6476,7316,"M","thumb_720_4025miIMCKV83YejYASMKrQO.jpg"
6477,7316,"S","thumb_384_7466oQcbpJam2KZs5wNbEiwY.jpg"
6478,7316,"S","thumb_384_7374eG0ZrLTQZ2CrU1SmhZC5.jpg"
6479,7316,"S","thumb_384_8099pVbun8NGsCHpGQI9Ammi.jpg"
6480,7318,"M","thumb_720_14331JWzGfur5Ne1wsuBO67C.jpg"
6481,7318,"S","thumb_384_0966UlvXiMEgSYrfzGb6HqpJ.jpg"
6482,7318,"S","thumb_384_1484DJTu0IgMYn9uxcQLAdPW.jpg"
6483,7318,"S","thumb_384_1567DsqROzTwB8UtSlpGIV21.jpg"
6484,7319,"M","thumb_720_8875YcYEK3oFchfhpVRfxov4.jpg"
6485,7319,"S","thumb_384_7792T7PJm7r0Mt15EAiJc40a.jpg"
6486,7319,"S","thumb_384_2677OQk51rJ6CFjFbhpSom5p.jpg"
6487,7319,"S","thumb_384_0546LuVC0G121h8G7G3abUzX.jpg"
6488,7320,"M","noimg.jpg"
6489,7322,"M","thumb_720_0583bdWb5YpcN1tKdtSV4ulh.jpg"
6490,7322,"S","thumb_384_5141Blyk597jmdgkIvVBZVj5.jpg"
6491,7322,"S","thumb_384_8506hyuBAyhPBe831LqrJfAD.jpg"
6492,7322,"S","thumb_384_3862qz7g30z7ZgAuHcbi9bCa.jpg"
6493,7323,"M","thumb_720_9581M4MZC7lfEOjMWSenZuvy.jpg"
6494,7323,"S","thumb_384_4632SHAL7tTxdUCXPHdDeMcZ.jpg"
6495,7323,"S","thumb_384_3052dqZuhT6To78EBr1sideU.jpg"
6496,7323,"S","thumb_384_2802BdYHqzlM3huInq7knoV1.jpg"
6497,7324,"M","thumb_720_7960qyclPYhxztZa0Vq9Hi9B.jpg"
6498,7329,"M","thumb_720_9546zalqbQHRkkkaZ6e173m1.jpg"
6499,7329,"S","thumb_384_3457nHoxGUQHpr0ypVkXWjiJ.jpg"
6500,7329,"S","thumb_384_3702P3CAXNz7ysJze6uJZMgI.jpg"
6501,7329,"S","thumb_384_5798nx4R6ZmTbt4Y4q0qzmvt.jpg"
6502,7330,"M","thumb_720_9983FCU9cC26BBuAo9UbruTu.jpg"
6503,7330,"S","thumb_384_5500iFaMlcNeIo0lNSo0Gg4V.jpg"
6504,7330,"S","thumb_384_5425aqz4CGCo8JmqZWacbnNs.jpg"
6505,7330,"S","thumb_384_6404JDulW4wg92rjxHTymSKe.jpg"
6506,7331,"M","thumb_720_58270zi8dFdLrM1AWEUDGJEY.jpg"
6507,7331,"S","thumb_384_7589I08p8U7ipFLt1qKAP8MQ.jpg"
6508,7331,"S","thumb_384_3662AntAqdXmQ9zFB8I0gxur.jpg"
6509,7331,"S","thumb_384_6439HQyTv0TYFtFe8G0FMZJe.jpg"
6510,7333,"M","noimg.jpg"
6511,7336,"M","thumb_720_1289RKcHoqTw5IDs6WZzPRtf.jpg"
6512,7336,"S","thumb_384_9726CM4mqRnYDqnoGX1flmn2.jpg"
6513,7336,"S","thumb_384_9445UCD9qKOl0KZQaPVFr4Sh.jpg"
6514,7336,"S","thumb_384_1769aRn2G5y2XWxWmjpHkULo.jpg"
6515,7337,"M","thumb_720_43054LtQSTFjXaJfLA7yKIzs.jpg"
6516,7337,"S","thumb_384_4822CV0oLtUknZb2fgZB7uAJ.jpg"
6517,7337,"S","thumb_384_2823wThlCapxZBcKg4LHbldB.jpg"
6518,7337,"S","thumb_384_9269bBAePXoPhtN6CgzNjU4n.jpg"
6519,7338,"M","thumb_720_2634NPtPXpw4Af73DywFoVZ9.jpg"
6520,7338,"S","thumb_384_2610dCb3CzKQEwTaGzYm2brE.jpg"
6521,7338,"S","thumb_384_5666zKRMq73ShZx8grvOGbU6.jpg"
6522,7338,"S","thumb_384_8252RAUlEaOtefqTyftp6jPa.jpg"
6523,7340,"M","thumb_720_4791X91Y1zbbHy0IWpikzoVd.jpg"
6524,7340,"S","thumb_384_9453ViA4xst3lfbJXW5SxJwh.jpg"
6525,7340,"S","thumb_384_9182mvYlKG4oSi63ANx4oFwa.jpg"
6526,7340,"S","thumb_384_8736UibDzuPxsW3aCjI3tQ22.jpg"
6527,7341,"M","thumb_720_0042opc6u6Z4Ms2h6MuqeB4U.jpg"
6528,7341,"S","thumb_384_7312q0hiDXWELvrx2RU8rjcs.jpg"
6529,7341,"S","thumb_384_8349jSKxeDj1SY3Irj67932X.jpg"
6530,7341,"S","thumb_384_11325nnGkidTd0694vfOYxeG.jpg"
6531,7342,"M","noimg.jpg"
6532,7343,"M","noimg.jpg"
6533,7344,"M","noimg.jpg"
6534,7345,"M","thumb_720_2484Qtd02c229vaFB83gRH99.jpg"
6535,7345,"S","thumb_384_7205rcICaFu30StpsD0JYi8Q.jpg"
6536,7345,"S","thumb_384_68272qLEE5JMOdNwaBe9llTi.jpg"
6537,7345,"S","thumb_384_3340CRBhXlTsGVnA0rBx5FY7.jpg"
6538,7346,"M","thumb_720_7626N0iuhrfotzZagkjGPHuz.jpg"
6539,7346,"S","thumb_384_21277FQXeFUWRaVvk0njWWA7.jpg"
6540,7346,"S","thumb_384_35462KjyiLIeYgRpquL5vpBr.jpg"
6541,7346,"S","thumb_384_4906IneWYT6icgrq6BGY7Wg2.jpg"
6542,7347,"M","noimg.jpg"
6543,7348,"M","thumb_720_1226rI1sJlCaGHIFoZWjfV99.jpg"
6544,7348,"S","thumb_384_7750RbMgQy9vxTzleCjKclqu.jpg"
6545,7348,"S","thumb_384_8032w6GB9SmfNM8jH8mc1fgV.jpg"
6546,7348,"S","thumb_384_6956tVLkect8avYXkCvWfjhj.jpg"
6547,7351,"M","thumb_720_8889Mj5EClZO5MJCir988aqm.jpg"
6548,7351,"S","thumb_384_7765xoK7xzfTdDtPdlGx51Ud.jpg"
6549,7351,"S","thumb_384_4170ZNPBqZFo5Nt1tJUl7VNJ.jpg"
6550,7351,"S","thumb_384_9958hE1KsWSoZBpc4Hphn4yR.jpg"
6551,7352,"M","thumb_720_8165ztN9hlulHXMz84YDq1eu.jpg"
6552,7352,"S","thumb_384_4545PRhfR4Dug1Yk80ZIsdI9.jpg"
6553,7352,"S","thumb_384_587444I5CtRcEEKhKyJx6P9e.jpg"
6554,7352,"S","thumb_384_4200toPGSPOK8q7kQRgPxqKl.jpg"
6555,7353,"M","thumb_720_7141V6GfV0vB2V7nJEt2kuzx.jpg"
6556,7353,"S","thumb_384_8254UWu26CI6orQf1qhQTDwV.jpg"
6557,7353,"S","thumb_384_9356lrEVacwHCaMhJMhiwyjg.jpg"
6558,7353,"S","thumb_384_0063wtwLctHVR0MYOGxktySH.jpg"
6559,7355,"M","noimg.jpg"
6560,7357,"M","thumb_720_0297DCANazCb4JPUODSQ8NAZ.jpg"
6561,7357,"S","thumb_384_9301r6RKiSS6p5P2XLSi62Iu.jpg"
6562,7357,"S","thumb_384_0864ipr9vuezNrwzTHlfjhTy.jpg"
6563,7357,"S","thumb_384_39117oSZN0uUPDgBfRLB8psG.jpg"
6564,7358,"M","thumb_720_19605sB84GbU9YgXeBva51sm.jpg"
6565,7358,"S","thumb_384_76341nzfbPFy6SnvOu4DG2Lp.jpg"
6566,7358,"S","thumb_384_5792BYi5tP5AxHLklQinkLRd.jpg"
6567,7358,"S","thumb_384_6047PWwqAZQDW09zGZvh3JfE.jpg"
6568,7359,"M","thumb_720_5122gx11BTrvJMBG5yV3KZSF.jpg"
6569,7359,"S","thumb_384_7823bWGXlhnN9V1fbE2uwXdV.jpg"
6570,7359,"S","thumb_384_2480CJdABsyFINNglwMFnIJa.jpg"
6571,7359,"S","thumb_384_4886rTF4Lwe63ZKNx4hRZZKa.jpg"
6572,7360,"M","thumb_720_3574jbveflmlDp8IqHZBJHmX.jpg"
6573,7360,"S","thumb_384_8986Zi8LGveHtSDhNnUd0zSu.jpg"
6574,7360,"S","thumb_384_9210Xw1i9lNMCmqzI7hk3akm.jpg"
6575,7360,"S","thumb_384_5385tfEMt6fS7t6WHXBnH45t.jpg"
6576,7361,"M","thumb_720_0010ZFDjBEnY3uevCAdOQWDD.jpg"
6577,7361,"S","thumb_384_03886tKz5usfzuwORO9dJuFf.jpg"
6578,7361,"S","thumb_384_7364ZFr34BFcNkUmcT0hLmAl.jpg"
6579,7361,"S","thumb_384_1348HtdkKKzlw7YUxCEW27hj.jpg"
6580,7362,"M","thumb_720_8771hFTS9VuyY6JjUKbAzukb.jpg"
6581,7362,"S","thumb_384_6397vf0E217bdlwTUmcNp57a.jpg"
6582,7362,"S","thumb_384_6652VQ5MEzP2LdxmAY4dNXqn.jpg"
6583,7362,"S","thumb_384_6653w4reeyrtq1OOkIP3r2xG.jpg"
6584,7363,"M","thumb_720_1017r7Nqu1RdQvxfMlE5uwU7.jpg"
6585,7363,"S","thumb_384_29303TrDLPV7cGGLjdRpTNvm.jpg"
6586,7363,"S","thumb_384_9447eoqa6pk8JXsOSFyLvGGY.jpg"
6587,7363,"S","thumb_384_630369ISjkz1ySWTrBV583fw.jpg"
6588,7364,"M","thumb_720_2905Ub9J02c3TNf0kbBfJ92L.jpg"
6589,7364,"S","thumb_384_4560mArkIkW9kq85AiQkxuk0.jpg"
6590,7364,"S","thumb_384_4236mWbRXmxWMcq0m3cf09kd.jpg"
6591,7364,"S","thumb_384_5621waVvMIN7TrKIGLYrxFVD.jpg"
6592,7365,"M","thumb_720_1828ajETNmZk6mpHlbFKILMX.jpg"
6593,7365,"S","thumb_384_3208qx7ZTHf8CkZt5vZVtKDP.jpg"
6594,7365,"S","thumb_384_47707Mh20k3LscePl7BaQY2v.jpg"
6595,7365,"S","thumb_384_4866Ko0oKjrErKynxnxpVVmJ.jpg"
6596,7368,"M","thumb_720_2670B5QBNNW6vC8MkciXMm5O.jpg"
6597,7368,"S","thumb_384_1397tua9pE842w0BjmCfq3oq.jpg"
6598,7368,"S","thumb_384_5417hfhMfpr6nHNQmt6CEluc.jpg"
6599,7368,"S","thumb_384_1987otyJBdKc9dLyJUhwydn0.jpg"
6600,7369,"M","thumb_720_26042fXn5aABxO0ARtG6EMYf.jpg"
6601,7369,"S","thumb_384_6929CDMKpS02aShcrxQiE3N3.jpg"
6602,7369,"S","thumb_384_4498CWDnQB3xnxpLMYp2prdz.jpg"
6603,7369,"S","thumb_384_6075U41qO1sZ3MJbvzRmS1jU.jpg"
6604,7370,"M","thumb_720_3293GuqNoNIGnQrRcZxbtKX9.jpg"
6605,7370,"S","thumb_384_6141jx5ag7xJiC7emjT9OUiP.jpg"
6606,7370,"S","thumb_384_9052b5PXTrvh0FIa2XtHgwrF.jpg"
6607,7370,"S","thumb_384_2993Av85fZI95FP3EZO6l0M0.jpg"
6608,7372,"M","thumb_720_0649NKP9fvxxasUu1JOFliPQ.jpg"
6609,7372,"S","thumb_384_0903u5dJCGrZRsBHBnlSbBWq.jpg"
6610,7372,"S","thumb_384_523195uSSpT1kayNgBryAPOK.jpg"
6611,7372,"S","thumb_384_73296Vc3wuIQRX9BmPsqNuu7.jpg"
6612,7373,"M","thumb_720_3025YVgVX6aaFzbN2wkmIG0c.jpg"
6613,7373,"S","thumb_384_2481sepmVegBqZOGyd9M4CVw.jpg"
6614,7373,"S","thumb_384_8496aXCMfivS0HhhT0zog25f.jpg"
6615,7373,"S","thumb_384_4407zc6v34pySaauNGlLr79n.jpg"
6616,7375,"M","thumb_720_8074HeobA7BIhhtc1rDoREDc.jpg"
6617,7375,"S","thumb_384_5791iZXQKKekRti5Gu9GDmuo.jpg"
6618,7375,"S","thumb_384_1583zHIoLvSvMD9S2eYhDmz6.jpg"
6619,7375,"S","thumb_384_8776Z0jiPY8M0p2P4O5FMIw7.jpg"
6620,7379,"M","thumb_720_5634dbPXE40SbRBUZNf9gXjc.jpg"
6621,7379,"S","thumb_384_6426Ipjb9l7jPNNxMJFlYhZ6.jpg"
6622,7379,"S","thumb_384_3416SuVXuPo6Q6bfMYaWexaq.jpg"
6623,7379,"S","thumb_384_8181tI3jlYZl06CqouxGRcPi.jpg"
6624,7380,"M","thumb_720_42341Q9KwU2zSNQLqZpsljVO.jpg"
6625,7380,"S","thumb_384_4479fOcsy0b4PnLl0pdcdFMr.jpg"
6626,7380,"S","thumb_384_114757XC1eKn8AWMA2pBMVvs.jpg"
6627,7380,"S","thumb_384_1563BRrwLIoN1dSq095MphWa.jpg"
6628,7381,"M","thumb_720_3134v1S5fTBxN4wW4vAcSpHG.jpg"
6629,7381,"S","thumb_384_5921eWUwKtodVgGXCx4HuCSE.jpg"
6630,7381,"S","thumb_384_4559rkA3KZcYbTdQYN91XOtA.jpg"
6631,7381,"S","thumb_384_0602xduJYDfi2THEn0UXjXYy.jpg"
6632,7382,"M","thumb_720_3742g0xWVnMEWrLgZPAN6d80.jpg"
6633,7382,"S","thumb_384_2973TgpGhVW7VyeKj2K0wLVH.jpg"
6634,7382,"S","thumb_384_59138gTSZb95YpmhFPnilOn5.jpg"
6635,7382,"S","thumb_384_80552hYly57GaLKMpoapoAaB.jpg"
6636,7383,"M","thumb_720_1992BFY1gO5xxCYnRfc5qK4s.jpg"
6637,7383,"S","thumb_384_3350KZEMIcqGV2yax9CWvKtF.jpg"
6638,7383,"S","thumb_384_5987uc8iDCQ4csDwNF5AWptg.jpg"
6639,7383,"S","thumb_384_6161AOpZeQmvbYw73C3wSmdi.jpg"
6640,7384,"M","thumb_720_2541UFhoRHUsdzOp7wynfrK8.jpg"
6641,7384,"S","thumb_384_8336b2gBuJw5gSyKow7A7f0O.jpg"
6642,7384,"S","thumb_384_3330btw2RyT9PowCy8UjFYnE.jpg"
6643,7384,"S","thumb_384_9406nXvQmwrGHPA7ZbftGe7F.jpg"
6644,7385,"M","thumb_720_8974KCEyMqLLm299OJVf5aO8.jpg"
6645,7385,"S","thumb_384_3377HkLk83Zl1jnW8yVe6ZiE.jpg"
6646,7385,"S","thumb_384_4183bMdSGe4f4O5U0woDFrwI.jpg"
6647,7385,"S","thumb_384_2935pXLHYChtlJZtq4vLO80A.jpg"
6648,7386,"M","thumb_720_7642NeHBmVlzKAFiiUCEUFLX.jpg"
6649,7386,"S","thumb_384_9375H2vHONYgyuULoJNnQwkl.jpg"
6650,7386,"S","thumb_384_9169faQpBVyoaHVDew6o42tC.jpg"
6651,7386,"S","thumb_384_6327RDCC4Z69nEjlI0O4G1At.jpg"
6652,7387,"M","thumb_720_4816jg22me50DMS6bqxdNZbt.jpg"
6653,7387,"S","thumb_384_65218Hl5otRMzdCVpO0xP4Qj.jpg"
6654,7387,"S","thumb_384_9468DDlN0Ka0ew4kUamdvIqF.jpg"
6655,7387,"S","thumb_384_22471T6UAIPdVQTVuOpQBF3M.jpg"
6656,7389,"M","thumb_720_8440N3In7sKRSXDfYabQfAil.jpg"
6657,7389,"S","thumb_384_5223x7wMRuhmiKsu943Rk5rO.jpg"
6658,7389,"S","thumb_384_8533GAelcMWPizgy0gt5i0Jn.jpg"
6659,7389,"S","thumb_384_85539RoE336mYDK5ABZJNxsO.jpg"
6660,7390,"M","thumb_720_6209pGgEvL78dfO6lnoIgeMT.jpg"
6661,7390,"S","thumb_384_9929mkGiTo7U24x1jrl7W3bO.jpg"
6662,7390,"S","thumb_384_49322VbXce0da70KnDgUpDvO.jpg"
6663,7390,"S","thumb_384_91527LKsYBen3oBenE1nkOce.jpg"
6664,7391,"M","thumb_720_7622VXgjnMxcayyDWm6TZimf.jpg"
6665,7391,"S","thumb_384_9314MJMoRIBQFxW7HRJgdR4D.jpg"
6666,7391,"S","thumb_384_3561dMojQqQyhJFjZ50G9Ko6.jpg"
6667,7391,"S","thumb_384_7075DW7b1kUp5RthJLPWvWMw.jpg"
6668,7394,"M","thumb_720_9163AM9vPy6anHrblL9h9V6R.jpg"
6669,7394,"S","thumb_384_6993YbQ8CssfTllLKe1GHpg0.jpg"
6670,7394,"S","thumb_384_86431zBN8oF9hSn3MpePiqix.jpg"
6671,7394,"S","thumb_384_5789FvSLNUJaJaVmqyojLnWT.jpg"
6672,7401,"M","noimg.jpg"
6673,7402,"M","thumb_720_6826pZ3FRgUUAeJ8LYES7KdZ.jpg"
6674,7402,"S","thumb_384_27212uxfG7qNeYdQ1S1c7ni3.jpg"
6675,7402,"S","thumb_384_38680vLgrfXyv1kW7a0ODVZv.jpg"
6676,7402,"S","thumb_384_1449Y2nAbwS3LA1mA9aYngpS.jpg"
6677,7403,"M","thumb_720_6584geTC9Kd1p9uWrmwjww6M.jpg"
6678,7403,"S","thumb_384_7617t3lVi3YW2Hj8yyp0FlGw.jpg"
6679,7403,"S","thumb_384_4578PY42Y7ajyMxbeV4mg1qS.jpg"
6680,7403,"S","thumb_384_7226OugwASrBRhtTg0UfpJ0N.jpg"
6681,7404,"M","thumb_720_1825rOEyIAuAoTKoZISjyMeh.jpg"
6682,7404,"S","thumb_384_7481RndAiXzftz3ktyw3qEPt.jpg"
6683,7404,"S","thumb_384_96147bPXrnTI1wyIFkIZ1LRF.jpg"
6684,7404,"S","thumb_384_97734mGCZr8HWP5b5wvzA9Kx.jpg"
6685,7405,"M","thumb_720_8253KdyXx3m0aQRlBEhhQRW0.jpg"
6686,7405,"S","thumb_384_6706pY7GLcsDgpEFEoPSm9CS.jpg"
6687,7405,"S","thumb_384_40405aGjc4bOoTbZ7CICnSB7.jpg"
6688,7405,"S","thumb_384_7922LZPG8ck2yBAdcSp2tqJM.jpg"
6689,7406,"M","thumb_720_1854kVQQ2zYzSzUWrxgYll3z.jpg"
6690,7406,"S","thumb_384_15181iLa46mX5V1i8JQxHglE.jpg"
6691,7406,"S","thumb_384_89497l6lgzu5evSvTpDVty69.jpg"
6692,7406,"S","thumb_384_8369oiOTbIMMyP03MxRZxiT0.jpg"
6693,7407,"M","noimg.jpg"
6694,7408,"M","thumb_720_7536nokbw8XkIotiqjoXDduj.jpg"
6695,7408,"S","thumb_384_4797EN3WndMjKJpTzfkkObVS.jpg"
6696,7408,"S","thumb_384_78114SDlIIMo61SN311GGF6f.jpg"
6697,7408,"S","thumb_384_0967g7VRipEhkNcRdRdpTLdP.jpg"
6698,7409,"M","thumb_720_2155hyODQ5aYwvZWP2OkS6bW.jpg"
6699,7409,"S","thumb_384_7101CJvwzE3qZ4JoqFhGFUcq.jpg"
6700,7409,"S","thumb_384_0035okUIgxNGK7ibTiqqJjSJ.jpg"
6701,7409,"S","thumb_384_2412D13BSHDGlU5mzD7DZTLg.jpg"
6702,7410,"M","thumb_720_87791D2liRmJTPp8SeCmArqo.jpg"
6703,7410,"S","thumb_384_9809s2QrvRnZvm6TAt3uGZ1u.jpg"
6704,7410,"S","thumb_384_0727kHDio6zFr6VhYkcD2Rhm.jpg"
6705,7410,"S","thumb_384_5393HKzbiMdUZUVligmX5Pp2.jpg"
6706,7411,"M","thumb_720_2756IPSD9bmj02poPKDfEhlZ.jpg"
6707,7411,"S","thumb_384_4983Okj7yUFiL64L2dxWsBw6.jpg"
6708,7411,"S","thumb_384_2892YM3iaSe4ioGEMXuW8fmo.jpg"
6709,7411,"S","thumb_384_2777WoTBSLurpAguOKlM2ptr.jpg"
6710,7412,"M","thumb_720_9519cjXnSvMwEjkcztaStx8b.jpg"
6711,7412,"S","thumb_384_5697hlEUDZcsH8lfZkHRH0G4.jpg"
6712,7412,"S","thumb_384_6149g4JKhgscHPC9Vv4YH1GY.jpg"
6713,7412,"S","thumb_384_4045Qbz9k1f42tH8B5WcoXhb.jpg"
6714,7414,"M","noimg.jpg"
6715,7415,"M","thumb_720_6702N3sIODbTXWgA4gbgE86y.jpg"
6716,7415,"S","thumb_384_9168n0X8VNJN8BBtVBarzUeg.jpg"
6717,7415,"S","thumb_384_1601SLDNSCa35ULfkHlJOmHz.jpg"
6718,7415,"S","thumb_384_1405zRDOfQn0RKTbQmid52sE.jpg"
6719,7416,"M","thumb_720_4368pDsB9wSn01yvGpGCFP0e.jpg"
6720,7416,"S","thumb_384_7724NdtgLAH5HU7EgM6Q9X65.jpg"
6721,7416,"S","thumb_384_13568vdbujlvmGgxJ2AuOSMB.jpg"
6722,7416,"S","thumb_384_8049vT7NOfJO0t6zbT3GHJCQ.jpg"
6723,7420,"M","thumb_720_3503xeevaxQafCHOHf02mFGn.jpg"
6724,7420,"S","thumb_384_43719E4x9EIyFKedWO5g9pVk.jpg"
6725,7420,"S","thumb_384_1482n1yuJxIOhNWZaAxBu0Ga.jpg"
6726,7420,"S","thumb_384_3425KlFjDvVkUv4p4CTvFjfs.jpg"
6727,7424,"M","noimg.jpg"
6728,7426,"M","thumb_720_2335Oik3TXqcBuahfa9itfFI.jpg"
6729,7426,"S","thumb_384_6374KIdsKslxz9VkR17QZTvT.jpg"
6730,7426,"S","thumb_384_4073tz0WxQVEFHPc9U6Sw9ex.jpg"
6731,7426,"S","thumb_384_9840UsB45vkmAgPzSyaZd9C0.jpg"
6732,7427,"M","thumb_720_0851TmqxwtmMVGZmLMlNObvZ.jpg"
6733,7428,"M","thumb_720_1413l83gaoI6IShy6fYWZsi4.jpg"
6734,7428,"S","thumb_384_8228ubFroiSmBGyG7Q2gO1eU.jpg"
6735,7428,"S","thumb_384_8372uXdnfKKzS0HIeqbwL2pl.jpg"
6736,7428,"S","thumb_384_6189gnX2FDQJCW9Ijitcw03F.jpg"
6737,7430,"M","thumb_720_5066i0fs7IcAmggDjqf7g26S.jpg"
6738,7430,"S","thumb_384_0112YAsM2JRFNr3WIbk0Zgqx.jpg"
6739,7430,"S","thumb_384_9533d3mJ783EWSosnYsWrNTh.jpg"
6740,7430,"S","thumb_384_2386KBobCpOU4zycoUSGnJaD.jpg"
6741,7431,"M","thumb_720_4225IL0FQG0ZM2n3PptOErPX.jpg"
6742,7431,"S","thumb_384_37766529K9v2Xp6We55Tdpnf.jpg"
6743,7431,"S","thumb_384_2460Cn4CAhua1dUEaynnR4HF.jpg"
6744,7431,"S","thumb_384_7095aWpPPUP7sAui6o2rgrIj.jpg"
6745,7435,"M","thumb_720_3709P0sxVxDlCVEXww2lpE68.jpg"
6746,7435,"S","thumb_384_4899h5XF2hbd7nyWfAY2Dj8b.jpg"
6747,7435,"S","thumb_384_98789eCMeMTQktLs49oX384R.jpg"
6748,7435,"S","thumb_384_7206ZkfF1kImeGPoizQuc2RS.jpg"
6749,7437,"M","thumb_720_8759rM3aqAU3vCSWTQPKPEN1.jpg"
6750,7437,"S","thumb_384_6581CzMe4OQGUqtVARy2GTz4.jpg"
6751,7437,"S","thumb_384_8686kul9I6IWyiZd221SMFL3.jpg"
6752,7437,"S","thumb_384_818040mmm1STyUTW6nuT2kbE.jpg"
6753,7438,"M","thumb_720_5391IHikwZw1KwQpP5KO0cOP.jpg"
6754,7438,"S","thumb_384_4390Vl3vLAtuJpOKowF9KRrT.jpg"
6755,7438,"S","thumb_384_2890f5soY9UbLXIpuJSzwIYd.jpg"
6756,7438,"S","thumb_384_6184jibaI3JcGLW0vGvimM0M.jpg"
6757,7440,"M","noimg.jpg"
6758,7441,"M","noimg.jpg"
6759,7442,"M","thumb_720_3965uDhpsLsmjYP4iZ5eGlQV.jpg"
6760,7442,"S","thumb_384_0441Rm9UBS7x9ogaC5vx27uP.jpg"
6761,7442,"S","thumb_384_01174Ff9x591vydaCCGhWblo.jpg"
6762,7442,"S","thumb_384_8580RllIg8pemeA1ekZ2aWi2.jpg"
6763,7443,"M","thumb_720_7557lqug4NVjAtJ9tWTjBmGv.jpg"
6764,7443,"S","thumb_384_5173rtyR7zeneKq54vYefZVp.jpg"
6765,7443,"S","thumb_384_0260XWfiwlx9GMsPxIZqMeli.jpg"
6766,7443,"S","thumb_384_3537kvmXqJkSiE67AEGt0Hda.jpg"
6767,7444,"M","thumb_720_3828jxS53Ei4drxJTEnfDECr.jpg"
6768,7444,"S","thumb_384_2433qblDSNCnZfPXXMcmpXwG.jpg"
6769,7444,"S","thumb_384_2064m7o705VPOQXuBwjwQC8D.jpg"
6770,7444,"S","thumb_384_39637S5V1sTUQSeeZYIBb0Z1.jpg"
6771,7446,"M","thumb_720_1779JaF9kfOHVVgrw6MekJZA.jpg"
6772,7446,"S","thumb_384_0825bsasfuKoSkStyigVRgJ0.jpg"
6773,7446,"S","thumb_384_7692wMIdpEVmCC3xsmQWkv8L.jpg"
6774,7446,"S","thumb_384_1087T0ypUQtzjTwSw4RQ7K11.jpg"
6775,7447,"M","noimg.jpg"
6776,7453,"M","noimg.jpg"
6777,7457,"M","thumb_720_6850ghiZcogg772itQFkGS6x.jpg"
6778,7457,"S","thumb_384_7067AEQZpFEIB4iZevbNw47i.jpg"
6779,7457,"S","thumb_384_2939lKTtHTLYXnXR1iTIgK4V.jpg"
6780,7457,"S","thumb_384_1650NUWhBTRCTDwhmYUtg6i1.jpg"
6781,7458,"M","thumb_720_4423taL0NGXToadTAza5tE3w.jpg"
6782,7458,"S","thumb_384_73815q4ZZxBL52BLFrSk1odC.jpg"
6783,7458,"S","thumb_384_2217BNEhhoESt3v0BrOK7YnA.jpg"
6784,7458,"S","thumb_384_3290HlxqwsDC9gFQUMqWbE2g.jpg"
6785,7460,"M","thumb_720_2545K59EU2dUasGL7aLStJM5.jpg"
6786,7460,"S","thumb_384_0313pvG91fY3r6RH16Ps2JXy.jpg"
6787,7460,"S","thumb_384_83186baadZRzmZkZQHGh0Yeg.jpg"
6788,7460,"S","thumb_384_6138fnlfXJuuDHdGETarGKiV.jpg"
6789,7461,"M","thumb_720_69992GvATH6nA755QQUpZSiu.jpg"
6790,7461,"S","thumb_384_9844tmKhtM3keIwmDRbUqflH.jpg"
6791,7461,"S","thumb_384_5539Hg9B6RQmd2qndGl4mncI.jpg"
6792,7461,"S","thumb_384_27146PthOElwZpCS9Rx18bBc.jpg"
6793,7464,"M","thumb_720_66843KEOOdLNU0DBJaEvn415.jpg"
6794,7464,"S","thumb_384_6988JC5IC7MQx5a7pvymr7nf.jpg"
6795,7464,"S","thumb_384_0977q4Ux1dbdtvttdpLxmcQ7.jpg"
6796,7464,"S","thumb_384_7389BmYSIBRvURcyOKVFPfOx.jpg"
6797,7465,"M","thumb_720_0368LcHm82XLCqXniRVklOrQ.jpg"
6798,7465,"S","thumb_384_0573rEfMZm4E7DSJvN9wY4jg.jpg"
6799,7465,"S","thumb_384_4098BOMncM30nkrgBRhVlKVY.jpg"
6800,7465,"S","thumb_384_0744wJHOd2W0hz6dNX1WqSM6.jpg"
6801,7466,"M","thumb_720_0762mPMFITpcRDoNSww4AQ9t.jpg"
6802,7466,"S","thumb_384_8152pn0Yh4vgQFdLnjQVdVVg.jpg"
6803,7466,"S","thumb_384_3244UKIrJtmoduouAKXGlbBI.jpg"
6804,7466,"S","thumb_384_8370KQvyrCIBFJCiTe6csC0b.jpg"
6805,7467,"M","thumb_720_3514SJfINqPF91lu9XlHGACZ.jpg"
6806,7467,"S","thumb_384_1527uL1wYLeHRd8gkuF6hP6a.jpg"
6807,7467,"S","thumb_384_0002CH3SoO3TRZFgP99tNFg2.jpg"
6808,7467,"S","thumb_384_8390EXYbTCmoBpgIG5nUliTY.jpg"
6809,7468,"M","thumb_720_101635rCqbiwbpiNfkE4bhBx.jpg"
6810,7468,"S","thumb_384_4943ywuLdF7NygL4uIt8PM5O.jpg"
6811,7468,"S","thumb_384_4346tIfcSWlFET6zImQFUqT3.jpg"
6812,7468,"S","thumb_384_7636woRB0meaXqa4hf3ZlZ6F.jpg"
6813,7469,"M","thumb_720_7868xXntFOSguYa8SgFI1SD6.jpg"
6814,7469,"S","thumb_384_8066kQzzYwTbON1a17uOCBKC.jpg"
6815,7469,"S","thumb_384_6230NO5N0VMD0aUC5ddMEEzV.jpg"
6816,7469,"S","thumb_384_22582IA9o4gWjndj2SCggAW5.jpg"
6817,7470,"M","thumb_720_6695cU4CXSQISmzBJoW77Y0W.jpg"
6818,7470,"S","thumb_384_3278LiYRdNo7I8fYSsWD5a14.jpg"
6819,7470,"S","thumb_384_0122vN973SMO8OQ1gyPPITd5.jpg"
6820,7470,"S","thumb_384_6594JNyqeHNgKoatRh55vX6h.jpg"
6821,7471,"M","noimg.jpg"
6822,7474,"M","thumb_720_1000088abomDDRTt5ZcBWWN5.jpg"
6823,7474,"S","thumb_384_1983pEwKh8QwnHc4wz7j80cM.jpg"
6824,7474,"S","thumb_384_814302rBq8QOSkMYo7O666n8.jpg"
6825,7474,"S","thumb_384_1343ClxlpuktOiKnOh24ueOs.jpg"
6826,7475,"M","thumb_720_3119MT1YxwEpEtYx25DF18os.jpg"
6827,7475,"S","thumb_384_0669WFIOQG8s7plLHGNPWFBe.jpg"
6828,7475,"S","thumb_384_2672YNigY0CIGGQ0edVAsRwv.jpg"
6829,7475,"S","thumb_384_6970rM2kuw5IqySfYmm38Qvs.jpg"
6830,7476,"M","thumb_720_1191mxeszlZxbA0aWkJNd4sQ.jpg"
6831,7476,"S","thumb_384_12993eZbQMA5Ra8Ubw60325T.jpg"
6832,7476,"S","thumb_384_5137KMAPoluwsUTlZd8UVveV.jpg"
6833,7476,"S","thumb_384_3107T6MO1TqAsXMhsNZ1v6a7.jpg"
6834,7477,"M","thumb_720_1827ew7RGCqJn5fL3MzDDJae.jpg"
6835,7477,"S","thumb_384_10178vFxAHNWDoybgRMW5NMm.jpg"
6836,7477,"S","thumb_384_5146A8B7ZLnHGSavchAFckFO.jpg"
6837,7477,"S","thumb_384_7132nsCCSxCAfy4LBaZTLDBy.jpg"
6838,7478,"M","thumb_720_8954xifNUmmS6iabQ8bF8fTL.jpg"
6839,7478,"S","thumb_384_57328JY8JXYrap0z0veVQNoJ.jpg"
6840,7478,"S","thumb_384_26647ajlPPvby4VmVu4MtFEp.jpg"
6841,7478,"S","thumb_384_9989qk7ZKu2f7nwSr0G1DG5H.jpg"
6842,7480,"M","thumb_720_49450EwieMx6OLqjD9Grnhws.jpg"
6843,7480,"S","thumb_384_6523vMHGW9nUBeqGmQTXMOH9.jpg"
6844,7480,"S","thumb_384_7196wjKSSyRsE1I8aMoai9Jm.jpg"
6845,7480,"S","thumb_384_94131ojGAYMRP9AJLtSMpF4i.jpg"
6846,7481,"M","thumb_720_4200dYroW2xSgm1PNyxjdjjW.jpg"
6847,7481,"S","thumb_384_684898OvCNejIe2jvloan20c.jpg"
6848,7481,"S","thumb_384_4210kRrlzjgXUK11Y5HqEq4v.jpg"
6849,7481,"S","thumb_384_4386HMrMcWNNrv7kzN6euYOo.jpg"
6850,7482,"M","thumb_720_9331rzTqy8kkCzchO0aSI27e.jpg"
6851,7482,"S","thumb_384_1287wwsEwSdgRt4DfFU4mB0c.jpg"
6852,7482,"S","thumb_384_1084kfvH5oI2GmP7ovkAiOSk.jpg"
6853,7482,"S","thumb_384_48573QXujSpgkElYlA8aFKfl.jpg"
6854,7483,"M","thumb_720_7817DbObdK4Hm34b2P0Qmjj7.jpg"
6855,7483,"S","thumb_384_4554zSKy6ME2GzufTJSmUHoD.jpg"
6856,7483,"S","thumb_384_3280ewbbMWMJHZtPiYzeWTq4.jpg"
6857,7483,"S","thumb_384_8371FACyvTwLMwthC8L0rFDo.jpg"
6858,7484,"M","noimg.jpg"
6859,7485,"M","thumb_720_7561p1FG5rwbpUjmVkoDn1Z1.jpg"
6860,7485,"S","thumb_384_9081AOc215LzjvQtuk0wSMZO.jpg"
6861,7485,"S","thumb_384_8360YYjiPGR9INhcuzgHSeUZ.jpg"
6862,7485,"S","thumb_384_5313w4n0mn5EmfC5XONeJY8n.jpg"
6863,7486,"M","noimg.jpg"
6864,7488,"M","thumb_720_6755ubLlQ0HpwWRuAGGyETCo.jpg"
6865,7488,"S","thumb_384_2363fEU9J5izcnyXmtHjMeCW.jpg"
6866,7488,"S","thumb_384_2927iuJolwZZsKua1C9OWL5b.jpg"
6867,7488,"S","thumb_384_2197UtW9skolS4mEnuQLZuP2.jpg"
6868,7489,"M","noimg.jpg"
6869,7490,"M","thumb_720_5681s0xueVE8dUXkAyKatEFA.jpg"
6870,7490,"S","thumb_384_0142g4ZV1izvyX6giGo7ySwh.jpg"
6871,7490,"S","thumb_384_8257oiCjGkdF8TDGvd5Y9o5K.jpg"
6872,7490,"S","thumb_384_15304IydMvS7fi57viLm0OXZ.jpg"
6873,7491,"M","thumb_720_4419JpBRUosiCSukigqTYp61.jpg"
6874,7491,"S","thumb_384_5716yEHXgqRJyq1HHDqsso0W.jpg"
6875,7491,"S","thumb_384_7970fyrMmzBAWj8bZhqwjawC.jpg"
6876,7491,"S","thumb_384_6438KiIPWnPhFM9RWmSp1gQm.jpg"
6877,7492,"M","noimg.jpg"
6878,7493,"M","thumb_720_7585psyxzvzY142Qc3YJ9sJk.jpg"
6879,7493,"S","thumb_384_0480JuyZsEYFJVaOvzQPRQTR.jpg"
6880,7493,"S","thumb_384_7169zHJ9iChIADVjqPEkI6UV.jpg"
6881,7493,"S","thumb_384_5297YBcCjOFjJqXh2lGRvYmr.jpg"
6882,7494,"M","thumb_720_6907w1kZy7gVMuOkhxxIcmox.jpg"
6883,7494,"S","thumb_384_1227jE1z7fvjouVe8550xnxY.jpg"
6884,7494,"S","thumb_384_6261Bxu2ETdyI9WbZbpKEuil.jpg"
6885,7494,"S","thumb_384_1529MthGp9LkcUpG7UegSMSi.jpg"
6886,7496,"M","thumb_720_0841VocXzw8RiLhlvpUmL7fN.jpg"
6887,7496,"S","thumb_384_0565YCYYk3dmD3MG4k0zmttc.jpg"
6888,7496,"S","thumb_384_2971SxkGdjFMs0aSAXJhPWoo.jpg"
6889,7496,"S","thumb_384_1494wStmvfGV9aylp1Mdcukn.jpg"
6890,7497,"M","thumb_720_2420GY8L0LC10mMvSv1UsYSJ.jpg"
6891,7497,"S","thumb_384_9254g0LzXZif5CsEcInW61k5.jpg"
6892,7497,"S","thumb_384_6946KSMLPVbH9oO9cPC6kElg.jpg"
6893,7497,"S","thumb_384_04188E7jmO3ssu2UZWIKJniV.jpg"
6894,7498,"M","thumb_720_11368tPYDzEZzZpJ1toUSP8V.jpg"
6895,7498,"S","thumb_384_1054Z9ObL6vuCrNJyMbhvnzk.jpg"
6896,7498,"S","thumb_384_4894QPjlu9NCQP0Kso4ZaE0o.jpg"
6897,7498,"S","thumb_384_59527dywQH2WSgiZpGsbVE7B.jpg"
6898,7499,"M","thumb_720_471965GTnDehsyTLYJHJk5rp.jpg"
6899,7499,"S","thumb_384_6598Ij9VPxhyY3CBZw0Yul3b.jpg"
6900,7499,"S","thumb_384_1587z2GFc4GzbcFOGu9aFG0w.jpg"
6901,7499,"S","thumb_384_5989hVMb7LYvx3Q5LGfOQckL.jpg"
6902,7500,"M","thumb_720_0516UXervpCgsqiNo3rSFom3.jpg"
6903,7500,"S","thumb_384_8096ir6EWNv2BTrVHCpiioKy.jpg"
6904,7500,"S","thumb_384_7422SAV1hKXDToVtRYpw2Vq2.jpg"
6905,7500,"S","thumb_384_6342364bO5dKEGMeMimYDIxL.jpg"
6906,7501,"M","noimg.jpg"
6907,7502,"M","noimg.jpg"
6908,7505,"M","noimg.jpg"
6909,7506,"M","thumb_720_0472W7YeeKOcSubY8UkKlLfX.jpg"
6910,7506,"S","thumb_384_86759kbTxVqnMevJ0b4K8lRI.jpg"
6911,7506,"S","thumb_384_7962PAwh0U2r1h7c65OYMan0.jpg"
6912,7506,"S","thumb_384_3034rmluNwj8SDxqPvj5l9gh.jpg"
6913,7507,"M","thumb_720_1385bIU9mADN30RtIadhT1ti.jpg"
6914,7509,"M","thumb_720_43238PTTDQ0scBthSOld3M3e.jpg"
6915,7509,"S","thumb_384_1417QSdYaiJmJYgt4oKDbstf.jpg"
6916,7509,"S","thumb_384_1457ldtmesJDJExvzhzKmADz.jpg"
6917,7509,"S","thumb_384_5084Ir76yzxmaD4mxxIyDgEy.jpg"
6918,7515,"M","thumb_720_2849Kmdv5moNmVR3tSToqSL6.jpg"
6919,7515,"S","thumb_384_3182K0yGu9CG4FwCH5jvf9KQ.jpg"
6920,7515,"S","thumb_384_5531l6lV2czRtRjkMQC2t2H3.jpg"
6921,7515,"S","thumb_384_9251921HKQjymWg1hRr4Ebra.jpg"
6922,7518,"M","noimg.jpg"
6923,7519,"M","thumb_720_6511Qp9vedFeWrgYw7RfDfCR.jpg"
6924,7519,"S","thumb_384_8898BbzrJ97CGsAf2fgV9xVI.jpg"
6925,7519,"S","thumb_384_4106Yxt4G6xA2zdFooo1DJ86.jpg"
6926,7519,"S","thumb_384_0681HQKLySTD3D0XeTQ9RQLd.jpg"
6927,7520,"M","thumb_720_5996hL3iB5MFg6iD1rzYkDQk.jpg"
6928,7520,"S","thumb_384_2235nLWLDOnT2eTKPD1REByy.jpg"
6929,7520,"S","thumb_384_8858m1oW8i0dzECynlzrqGhW.jpg"
6930,7520,"S","thumb_384_6556XGzvyswQLjXq6GfAPURa.jpg"
6931,7523,"M","noimg.jpg"
6932,7524,"M","noimg.jpg"
6933,7525,"M","thumb_720_9965v7H26WS29WhdKUh0ABoK.jpg"
6934,7525,"S","thumb_384_23405sY6tvRlMO4OBaqsaRo3.jpg"
6935,7525,"S","thumb_384_6649EmjipHfhIjp8Nfbfr0x8.jpg"
6936,7525,"S","thumb_384_5905hSVmFuQ7zqtITaW3pPjH.jpg"
6937,7526,"M","thumb_720_7937Shnnv2A5tcIOPoMkUeql.jpg"
6938,7526,"S","thumb_384_9964P1LbbxKSv9qSRyVZ76aV.jpg"
6939,7526,"S","thumb_384_3052x1Uev1HKnh4Im5SogFOW.jpg"
6940,7526,"S","thumb_384_0535Bfdteha9vU23I5TW3tIs.jpg"
6941,7527,"M","thumb_720_8654eaHQx8dyugdAKrk8sm1t.jpg"
6942,7527,"S","thumb_384_5866zKPnr6Ze3xb4L2EEi8CO.jpg"
6943,7527,"S","thumb_384_6144sEb7qgOZvuuXWqcrnXSh.jpg"
6944,7527,"S","thumb_384_5335xGl0TTgMlRkSrBg7tJVL.jpg"
6945,7528,"M","thumb_720_5440w6nhx7QSgZ6APU1Gg3ZF.jpg"
6946,7528,"S","thumb_384_2088KLL6m4hSXNsqE5fXkBKh.jpg"
6947,7528,"S","thumb_384_2706pNqMCjkNwhRhspStu4Tm.jpg"
6948,7528,"S","thumb_384_6576MEIBJWZuLeotlPBigClu.jpg"
6949,7530,"M","thumb_720_0839hn04k9gT3l0gBSm0pOxr.jpg"
6950,7530,"S","thumb_384_9807dbZsOc9PviSvrNSImq06.jpg"
6951,7530,"S","thumb_384_4503Tjc3Ajor4ON2geoowCaW.jpg"
6952,7530,"S","thumb_384_8392BaJpgYsKjzdZWdEGocOA.jpg"
6953,7531,"M","noimg.jpg"
6954,7532,"M","thumb_720_7051IqVie8FpczOij3ZKF7oH.jpg"
6955,7532,"S","thumb_384_5172xSRREI5oN125waZCbuKb.jpg"
6956,7532,"S","thumb_384_2129TxsykiNCT8OV2A6KkIPZ.jpg"
6957,7532,"S","thumb_384_42299vT5BmqE6Hrx78B1twmu.jpeg"
6958,7533,"M","thumb_720_9738D3FsN2DKTIoVElsl8P8e.jpg"
6959,7533,"S","thumb_384_4394hJK4mvUPW5zy8wL13sk9.jpg"
6960,7533,"S","thumb_384_7931hsAqcWhMgUjtwivsnp78.jpg"
6961,7533,"S","thumb_384_0003FyC5s10fqT878Ajq4UFl.jpg"
6962,7535,"M","thumb_720_0635kwC7vLI9ZnJczUTn0ng5.jpg"
6963,7535,"S","thumb_384_7248CjBc0wzpjL4UJxdPxDGE.jpg"
6964,7535,"S","thumb_384_1990RfL6DHpVBHYV7A18101f.jpg"
6965,7535,"S","thumb_384_3346hZUUVQ2U6qazpODihh5D.jpg"
6966,7536,"M","thumb_720_4266nUD1rKpmHBXxZz0saDT6.jpg"
6967,7536,"S","thumb_384_65986ijWTgA0yYjNMzl0M85R.jpg"
6968,7536,"S","thumb_384_3560UoIbn9OKSfSX8mK47ycU.jpg"
6969,7536,"S","thumb_384_6137BPKJJbIBjD1oRVX4bab6.jpg"
6970,7537,"M","thumb_720_5829tjeBhMKUhsh3FK07Xooo.jpg"
6971,7537,"S","thumb_384_0572EzWQo9VXtw3sdUSaIKqw.jpg"
6972,7537,"S","thumb_384_0394tO4aHlf9EFj5nEk0nKB3.jpg"
6973,7537,"S","thumb_384_21397nLKYPYaJqIKJPye9uqz.jpg"
6974,7538,"M","thumb_720_78228fVWq9gRfKdPM53FYtxy.jpg"
6975,7538,"S","thumb_384_8145n03cMsOvHmqS3O7YMeUH.jpg"
6976,7538,"S","thumb_384_1794x1racsMlPkZSO4ScdRtX.jpg"
6977,7538,"S","thumb_384_3834KxEFEPI06pFOzyNFxNGN.jpg"
6978,7539,"M","thumb_720_9159h8K4f6qfla8DkFIFAWBX.jpg"
6979,7539,"S","thumb_384_4438aSEc6HWZDzevm5o3mEpg.jpg"
6980,7539,"S","thumb_384_4719zO4ZOOywQfjqogrJ7oNx.jpg"
6981,7539,"S","thumb_384_2797MFWoKfShUtnHCrrZFsoX.jpg"
6982,7540,"M","thumb_720_0768Ee9veIa4xdyzk5pGDdQR.jpg"
6983,7540,"S","thumb_384_1824yrnblxBz3kuwe6AyaDAw.jpg"
6984,7540,"S","thumb_384_1672JqVAu0eKfuy246RFVTUi.jpg"
6985,7540,"S","thumb_384_6609aJud7Og0Jbni0Ynf0AOf.jpg"
6986,7541,"M","thumb_720_7984x9A8RoY88l4UyJJJdTnA.jpg"
6987,7541,"S","thumb_384_8722eIKaShFZ7BDWAS0K3pFS.jpg"
6988,7541,"S","thumb_384_11342jxbdVsog8Dw0zFLKm5a.jpg"
6989,7541,"S","thumb_384_9190Ovjhgv202UDsQnfvZdAn.jpg"
6990,7542,"M","thumb_720_0567FnCYvG7SfHK3NwgqD7br.jpg"
6991,7542,"S","thumb_384_758698ki0DdsQUDmwShzAONP.jpg"
6992,7542,"S","thumb_384_766387Uc89tq4ThU7uqU3QQS.jpg"
6993,7542,"S","thumb_384_41004NQOKq0BozRQshpGEIaV.jpg"
6994,7543,"M","thumb_720_9430pRry9glo9oCARtX9S1ss.jpg"
6995,7543,"S","thumb_384_4429GHJDUdEec1ErGeVLEm7n.jpg"
6996,7543,"S","thumb_384_1533ol8JMw065yOt22YAlm4V.jpg"
6997,7543,"S","thumb_384_2386OryCNQJ3CUbO6C3GTY50.jpg"
6998,7544,"M","thumb_720_53632zAqDhrYkAAlsaCgFEdj.jpg"
6999,7544,"S","thumb_384_6322D3R9NXozQ5VJf8cV53n0.jpg"
7000,7544,"S","thumb_384_6077YH2fRO2Y75cHd0RS8Lin.jpg"
7001,7544,"S","thumb_384_17659nI5Pdno2PtGEhdFMXKO.jpg"
7002,7545,"M","thumb_720_5486jYPQo16VQWI20ar14Loy.jpg"
7003,7545,"S","thumb_384_08612mamiV1ko6Lx52e8My8f.jpg"
7004,7545,"S","thumb_384_4059GdUjUQAGnUxNsyI5wtw7.jpg"
7005,7545,"S","thumb_384_41963nDtOqhql6Tj4uv4ryXz.jpg"
7006,7547,"M","thumb_720_6127lLRmf2xyuCila9cGvLFr.jpg"
7007,7547,"S","thumb_384_37646uN8dYSLfqs46Bxzsq6o.jpg"
7008,7547,"S","thumb_384_2510HrKCRZgSQZdU5B6az3XO.jpg"
7009,7547,"S","thumb_384_6113GMGr0wMpCv7VC5O9M7Ds.jpg"
7010,7548,"M","thumb_720_81444kuTdi4nyqO2Hr45M3Mt.jpg"
7011,7548,"S","thumb_384_9677RgCyUZP3wKv4uwuK7qhS.jpg"
7012,7548,"S","thumb_384_9702D5eVC6DR6LqI7opNtdl1.jpg"
7013,7548,"S","thumb_384_5856dwmkSDhfYeeRpz7r6VNr.jpg"
7014,7549,"M","noimg.jpg"
7015,7550,"M","thumb_720_5708HKhlwWtv9jI3Q5wfP4ST.jpg"
7016,7550,"S","thumb_384_3631HnxBQlKBim89iaQihDbz.jpg"
7017,7550,"S","thumb_384_8959vJoFLiPAeKGuVXk5Zobp.jpg"
7018,7550,"S","thumb_384_2868TeIIeaUG0YrsgVD232yf.jpg"
7019,7551,"M","thumb_720_4892OlKAvUmlzFhtiP2MObaN.jpg"
7020,7551,"S","thumb_384_0887XukiI2t1BFNuc0py9ekW.jpg"
7021,7551,"S","thumb_384_0097fA20tqIeDCvMmXlmvr3x.jpg"
7022,7551,"S","thumb_384_3462dqizpvYmcTENdAZioBme.jpg"
7023,7552,"M","noimg.jpg"
7024,7554,"M","noimg.jpg"
7025,7556,"M","thumb_720_1110jHXkVJit5Ipp3Rw0lx4Z.jpg"
7026,7556,"S","thumb_384_5711bydxjUaaEWZ3mEzUcEZd.jpg"
7027,7556,"S","thumb_384_8322gZdip6kfjX66zazZtIJR.jpg"
7028,7556,"S","thumb_384_9355w3Xvo86eGPm7kLfDQws9.jpg"
7029,7557,"M","thumb_720_55453i1VEwvA6y4wfUx5iGYB.jpg"
7030,7557,"S","thumb_384_4933MW69f1D8tvUAy4gjOBlL.jpg"
7031,7557,"S","thumb_384_15117USr5TNJJbuJa19r0dwx.jpg"
7032,7557,"S","thumb_384_2820szTJGkypnu1FKrW0QEH2.jpg"
7033,7558,"M","thumb_720_5148YEBT5lydNET8lQ4iz4Qa.jpg"
7034,7558,"S","thumb_384_5273YvnqlT8F2nPfdp1LkVHO.jpg"
7035,7558,"S","thumb_384_1333d6f8a2B2m2gRzRd1fAdl.jpg"
7036,7558,"S","thumb_384_09943k82xQZUHie4LygtHmCK.jpg"
7037,7559,"M","thumb_720_0676rUPZrrNPgHPgsVn8T0yj.jpg"
7038,7559,"S","thumb_384_1416v08i0tB4gIvVX9xuv5UZ.jpg"
7039,7559,"S","thumb_384_3850rFvAXqTDgKpuAEZdQlhM.jpg"
7040,7559,"S","thumb_384_7983XmDTB8h30m0pO0up7EPt.jpg"
7041,7560,"M","thumb_720_04717Q0CsSEILPKjEiyrjpvD.jpg"
7042,7560,"S","thumb_384_1720rBbfAUE3lSc8U7AbAYmS.jpg"
7043,7560,"S","thumb_384_35368lnFdd579q83ZKCwCd9F.jpg"
7044,7560,"S","thumb_384_2635YjGXihoVKpgeem990IpC.jpg"
7045,7561,"M","thumb_720_8787Mp6FrOMIdBwHnCc2QIk5.jpg"
7046,7561,"S","thumb_384_2617LVw67lDWF87oZVeVFXnE.jpg"
7047,7561,"S","thumb_384_9709uJeLd0Y74z94gRI3uicz.jpg"
7048,7561,"S","thumb_384_2702VRp0rJFYvwnpUDp81Kug.jpg"
7049,7562,"M","thumb_720_34460fbnJXaK0xnouuCEmMdX.jpg"
7050,7562,"S","thumb_384_3679uUbgL28TrWm8Mzt8eZug.jpg"
7051,7562,"S","thumb_384_5102aLHdeuHnmECc6PLRg1cV.jpg"
7052,7562,"S","thumb_384_7952Fwe0dsuhlmUCqewG5bHW.jpg"
7053,7563,"M","thumb_720_2651vRUWyWpqv4QXPgzDmwYX.jpg"
7054,7563,"S","thumb_384_58885wRTfCV9ffbE7cSwvet8.jpg"
7055,7563,"S","thumb_384_3725fSutJZTsksiyuQFz3Yqw.jpg"
7056,7563,"S","thumb_384_3813uurs3lYB2GkgbCUy2dJV.jpg"
7057,7564,"M","thumb_720_1198rSD4y02z21lHXGI0XLdd.jpg"
7058,7564,"S","thumb_384_0799K8AYBJwqgv0CCbNeqKI9.jpg"
7059,7564,"S","thumb_384_2284tbnautOpr0QcMgOxilOG.jpg"
7060,7564,"S","thumb_384_7136bI3wRKBUq55M4a3KJ8uA.jpg"
7061,7565,"M","thumb_720_8477VRNheaUMUBWw5FaVdToA.jpg"
7062,7565,"S","thumb_384_4734fWYb1QehEUWEqc2Z1ndo.jpg"
7063,7565,"S","thumb_384_2669bOMYFsWhUdsp0TWLymya.jpg"
7064,7565,"S","thumb_384_50980yJKRnP70JPe5ll43oxj.jpg"
7065,7566,"M","thumb_720_4835DJxwUtvmBP4CCWWcaXZC.jpg"
7066,7566,"S","thumb_384_0181GwqTk9M5DDE5yfugH0jr.jpg"
7067,7566,"S","thumb_384_0007sfpirU6POhFUECV3GVUW.jpg"
7068,7566,"S","thumb_384_1106iSWfzKLTxKe7fUVDsyPv.jpg"
7069,7567,"M","thumb_720_9768SrCZBbXZuUPm3ThDrnru.jpg"
7070,7567,"S","thumb_384_4808b9FmF2tAsTciBP9ojWjd.jpg"
7071,7567,"S","thumb_384_0419kwXFsi3YTpJYgZkiSwLN.jpg"
7072,7567,"S","thumb_384_32063yprdciB7X0OTKbemUPJ.jpg"
7073,7568,"M","thumb_720_0130nuP48PMMi3P5USO09gaH.jpg"
7074,7568,"S","thumb_384_56453xMSpb6TvJ2Bi8cB6zCI.jpg"
7075,7568,"S","thumb_384_7849XE0PoIU6P5U9N36NV1aH.jpg"
7076,7568,"S","thumb_384_6713eCB0VGMcpym468win2Sn.jpg"
7077,7569,"M","thumb_720_45571uE41QD7vpdJVdRqYBiC.jpg"
7078,7569,"S","thumb_384_48979Cr81Q4KE1ARmo2QMhdS.jpg"
7079,7569,"S","thumb_384_5727FSEtnXJh9SluX2CUWBHU.jpg"
7080,7569,"S","thumb_384_8291LRppDqA4t0OSHSU5yJws.jpg"
7081,7570,"M","thumb_720_8149R55LqQfznpT9Sm4Szu6E.jpg"
7082,7570,"S","thumb_384_1570ktOH7jgqgesKlpPgIqKx.jpg"
7083,7570,"S","thumb_384_4417CE7EPbF5nhrY2Hmc7wCZ.jpg"
7084,7570,"S","thumb_384_2439QtQVVEFwfWTMU9jblIDc.jpg"
7085,7571,"M","thumb_720_11277uDTO0XThKKpP6Lk4mhu.jpg"
7086,7571,"S","thumb_384_8402ESXV6faIvMIOx4UnWl9Z.jpg"
7087,7571,"S","thumb_384_1038dxCbvNUOsJTeyJHqhhKA.jpg"
7088,7571,"S","thumb_384_813933zSyBouL4eg5pMlDouF.jpg"
7089,7572,"M","noimg.jpg"
7090,7573,"M","thumb_720_04419MfdLYdL5DjdW7KHeNSH.jpg"
7091,7573,"S","thumb_384_42572EGMB6OsXU9gVGpfLdn0.jpg"
7092,7573,"S","thumb_384_3925NsOt11zKTNDybWXDta90.jpg"
7093,7573,"S","thumb_384_9701KPVgS8jUyIB8gZkis83I.jpg"
7094,7574,"M","thumb_720_5476oqlHnwXJBZVui0d8k9hK.jpg"
7095,7574,"S","thumb_384_2722Mp55SdalgXTVcMqz864R.jpg"
7096,7574,"S","thumb_384_2438eG5SrXzx4NGKFaVuEOyJ.jpg"
7097,7574,"S","thumb_384_7115KAaeFY9Rv8EOCAerpxhW.jpg"
7098,7575,"M","thumb_720_5093FWLeuNgisCZfd1XShP50.jpg"
7099,7575,"S","thumb_384_8305nZy6xa3n2epwaIEnA6FC.jpg"
7100,7575,"S","thumb_384_8909tx2fMg1W1hhTRCqkwm6V.jpg"
7101,7575,"S","thumb_384_9888DFIKOODjNE2kliACYUaH.jpg"
7102,7576,"M","thumb_720_4276Uiq4UvDIxeSww46Z0m4M.jpg"
7103,7576,"S","thumb_384_6479HHUiil0HKLad45HFUpyV.jpg"
7104,7576,"S","thumb_384_6475pRnhIKjhyTYuxVY55JOE.jpg"
7105,7576,"S","thumb_384_1397XcskpM6n9o4kk6zWsM6e.jpg"
7106,7577,"M","thumb_720_9969d7x1k2lLPJxu2WvVJdG6.jpg"
7107,7577,"S","thumb_384_4921EuYd3USlIK9me6rXeI4o.jpg"
7108,7577,"S","thumb_384_2716djt0m5WeeUZJBKIjgVMg.jpg"
7109,7577,"S","thumb_384_4838trSkRrcZy7fUEvxmJg30.jpg"
7110,7578,"M","thumb_720_2015TEQ0Jj81ZPlNg0QlXjCu.jpg"
7111,7578,"S","thumb_384_6508bVESQN0VaCyAbScc37Ve.jpg"
7112,7578,"S","thumb_384_7804BRw2I5hufITe0T0lL6d3.jpg"
7113,7578,"S","thumb_384_7227ePnbC0HajdMYOEgHrWVy.jpg"
7114,7580,"M","thumb_720_5975JeHqg6pXZzMF9dBRdsGO.jpg"
7115,7580,"S","thumb_384_69081ZuCtsoXfIvSYriSAoNd.jpg"
7116,7580,"S","thumb_384_7686knZLDUh0v2v1c4u8KtW3.jpg"
7117,7580,"S","thumb_384_3952ZIkPZURyBZlXWTUMDcUi.jpg"
7118,7581,"M","thumb_720_3934iy9soZn6rZblQfJrjb6P.jpg"
7119,7581,"S","thumb_384_4775m8sjVEsKkYYYr0bmIEOB.jpg"
7120,7581,"S","thumb_384_62011PkHFCCQWK5FsSXIRkvj.jpg"
7121,7581,"S","thumb_384_6693RFcD7nKgBn7ogiH3zKk0.jpg"
7122,7583,"M","thumb_720_46213hZCN2IP0oK1LEHwjYqt.jpg"
7123,7583,"S","thumb_384_2964nucCytnariaq4zSfiJ1E.jpg"
7124,7583,"S","thumb_384_25741LwuRzNr1vNrQmjh4p5i.jpg"
7125,7583,"S","thumb_384_7751DweoDLn0Uplp3TFc4ZrZ.jpg"
7126,7584,"M","thumb_720_3858esZEtaP2BqZWOWhPQtSv.jpg"
7127,7584,"S","thumb_384_88466tMg0O4bur8lWxcaWmKy.jpg"
7128,7584,"S","thumb_384_6896CrM2WiSnQzCxKXwSbOpx.jpg"
7129,7584,"S","thumb_384_2927KltgNjdCjLOGN43B4BVv.jpg"
7130,7585,"M","thumb_720_9495e06bubZbmFNQshZxltTZ.jpg"
7131,7585,"S","thumb_384_3633uqToDVzOnByH0oNLmsEB.jpg"
7132,7585,"S","thumb_384_9684RFatVh2mjbzOJfwk1CrF.jpg"
7133,7585,"S","thumb_384_1105sp9QRQyOiYYiLfBuRj21.jpg"
7134,7586,"M","thumb_720_7240LLrMxjGrYqz8WjePhE3e.jpg"
7135,7586,"S","thumb_384_0493yldqVqAEC06SRIGmtbna.jpg"
7136,7586,"S","thumb_384_50541vdGvWsaA0NVCf9dPLzR.jpg"
7137,7586,"S","thumb_384_2093mLoosyZGTFeU5xhfpMVf.jpg"
7138,7587,"M","thumb_720_7691FGXoYR1k6pt5dLsHfcoL.jpg"
7139,7587,"S","thumb_384_0374F3uupwIF4xgx8VlOgHss.jpg"
7140,7587,"S","thumb_384_7959q36TvTT6Uu2ay0n3OYdu.jpg"
7141,7587,"S","thumb_384_0933jvI9HfLaSZZz36uDTVV6.jpg"
7142,7588,"M","thumb_720_4273zkWCU9l50hsvQVciVRs4.jpg"
7143,7588,"S","thumb_384_9110As0OcLhJmrE4npfSc9e6.jpg"
7144,7588,"S","thumb_384_0006BEEyYQHAVW2W6HxkLYcR.jpg"
7145,7588,"S","thumb_384_2140KNyKqLxNlO8126ceYV5t.jpg"
7146,7589,"M","thumb_720_5795s6RchrH7BnUr3Cfor84k.jpg"
7147,7589,"S","thumb_384_5080CxFGVrgwojsPIOrc3fRo.jpg"
7148,7589,"S","thumb_384_7691nJMULaQvZNxwfFIG1dKT.jpg"
7149,7589,"S","thumb_384_54771gMVSyIiHwCrVbbg4sDG.jpg"
7150,7590,"M","thumb_720_8522UbXZka09C9qVEU6lzFPR.jpg"
7151,7590,"S","thumb_384_4212H3ziiy1tstPnLrOxHOwB.jpg"
7152,7590,"S","thumb_384_9514OV3OUDaieEaoUmnffzOq.jpg"
7153,7590,"S","thumb_384_5824y7oRXAEn8lxwocVuzRAY.jpg"
7154,7591,"M","thumb_720_0707dMqJFvELLLg254MYBaSW.jpg"
7155,7591,"S","thumb_384_9650YEluyOqbBpnYuGXGjphl.jpg"
7156,7591,"S","thumb_384_4174a9SHEOSmNFlggbAcRRs3.jpg"
7157,7591,"S","thumb_384_4506rLnOVdcQ5qEu0q5n8DzF.jpg"
7158,7593,"M","thumb_720_5725cX2x2jP0gBRJ5CJHQSAe.jpg"
7159,7593,"S","thumb_384_6167bKR3pQzUZGP0ubeoMFGK.jpg"
7160,7593,"S","thumb_384_6374f9LGBXg7mqDl0NfZGfEF.jpg"
7161,7593,"S","thumb_384_6542lIX620DlRzSZW5B3q3vQ.jpg"
7162,7594,"M","thumb_720_1526puqbAogAutYjTYApNLJE.jpg"
7163,7594,"S","thumb_384_24501F9G8aLqlXlPlSddLcqh.jpg"
7164,7594,"S","thumb_384_6944pbGuI6fFTkMfBBySO6aN.jpg"
7165,7594,"S","thumb_384_5095oan59UFTAITO06p611gX.jpg"
7166,7595,"M","thumb_720_2595D57CW0Y2hwgVWqQNKdlO.jpg"
7167,7595,"S","thumb_384_4811EOcdWREjTxyIngoeTt1p.jpg"
7168,7595,"S","thumb_384_7026Do4Vv8yxz0p74BPPIIjf.jpg"
7169,7595,"S","thumb_384_4902cWmgUrNT852QRxbe5uwv.jpg"
7170,7596,"M","thumb_720_1991lGxeiIOoLHQpwcrXYXrj.jpg"
7171,7596,"S","thumb_384_1191Evxd3ybbERevE7KFXnbf.jpg"
7172,7596,"S","thumb_384_1852XFBaduw5zAeUkCvHJZBU.jpg"
7173,7596,"S","thumb_384_9209czDqekG8u3lKRNhGmJQ4.jpg"
7174,7597,"M","thumb_720_5333C95stISi9J0i5QjjChqv.jpg"
7175,7598,"M","thumb_720_4182mZQ4UEerV3lEredG3EM0.jpg"
7176,7598,"S","thumb_384_2936kOsGpzjGE2MSpEBzoTCv.jpg"
7177,7598,"S","thumb_384_0869B3YNeQMsYnf9xFNxmqaQ.jpg"
7178,7598,"S","thumb_384_1910ShHkTckfkAIX40Xr5c5v.jpg"
7179,7599,"M","thumb_720_3307pZYFECRaGRaRIyDYwLff.jpg"
7180,7599,"S","thumb_384_1533TpsRzUwS2oWzisKxN7NT.jpg"
7181,7599,"S","thumb_384_8853QABPVzZh4ebfRi5msLVg.jpg"
7182,7599,"S","thumb_384_5192FcOO1lxRpKWO1B9ThXOh.jpg"
7183,7600,"M","thumb_720_8119agU53UX2hn1jtZ6UBuhl.jpg"
7184,7600,"S","thumb_384_7138Sjaakzgpzp2boIAShvmD.jpg"
7185,7600,"S","thumb_384_5031THWK0LfNrAYSBUmV8v7D.jpg"
7186,7600,"S","thumb_384_58638K9kobUuIjSepM9JKDFT.jpg"
7187,7601,"M","noimg.jpg"
7188,7602,"M","thumb_720_5464UyXTQ4a5mSJ4Nk57dg8j.jpg"
7189,7602,"S","thumb_384_1014wLkNqpFCazv3K4Qg36n9.jpg"
7190,7602,"S","thumb_384_413167QgCrCoIE1AVFhIMCKG.jpg"
7191,7602,"S","thumb_384_6429FtsX72Sx5sSb5BUYRqyn.jpg"
7192,7603,"M","thumb_720_7502JHuT0TQ37J0btRUGUVt6.jpg"
7193,7603,"S","thumb_384_8889hFy92QlbtXkDRKSpE5NM.jpg"
7194,7603,"S","thumb_384_9951aXeWBicqomR75BduUE6Q.jpg"
7195,7603,"S","thumb_384_5664MBeLD7UiE3DX5xDdTxbs.jpg"
7196,7604,"M","thumb_720_3230yReCTfslO5aUHZNoUE6e.jpg"
7197,7604,"S","thumb_384_2949F3rTZQ7AfZDqfimGBxYd.jpg"
7198,7604,"S","thumb_384_3562f0qntWDMVqfkUjYEslrt.jpg"
7199,7604,"S","thumb_384_0207TVeoQnn3PAfWJpu0A41c.jpg"
7200,7605,"M","thumb_720_9246ASEUAOwFf7nsytjQDpTB.jpg"
7201,7605,"S","thumb_384_1621tyqXzWJMPPQ9aQ234BiH.jpg"
7202,7605,"S","thumb_384_2861gGkq7sf0Ito6uwgIpW0a.jpg"
7203,7605,"S","thumb_384_7066OImXc9iXKgfdYxxRuZDn.jpg"
7204,7606,"M","thumb_720_7706grziF0Kvba6egf76QO5B.jpg"
7205,7606,"S","thumb_384_9844O4aDfAFz7w1nbTRD4PC7.jpg"
7206,7606,"S","thumb_384_0435GH0rnfKy6qUqlyWlPSZp.jpg"
7207,7606,"S","thumb_384_9549s8AXgwjGETdEhv3WLL7i.jpg"
7208,7607,"M","thumb_720_3522Bo0kdQfKGCh2F499IZEn.jpg"
7209,7607,"S","thumb_384_5027ldzXvcAz6nHEyJBZZnhi.jpg"
7210,7607,"S","thumb_384_2161j7rQOLOglyGm3qDQgVLT.jpg"
7211,7607,"S","thumb_384_8688gEwfNxdBCd4acgWf4vJW.jpg"
7212,7608,"M","thumb_720_3030Q2OKIWQsQN6eC14wp6nG.jpg"
7213,7608,"S","thumb_384_1433xSTg2wmrxIZ83bDWcw2f.jpg"
7214,7608,"S","thumb_384_4138WAAzvLtHj3vH8z02WpRO.jpg"
7215,7608,"S","thumb_384_8926e3TEDlGd6yKS1Z2kuP3T.jpg"
7216,7611,"M","thumb_720_1184WO7tcK9CNBhUnjxyurJH.jpg"
7217,7611,"S","thumb_384_4260PgPNmjWkx8KGdIcRB24e.jpg"
7218,7611,"S","thumb_384_2305gVm3w2zUPqZsarPkHJZV.jpg"
7219,7611,"S","thumb_384_8964FfypjXV1lw42TJBmiyms.jpg"
7220,7612,"M","thumb_720_0952zl3BqufGwjbb7jCy6uQ5.jpg"
7221,7612,"S","thumb_384_8146C45c3Cvdt2T7zrToboUn.jpg"
7222,7612,"S","thumb_384_53556bnrDzEEJic7B2idjHM8.jpg"
7223,7612,"S","thumb_384_1579ITDci6B6xjdPJSlQP8bX.jpg"
7224,7613,"M","thumb_720_3990cEPR1jta6ARGGlY4j9Te.jpg"
7225,7613,"S","thumb_384_2725ZKUSty3kB5lGAp62CuJJ.jpg"
7226,7613,"S","thumb_384_4290ntvNkXIchaP42jPXxbbE.jpg"
7227,7613,"S","thumb_384_9340vdq65sCA0MTqLM0Vi0qQ.jpg"
7228,7614,"M","noimg.jpg"
7229,7616,"M","thumb_720_92102C6JsfL7f1kIO8VObhtv.jpg"
7230,7616,"S","thumb_384_4333SZe4JOmMH69tW1t4xJRH.jpg"
7231,7616,"S","thumb_384_7495Vg97Vz145hbGD8nkePmP.jpg"
7232,7616,"S","thumb_384_2419Yg1JsGxicpgXWNQuzZkO.jpg"
7233,7617,"M","thumb_720_6004TJHRtSivi5GTF5puIWL3.jpg"
7234,7617,"S","thumb_384_6899TWIvqYpwLfxDJp6fQKmC.jpg"
7235,7617,"S","thumb_384_1700I5UdKS3J4FbzwG4OjLqd.jpg"
7236,7617,"S","thumb_384_0278SUBZjTcbBjRZEXR6YjJq.jpg"
7237,7621,"M","thumb_720_74458FGaIagbryCBHntVCjWw.jpg"
7238,7621,"S","thumb_384_15991vZBKmW8hknI24r9Qod2.jpg"
7239,7621,"S","thumb_384_6361mFgG5KQ1nQdrmOOAYzGx.jpg"
7240,7621,"S","thumb_384_6685fmxD1UxHZH5SaOwciHJe.jpg"
7241,7625,"M","thumb_720_6523Rw5XVIoY5ukLk7tkEG3D.jpg"
7242,7625,"S","thumb_384_4034kgW1hMtcQIqnI7TcIN3e.jpg"
7243,7625,"S","thumb_384_6671pP04kGu4Q8X46Hwhjirl.jpg"
7244,7625,"S","thumb_384_6691ggPf1FsymhG7RKb6SU43.jpg"
7245,7626,"M","thumb_720_9106zbU28cbwFPuwg1uj6eVC.jpg"
7246,7626,"S","thumb_384_7223mCIxx37LZYfFVUdkHelQ.jpg"
7247,7626,"S","thumb_384_6858UZmPuu8K6geR8D6A2MrL.jpg"
7248,7626,"S","thumb_384_1245pMOfOY1ivzeXnSed8fsD.jpg"
7249,7627,"M","thumb_720_8396efSRGvTQKTecGIzn7dTl.jpg"
7250,7627,"S","thumb_384_2212cGAgRy4kJn2cY37N8XFY.jpg"
7251,7627,"S","thumb_384_45958QFosvmBeHyJw5tb5mV9.jpg"
7252,7627,"S","thumb_384_6165KlbSyb0XsLHuuzj3wC7j.jpg"
7253,7628,"M","thumb_720_8254xHz7k2KfHKSsFECIAYeW.jpg"
7254,7628,"S","thumb_384_6487uZ1RfFh4DOci9RoubVYA.jpg"
7255,7628,"S","thumb_384_1931gHm6uEGqdwMzs2RcE52z.jpg"
7256,7628,"S","thumb_384_7422Iu3T4rmoDRicTyQUuEIX.jpg"
7257,7629,"M","thumb_720_6589LNayZjmkekfjwugyWNQT.jpg"
7258,7629,"S","thumb_384_3550NuYF5xqlEfRN1hHNx4R4.jpg"
7259,7629,"S","thumb_384_4500cgtK4oPZPZubFpr95iRg.jpg"
7260,7629,"S","thumb_384_6741J2l9UfeGhjBzJpTfCnVt.jpg"
7261,7630,"M","thumb_720_8573FgID8HQ90pPk5FhkPQP4.jpg"
7262,7630,"S","thumb_384_23121MkJOxW0H454Y0FN05z8.jpg"
7263,7630,"S","thumb_384_0899dBtC0hMP1JOtrtIb8G52.jpg"
7264,7630,"S","thumb_384_0983EFY8F0VlA14WiNGH4QJ7.jpg"
7265,7631,"M","thumb_720_07691FOM2gGRbJBImyU0KLiH.jpg"
7266,7631,"S","thumb_384_6975b7Iy860OMN8vA5qB6tw3.jpg"
7267,7631,"S","thumb_384_7908MprijDH1sTnYIohxWVMK.jpg"
7268,7631,"S","thumb_384_0341ghDkAI5UcOVldcpPLyGG.jpg"
7269,7632,"M","thumb_720_9229CkKwuArb7qiE62qkj7eZ.jpg"
7270,7632,"S","thumb_384_1954MwcEomzEjonWzKHaDfq7.jpg"
7271,7632,"S","thumb_384_2869bhFH8TxtKKOd4xLmHlAq.jpg"
7272,7632,"S","thumb_384_9121ERqb2zRLjLsyIY4axqoA.jpg"
7273,7633,"M","thumb_720_8028Iq8oIQYR1SQMhsd1Tna5.jpg"
7274,7633,"S","thumb_384_3528WgNi4eVzIcybK3wOAUDW.jpg"
7275,7633,"S","thumb_384_4162EdYQpxEpjqTMlLpplFle.jpg"
7276,7633,"S","thumb_384_2677cm2RKr5wC93mvd9CcxQC.jpg"
7277,7634,"M","thumb_720_78907qD8EIBcn4Cz7RTHug5h.jpg"
7278,7634,"S","thumb_384_7738H8a3yKIbL9Kcbqk8HwIa.jpg"
7279,7634,"S","thumb_384_9350hqvxIYV7iWjCrlq9Mmfa.jpg"
7280,7634,"S","thumb_384_3329cICMcpi2AbMREsKg6A9j.jpg"
7281,7635,"M","thumb_720_3686hrSi0AhEPk2vQMgJ20ao.jpg"
7282,7635,"S","thumb_384_2509pw7FzmrHc3xDyGthDDbj.jpg"
7283,7635,"S","thumb_384_9763WEuLO0aV5YgXrvLxDi3w.jpg"
7284,7635,"S","thumb_384_0104ily20qAwDkZ8S2AeajCN.jpg"
7285,7636,"M","thumb_720_8668FXj8hHgLZSVPfbBaTuRo.jpg"
7286,7636,"S","thumb_384_7394lX3jbd5qUHPUIX22jEyt.jpg"
7287,7636,"S","thumb_384_7725RI1lPQr0FKPMwNbDpR06.jpg"
7288,7636,"S","thumb_384_7281ziBuUS0GRF2vzG6j2cCB.jpg"
7289,7637,"M","thumb_720_5072Zw3qxo5a0ghnzLsa1FPv.jpg"
7290,7637,"S","thumb_384_0216UPcMnM3wG0QiP8H7dPfH.jpg"
7291,7637,"S","thumb_384_06863jzNGChbnPunktaLLyBY.png"
7292,7637,"S","thumb_384_9364Mp1jMwEa03TeO4HQi5nZ.jpg"
7293,7638,"M","thumb_720_8202aIVlYSRbGuIHS9wqwzOi.jpg"
7294,7638,"S","thumb_384_9870FHWrS7bgW1hZnG1j98MC.jpg"
7295,7638,"S","thumb_384_2528WSl29Cyep0j8YULYVTS6.jpg"
7296,7638,"S","thumb_384_7161q7c4SJg6gwFNWacIpj3h.jpg"
7297,7639,"M","thumb_720_8048sVj0akEaMugBCZd0AFLl.jpg"
7298,7639,"S","thumb_384_1193zqezTKajD6DJ9crzpsNX.jpg"
7299,7639,"S","thumb_384_75104HALRmdYg65XGPGNFHi5.jpg"
7300,7639,"S","thumb_384_0582mWLVs82TgR9TGwiOuRtE.jpg"
7301,7640,"M","thumb_720_0076YA99xzIoNR3DICawI41h.jpg"
7302,7640,"S","thumb_384_1803xi33wgXwdHrD52MDrerK.jpg"
7303,7640,"S","thumb_384_5956yx4MRIuTv2IexjXoMWef.jpg"
7304,7640,"S","thumb_384_4303SkHFJGIPlK5YuzubIXiv.jpg"
7305,7641,"M","thumb_720_9952DHbeYw6eCcTqQ5T0i7aj.jpg"
7306,7641,"S","thumb_384_9539bk4nNr5FiJ3efqUVnN2C.jpg"
7307,7641,"S","thumb_384_5388Rsv1E6J2p9JGkInPeeNr.jpg"
7308,7641,"S","thumb_384_0742YXLwzDTYGgkNUj70BWGZ.jpg"
7309,7642,"M","thumb_720_4398S83j7UEG4Qg0hD1dTisY.jpg"
7310,7642,"S","thumb_384_22884aukeFpSugBAX45ykmBK.jpg"
7311,7642,"S","thumb_384_2558hsc60hgnYSYyNFSnUSJu.jpg"
7312,7642,"S","thumb_384_82128PlgEW5MPapn8KOVheIL.jpg"
7313,7643,"M","thumb_720_36322WFSwAWg8Xq9mmjA3WFX.jpg"
7314,7643,"S","thumb_384_7250IQXK0nl71i8ac3TTxMSc.jpg"
7315,7643,"S","thumb_384_3707A5feBXcBSZeO7V873lk0.jpg"
7316,7643,"S","thumb_384_72982VrFgedneMDa6D5JJMrv.jpg"
7317,7644,"M","thumb_720_0319RYeetglW1Aj3931MNzk8.jpg"
7318,7644,"S","thumb_384_4449Y5jECCuCKISEmZ0LHnUn.jpg"
7319,7644,"S","thumb_384_3100UPE6K6zPq6gm5BJCuQFP.jpg"
7320,7644,"S","thumb_384_1135xQCHNhsHAVvRGD8LQaCT.jpg"
7321,7645,"M","thumb_720_4198AL9RU6Efv4LcY40vFBEB.jpg"
7322,7645,"S","thumb_384_8803DlD4rwxhDj1XM6YlR5MB.jpg"
7323,7645,"S","thumb_384_2973szS46LfPejUhAG97Cmzg.jpg"
7324,7645,"S","thumb_384_56791I0yPtskKzXVoffigkoU.jpg"
7325,7646,"M","thumb_720_0547Mx3Gry6Wa9boUie08wyi.jpg"
7326,7646,"S","thumb_384_1841CeOLqy9n7KfaFsKmUlE9.jpg"
7327,7646,"S","thumb_384_4028Z3zxQ1wfZJPXEtOwmRAx.jpg"
7328,7646,"S","thumb_384_6825Fn3XgNZa4DiE1VJJRa09.jpg"
7329,7647,"M","thumb_720_5007qpNURSQ5WIwC6IDgEMvr.jpg"
7330,7647,"S","thumb_384_6548yOwDyLAWH3j6NYxXXIFk.jpg"
7331,7647,"S","thumb_384_9988DLrbCy2Vvy96hBOOJhwY.jpg"
7332,7647,"S","thumb_384_6055wQkcWQIuS3oKUT75gfdb.jpg"
7333,7648,"M","thumb_720_2888euZqpGqwfT9XhLuKu500.jpg"
7334,7648,"S","thumb_384_3355Krz1TxXdRQA15VWFHVC1.jpg"
7335,7648,"S","thumb_384_0768NiMQLk4dMrmD84deCcHV.jpg"
7336,7648,"S","thumb_384_39798jXCywlnh9XhZXhLaquP.jpg"
7337,7650,"M","thumb_720_6578VEsjP6SWnkF0CpuGtgLe.jpg"
7338,7650,"S","thumb_384_97086dVnLRaZjaGVlvredgc2.jpg"
7339,7650,"S","thumb_384_6142a8BOamSl7mj6yE1lyFEO.jpg"
7340,7650,"S","thumb_384_77403jg73HVpKiwE2tgKgRS8.jpg"
7341,7651,"M","thumb_720_7251IOG2IHNVlbY0EeiZ0izC.jpg"
7342,7651,"S","thumb_384_9319lACxjykswY24Qyw2WsSF.jpg"
7343,7651,"S","thumb_384_1424nK4o7OxaONNvC69KF2St.jpg"
7344,7651,"S","thumb_384_44756m91HIBMAjngbgy6pWuw.jpg"
7345,7652,"M","thumb_720_5597RMjMYHH5LSAOx4YIJzvq.jpg"
7346,7652,"S","thumb_384_4065cDF9U8plIAI2UACxjZ1b.jpg"
7347,7652,"S","thumb_384_6787kO3YzoruYpAVIPF5lrPu.jpg"
7348,7652,"S","thumb_384_0628mTP1qehNQkUAQTpmcb9y.jpg"
7349,7653,"M","thumb_720_6526EBlFyAO3L7SamxpJm3YE.jpg"
7350,7653,"S","thumb_384_8653F73JXle3WZcEVKwxQV4a.jpg"
7351,7653,"S","thumb_384_6522OXGiyOnuCje5tIS45Hh4.jpg"
7352,7653,"S","thumb_384_6033dyEcsJcZ8w0WITTT6JrM.jpg"
7353,7655,"M","thumb_720_3171GDguE1RpDcuJHxigW93A.jpg"
7354,7655,"S","thumb_384_1964KbsztulnXV9GrV4O3PRH.jpg"
7355,7655,"S","thumb_384_84488m3PCHHxKWJecm20ZswW.jpg"
7356,7655,"S","thumb_384_7291PkvCaBWpb6brdK09EAlo.jpg"
7357,7659,"M","noimg.jpg"
7358,7661,"M","thumb_720_58715KJvys6r7QxwYx6Bfm3g.jpg"
7359,7661,"S","thumb_384_6013ef2vXsvaGG4v6W00Yd3q.jpg"
7360,7661,"S","thumb_384_5148SSEYOmP0Z0VjIV9MOqbK.jpg"
7361,7661,"S","thumb_384_31009sgSNdpOw3lRvI6IYZOR.jpg"
7362,7663,"M","thumb_720_8827zwC3cD0CsZjbrdhGL9do.jpg"
7363,7663,"S","thumb_384_41704pYHPpGo5Mz73CySpZd0.jpg"
7364,7663,"S","thumb_384_5974BXi3vCrQwcrCmFZFhHOd.jpg"
7365,7663,"S","thumb_384_5847PmRZ3DkplzdUkBT9PR8p.jpg"
7366,7664,"M","thumb_720_1513pcFGkkBKvy0RFC4MoG0R.jpg"
7367,7664,"S","thumb_384_0784NYRaO8MYAdLUzqjpPyk5.jpg"
7368,7664,"S","thumb_384_0009nbnABmevh69tMhHrbv46.jpg"
7369,7664,"S","thumb_384_6677kCZmcYDlvBly1SwpIBzT.jpg"
7370,7665,"M","thumb_720_4199KVO6LDO44zgsh8xNMxAp.jpg"
7371,7665,"S","thumb_384_6946AHu1vJnLbSaw5nqfT7XW.jpg"
7372,7665,"S","thumb_384_9630Mv4JXRg72Qqi4E1CiCDK.jpg"
7373,7665,"S","thumb_384_90556GgjGST7neybZRs4pNvK.jpg"
7374,7666,"M","noimg.jpg"
7375,7669,"M","thumb_720_6283n10G2HkyQcsD1YL1OHy3.jpg"
7376,7669,"S","thumb_384_1875WbgXm6Bd7kvBPyR8re5a.jpg"
7377,7669,"S","thumb_384_9882tx04KgA8ZHBQVDiYfAqr.jpg"
7378,7669,"S","thumb_384_1973wObARJnYDwO9Ek8LsbCy.jpg"
7379,7670,"M","thumb_720_8420MsTy4zwwHsPhSLlWuAUg.jpg"
7380,7670,"S","thumb_384_9490WZSVRIiwrmvVLxxuwQ7G.jpg"
7381,7670,"S","thumb_384_4024RtPFrni55TG7ckTeyD1F.jpg"
7382,7670,"S","thumb_384_1191nsHTfwQtYOVLNTi9RSBT.jpg"
7383,7672,"M","thumb_720_9966IQI5iZUH3Yt3ZsAxnANV.jpg"
7384,7672,"S","thumb_384_2466ZwUczZoWyeZFIH9liDnU.jpg"
7385,7672,"S","thumb_384_7817Svha3SGTwwL4O5wVV7S2.jpg"
7386,7672,"S","thumb_384_9461h5XHgoH3903Wsv4F0fLd.jpg"
7387,7673,"M","thumb_720_5044JJbSqf3UDudOT2L7G1kb.jpg"
7388,7673,"S","thumb_384_5348fQQYD64ZpiR3YZWPUeL0.jpg"
7389,7673,"S","thumb_384_0552rFXyawR6e6Mxr5AbKc6a.jpg"
7390,7673,"S","thumb_384_8505YTlNzlcSTv5kbU6VhiOm.jpg"
7391,7674,"M","thumb_720_3958jABvQsux8u0RwdpwpQ7r.jpg"
7392,7674,"S","thumb_384_5631z53WLzpKmZ7zHCbm4yZx.jpg"
7393,7674,"S","thumb_384_31878VW6UPc9ui6i8sI8M9rl.jpg"
7394,7674,"S","thumb_384_9079nWw0RHsvZ93Y8da69Cic.jpg"
7395,7675,"M","thumb_720_98787F6WNOsJKnmomKNuud4E.jpg"
7396,7675,"S","thumb_384_7981Tjdy8fqUeV1Vrm1qIFzr.jpg"
7397,7675,"S","thumb_384_2445KhU6KYlnr0lfusULjcH7.jpg"
7398,7675,"S","thumb_384_1307j6GKyy0qRWN1efvsiD29.jpg"
7399,7676,"M","thumb_720_1498NS0vfgVgzmOhlzPkIy8L.jpg"
7400,7676,"S","thumb_384_9793kIQW4UUtOU9jSCZyijou.jpg"
7401,7676,"S","thumb_384_99229Ty3lPjpKiBvmqEmiH2w.jpg"
7402,7676,"S","thumb_384_5694J1q1grHdtSXd3rdyrNlG.jpg"
7403,7682,"M","noimg.jpg"
7404,7693,"M","thumb_720_1544RLtYr6EhQs7Wh7UmfggR.jpg"
7405,7693,"S","thumb_384_3560tiKGkXXkBWLcmm2en0ru.jpg"
7406,7693,"S","thumb_384_0270E7agpbMLaJxbQxiWFZbN.jpg"
7407,7693,"S","thumb_384_8350WP9sjNw7j8pu7mMc0Yvh.jpg"
7408,7694,"M","thumb_720_2806eI2aCIBMUk6cVkl415Pf.jpg"
7409,7694,"S","thumb_384_3836Bbf1XskrweUPFZC0sw19.jpg"
7410,7694,"S","thumb_384_7372PqB6LTTyqwgDlAJLohgA.jpg"
7411,7694,"S","thumb_384_7974qPrSp4447nkbZhjJYc9O.jpg"
7412,7696,"M","noimg.jpg"
7413,7698,"M","noimg.jpg"
7414,7700,"M","noimg.jpg"
7415,7704,"M","noimg.jpg"
7416,7706,"M","thumb_720_1491eOwE7HAV6iW60fVYdmVg.jpg"
7417,7706,"S","thumb_384_3501IOITlF66XkDQjU1gachg.jpg"
7418,7706,"S","thumb_384_4393tVzS3auoU3L4nNKXJWyl.jpg"
7419,7706,"S","thumb_384_5768mknz5Gek9S1c5kP5P2OS.jpg"
7420,7707,"M","thumb_720_8592aNVHM8XTABlndiDfBnhS.jpg"
7421,7707,"S","thumb_384_32056XF98FVtA7ng7df2dZb4.jpg"
7422,7707,"S","thumb_384_2509SBbxBIbdK6rCQOC0WcHA.jpg"
7423,7707,"S","thumb_384_661233uFNELAY0AfGJvMzCOC.jpg"
7424,7708,"M","thumb_720_9394DSm7nTB9woKjo0n8rtYm.jpg"
7425,7708,"S","thumb_384_20225oj7DlymvxYG2I5YDNdH.jpg"
7426,7708,"S","thumb_384_9007hw2wICv6g2GTjOBpk2Nf.jpg"
7427,7708,"S","thumb_384_3987nVURg05GYwjfClsSoQgg.jpg"
7428,7709,"M","thumb_720_1215VNBy99TPq9NShNbJpE6Y.jpg"
7429,7709,"S","thumb_384_9534w6phxdIyOSz25Iha48Ek.jpg"
7430,7709,"S","thumb_384_3387LXtuoNur3wit0mDUdT28.jpg"
7431,7709,"S","thumb_384_6827XbYLy4sJWnkgHWO6JJKl.jpg"
7432,7710,"M","thumb_720_6297v3hMEaN5eQMZutSnCxtZ.jpg"
7433,7710,"S","thumb_384_8763Trf9fxcrwQMOdP4JOnHc.jpg"
7434,7710,"S","thumb_384_5395PUHgHf914xYxBZvZLpTt.jpg"
7435,7710,"S","thumb_384_3504YzQO0EsdwACuduKXvRB3.jpg"
7436,7712,"M","noimg.jpg"
7437,7713,"M","thumb_720_9051ywRPkPD1sKe6GE3Bq6E6.jpg"
7438,7713,"S","thumb_384_8468y7gpWIF4vWuKUB1ZbMVs.jpg"
7439,7713,"S","thumb_384_6272pGmIr0UFfkL2u94IHlyL.jpg"
7440,7713,"S","thumb_384_1070GTZCAquvT9ycBC7V4tLr.jpg"
7441,7714,"M","thumb_720_6960gqM9UY7tCzaQ1LKGLP86.jpg"
7442,7714,"S","thumb_384_1124XtlYUwpLFQSe0sJzqwcw.jpg"
7443,7714,"S","thumb_384_01104wmlqbCsvZaqucBGOvRb.jpg"
7444,7714,"S","thumb_384_2191qYAErwXJqZzBvfx8FEOs.jpg"
7445,7715,"M","noimg.jpg"
7446,7716,"M","thumb_720_4973NKS7APFuWGjakELnT5zs.jpg"
7447,7716,"S","thumb_384_4089YqOj8qYM7aEk9Vm7AIXQ.jpg"
7448,7716,"S","thumb_384_8124PXV2NmU9uWPOWMaTxQA6.jpg"
7449,7716,"S","thumb_384_7291mXBr7ObCcAwaUs6qyHQN.jpg"
7450,7717,"M","thumb_720_5255Uyc8b7srCAXdBBTEOvrT.jpg"
7451,7717,"S","thumb_384_4477wIVoGQWkRP7yvvtzQeek.jpg"
7452,7717,"S","thumb_384_9142gm3lBHyqsyYwdZ6stl9E.jpg"
7453,7717,"S","thumb_384_0101Z8ZroxN24V3SEmxSdVZD.jpg"
7454,7719,"M","thumb_720_0165y4fd0WWkuJ4etiuFHoHT.jpg"
7455,7719,"S","thumb_384_8360iQmu9Nyqh5O0mfQiQtPy.jpg"
7456,7719,"S","thumb_384_9975CoL7GGhatCriYJ4QGByE.jpg"
7457,7719,"S","thumb_384_70027D8BSDQzvH5E2iFb9iLE.jpg"
7458,7722,"M","thumb_720_3253sOUV5Tq30Mo9lvTvYOVE.jpg"
7459,7722,"S","thumb_384_3268Hz9boPZw6N9zkh2oJeAu.jpg"
7460,7722,"S","thumb_384_8138zhhnm2GgUstHoVfVXo9B.jpg"
7461,7722,"S","thumb_384_0404CU6f2npq2ugGx8ryF6C2.jpg"
7462,7725,"M","noimg.jpg"
7463,7726,"M","thumb_720_3724TncQMrTZyvdfkk9tdrGJ.jpg"
7464,7726,"S","thumb_384_516790E5rDMTdINIMlGcbVrO.jpg"
7465,7726,"S","thumb_384_89978LyN3cRxMMaMl7CKmlYJ.jpg"
7466,7726,"S","thumb_384_4603v5HcgORkKKN2Zfp2bmKx.jpg"
7467,7727,"M","thumb_720_7637brKoEz10UsLTW7VeXNfm.jpg"
7468,7727,"S","thumb_384_37645Seqb1vT46yRnLTIGH8N.jpg"
7469,7727,"S","thumb_384_89841MA3zAq5YRtxubcVBxEL.jpg"
7470,7727,"S","thumb_384_6858umeJH1jvxrbQgt1P9Rxn.jpg"
7471,7728,"M","thumb_720_7594GbHqI8tdYpYTcvxA1WbE.jpg"
7472,7728,"S","thumb_384_6123G6C4eeUNv0E9V1xTVHdd.jpg"
7473,7728,"S","thumb_384_9563tcCljmuKLSsjkjeekd6o.jpg"
7474,7728,"S","thumb_384_1620NgGWlOlvIxrFiMFnH68I.jpg"
7475,7729,"M","thumb_720_5472geDiQsgq0xpIwpMY6bks.jpg"
7476,7731,"M","thumb_720_2677HxYKenlrBpioMsrdb7ra.jpg"
7477,7731,"S","thumb_384_4141BCBVaSCEUiL7H8oNOsfs.jpg"
7478,7731,"S","thumb_384_9609C136nAtvaHXua2je5N9u.jpg"
7479,7731,"S","thumb_384_710443AUpcHaEl7P0jG84bhT.jpg"
7480,7732,"M","thumb_720_5793qTF2zrC0TD0SzrNl7Mmm.jpg"
7481,7732,"S","thumb_384_65832TfuOCAoLnYiYbEFXD3D.jpg"
7482,7732,"S","thumb_384_80169S827CaujxarOQ2wEu6v.jpg"
7483,7732,"S","thumb_384_4659zOwZxSR5b5Dhj18BUrF3.jpg"
7484,7733,"M","noimg.jpg"
7485,7734,"M","thumb_720_20928AhT1WEnYetJg6XEdowI.jpg"
7486,7734,"S","thumb_384_0269dIySZqzzILasNWSSQtOO.jpg"
7487,7734,"S","thumb_384_5933ji1jm2nUnIqqs2GNcf91.jpg"
7488,7734,"S","thumb_384_16792AQD7B1yBqXVLnsIn0wL.jpg"
7489,7735,"M","thumb_720_4570SnBTrlLY2oFxDiNmOyTk.jpg"
7490,7735,"S","thumb_384_8019QRZetwtr3dIq6FH5L1Bx.jpg"
7491,7735,"S","thumb_384_6039UsqAcGT2hRXRE99KdifN.jpg"
7492,7735,"S","thumb_384_3302oEzuMGx2EpA0EWh0VwLS.jpg"
7493,7736,"M","thumb_720_4617qyYEUCCUnJa95hmyW4xD.jpg"
7494,7736,"S","thumb_384_7861dQBhCxKdQttqfWU5qclq.jpg"
7495,7736,"S","thumb_384_67229PfGDjtAJ8ZKTuruphdg.jpg"
7496,7736,"S","thumb_384_53150zbunhiK7pcfdd8akEzU.jpg"
7497,7737,"M","thumb_720_1759OuWyCiOlx63pxShldH17.jpg"
7498,7737,"S","thumb_384_4194wmDyOxP9Dxt0opdPXMqu.jpg"
7499,7737,"S","thumb_384_0096gHnzDXiTQuXUjrCGWtrQ.jpg"
7500,7737,"S","thumb_384_8019RiaJugKC1OYhHhOMMsUn.jpg"
7501,7738,"M","thumb_720_0279PRCY1PpZPHmmvCZ3j5Dy.jpg"
7502,7738,"S","thumb_384_34903iClnRjb4crEV0p7yfhG.jpg"
7503,7738,"S","thumb_384_0879kDMCATi5p5WP8PQgc3jC.jpg"
7504,7738,"S","thumb_384_4181YnnFbBCeXF6ALs3w7bvy.jpg"
7505,7739,"M","thumb_720_7489qiOoqxWW18rALpulI8Lx.jpg"
7506,7739,"S","thumb_384_53833UD9PrsGle6bWkQ40xMi.jpg"
7507,7739,"S","thumb_384_8794H3L2K7sUgEQCuKzB8BLo.jpg"
7508,7739,"S","thumb_384_29189atuh6qE1trqzuF8usZs.jpg"
7509,7740,"M","thumb_720_33289LApfYBKfoGrxYREo2BD.jpg"
7510,7740,"S","thumb_384_1993J9edlwRuhmyl0vD6vW9G.jpg"
7511,7740,"S","thumb_384_3828wYodAmd50MjlaB3tPpbz.jpg"
7512,7740,"S","thumb_384_5241VY0H9YnrBDs5qmmfb0RN.jpg"
7513,7741,"M","thumb_720_67880XmKegcVt2TsHsYKW1jP.jpg"
7514,7741,"S","thumb_384_1053bGYQdEgisEG4RWO4Yq8z.jpg"
7515,7741,"S","thumb_384_0997ftKdvIM79XPEsepIuJvV.jpg"
7516,7741,"S","thumb_384_0918bkAc9VUIUeJaIOrTM1Ma.jpg"
7517,7742,"M","thumb_720_8010oVzJnl2u82tMJL6rZE56.jpg"
7518,7742,"S","thumb_384_9874JU8XKAwy7jA7jKatX0ve.jpg"
7519,7742,"S","thumb_384_3536jgSmFX0L8QRIwEQJuEbh.jpg"
7520,7742,"S","thumb_384_33940siZ0UaRapjEXsSROlKx.jpg"
7521,7744,"M","thumb_720_3536r8yJUzZiqWkmZcoSsldi.jpg"
7522,7744,"S","thumb_384_1511sxFSjHP78FRHJ4jRITGA.jpg"
7523,7744,"S","thumb_384_4451DSSSFUAvOa6Fa55KQaUs.jpg"
7524,7744,"S","thumb_384_6274vo2k7ypXMh8BShnjw0tN.jpg"
7525,7745,"M","thumb_720_5196Wg4aNTv0tnJ9Hr58LSUe.jpg"
7526,7745,"S","thumb_384_0092k3hPnoZe9hICKqM4s3gu.jpg"
7527,7745,"S","thumb_384_2349GfZsSAtvyDJzQ5NaJMCT.jpg"
7528,7745,"S","thumb_384_6564zNvcaCcPijeTBBmJtig0.jpg"
7529,7747,"M","thumb_720_7238A6yLwfxBD9Cit2aofQIu.png"
7530,7747,"S","thumb_384_9812iCuNFQZplPTb3E1oEqk3.png"
7531,7747,"S","thumb_384_4156G5t1oUOfkXBdpmr0Wudn.png"
7532,7747,"S","thumb_384_0334WqVLOrEufHVedy7BmUD3.png"
7533,7748,"M",""
7534,7748,"S",""
7535,7748,"S",""
7536,7748,"S",""
7537,7749,"M","thumb_720_1288Rh29DLnOMm18MoRZLhIc.jpg"
7538,7749,"S","thumb_384_3545tkbM5RHniLEDysmeKqeg.jpg"
7539,7749,"S","thumb_384_0019teerZwdlRFOPYZd7uzWh.jpg"
7540,7749,"S","thumb_384_2923d3gV2PbmzEfiBXCYKUZU.jpg"
7541,7750,"M","thumb_720_55271fDhBwhcTfAqNS1HYNSV.jpg"
7542,7750,"S","thumb_384_1834Du59f4jOQ8ctNLGtFlRf.jpg"
7543,7750,"S","thumb_384_3891o2rwWQOpkaGLdFzIn62d.jpg"
7544,7750,"S","thumb_384_99071vcjwxKdGzIf5bjvsyRg.jpg"
7545,7751,"M","thumb_720_4788WpyTd9hOTzlEzKQerP7J.jpg"
7546,7751,"S","thumb_384_0447H5EZaUIyFjq1QXgUxVMV.jpg"
7547,7751,"S","thumb_384_4862ofF5j0uypRPeCDLHb9Yb.jpg"
7548,7751,"S","thumb_384_2867OAZaz9t52RBmt7NTzJZD.jpg"
7549,7752,"M","noimg.jpg"
7550,7753,"M","thumb_720_5206xqX4Zd3kjUxy8dNbI1o8.jpg"
7551,7753,"S","thumb_384_5830hxwR3gEITBF4820f76XY.jpg"
7552,7753,"S","thumb_384_82381uygKZUOvj8Z6ylJfw78.jpg"
7553,7753,"S","thumb_384_8658CJ5kGWgYXmbNNYFjLsvK.jpg"
7554,7754,"M","thumb_720_6943LZT8ymcFVWGFqBx3I3ut.jpg"
7555,7754,"S","thumb_384_0206gxPKcu6bDQbhvmQKzW4c.jpg"
7556,7754,"S","thumb_384_3488VTuWFfPbRVtkVf9RI3Kl.jpg"
7557,7754,"S","thumb_384_3698lGKxPEYsUSisST8v7bF8.jpg"
7558,7755,"M","noimg.jpg"
7559,7756,"M","thumb_720_5245I4U4OCYquEcWRD5BXH94.jpg"
7560,7756,"S","thumb_384_7597fPl8vljF315rp2MbTUMT.jpg"
7561,7756,"S","thumb_384_8687q5DpqguHp8XXIqRxl4S3.jpg"
7562,7756,"S","thumb_384_1725olY0d7xOzd7CVyNARh2J.jpg"
7563,7757,"M","noimg.jpg"
7564,7758,"M","thumb_720_5764EVKhmiXcS2rLuMhyPP2N.jpg"
7565,7758,"S","thumb_384_59043sO48FQHxMHfj0ZpwYs3.jpg"
7566,7758,"S","thumb_384_7842lm2t4noba0jVVlIiZtzp.jpg"
7567,7758,"S","thumb_384_1441dIwohQiQrKIV6nT4lNT8.jpg"
7568,7759,"M","thumb_720_2712F26DthqszhpIIUi3EPcH.jpg"
7569,7759,"S","thumb_384_0272CUIU5PUKNLUFXa4P6xn6.jpg"
7570,7759,"S","thumb_384_6709RMdnYmkMxkuYKyDFM5DJ.jpg"
7571,7759,"S","thumb_384_4549McVcG7t1UX4T5E0okFKY.jpg"
7572,7760,"M","thumb_720_6212BqMrJn7PF3Yi73J8oTfn.jpg"
7573,7760,"S","thumb_384_3447syxscUYFyrgXNTlK3rYc.jpg"
7574,7760,"S","thumb_384_2964yFCYDdUAAXTYSglJktoV.jpg"
7575,7760,"S","thumb_384_3315bLGd52mri1s9G0fUaSu7.jpg"
7576,7761,"M","thumb_720_4375sPCQI7LHqJEIVoSTFxCu.jpg"
7577,7761,"S","thumb_384_9765LV5UwrBFJ3fgqbPCVVdg.jpg"
7578,7761,"S","thumb_384_69559lYrKlGESj4uwtOqbANs.jpg"
7579,7761,"S","thumb_384_1100c8XE16TflcXpCOi6e3UC.jpg"
7580,7762,"M","thumb_720_80739YaJuQRIomAHBgUDqsi7.jpg"
7581,7762,"S","thumb_384_8015XX1zXTsPBAJP1xfer5tc.jpg"
7582,7762,"S","thumb_384_324426XS0uNUt1HbMgcHebMH.jpg"
7583,7762,"S","thumb_384_7721PJ2mtSKedyWt9KZnxhd2.jpg"
7584,7763,"M","thumb_720_4446Qc0CN4y0tH3VLVz2uLWh.jpg"
7585,7763,"S","thumb_384_5746Kel3wUA2ZZxxVnvtbaNR.jpg"
7586,7763,"S","thumb_384_1067W7kElzxis1qyh3EfHSmk.jpg"
7587,7763,"S","thumb_384_6797nWleXNxrVY3BpRB6h7rD.jpg"
7588,7764,"M","thumb_720_0103aqCdopgxxt8LVsaS5G0u.jpg"
7589,7764,"S","thumb_384_7994F3G4GdvXsrxPgzVRCWfl.jpg"
7590,7764,"S","thumb_384_1059gWQavGMsjXz4dCPtIJcP.jpg"
7591,7764,"S","thumb_384_5681umTjLAaTpS3aLAlOz6gL.jpg"
7592,7765,"M","thumb_720_60229jxZoUIKCMoIzn9eKOjc.jpg"
7593,7765,"S","thumb_384_3789E3SMkYJjDeZRSpBofeUd.jpg"
7594,7765,"S","thumb_384_1041wHvAtsDPboviJ8oEwIU3.jpg"
7595,7765,"S","thumb_384_0148rVT0KBggxqiEpsBNbApH.jpg"
7596,7766,"M","thumb_720_5288TNYYnmiRuEO3EpUSEqYC.jpg"
7597,7766,"S","thumb_384_3367q5SiupPLyf9iVwZjej02.jpg"
7598,7766,"S","thumb_384_016210fuuNuvo1vuHszYQc1U.jpg"
7599,7766,"S","thumb_384_9516ZobzZd756ZwRKauvI42x.jpg"
7600,7767,"M","thumb_720_6897zhFRTiMXgMH1DUbtVRcI.jpg"
7601,7767,"S","thumb_384_0641yZ7fKMEnTZgcEayL0yPO.jpg"
7602,7767,"S","thumb_384_2108BpFUFe5Ln4FjhrStwiTC.jpg"
7603,7767,"S","thumb_384_6407lyVewSvfNZ9A8JFowZD3.jpg"
7604,7768,"M","thumb_720_2068cuJ2yFdra3cGVSGg5Rb8.jpg"
7605,7768,"S","thumb_384_5882vVIieFHkWZk6WzwuUvuI.jpg"
7606,7768,"S","thumb_384_7537vrDiQ4LdhOX75gC88wSO.jpg"
7607,7768,"S","thumb_384_9206Nqrb3Pe86lYxmcGbi3ZL.jpg"
7608,7769,"M","thumb_720_0049Vtjm2tFelEzgCHZIBXr7.jpg"
7609,7769,"S","thumb_384_6558MYrrIf7GTEt5CqW2GyV4.jpg"
7610,7769,"S","thumb_384_85791LySVPq6fYKG6Q5vyt1h.jpg"
7611,7769,"S","thumb_384_9528M1ueRcV39rdMMOfugs40.jpg"
7612,7770,"M","thumb_720_7910amZ21mvK1YW5OTbCORVV.jpg"
7613,7770,"S","thumb_384_3760PQ5ugR3vd3QUj7eTJW08.jpg"
7614,7770,"S","thumb_384_1817d9cRRb5UrLPKxQ8fl7os.jpg"
7615,7770,"S","thumb_384_11533QGXg7j14UsQAOY3MoKF.jpg"
7616,7771,"M","thumb_720_3931WI9cvyRllJCdywpyroJk.jpg"
7617,7771,"S","thumb_384_9858F4Yk5WERQ3B0uAjxswFC.jpg"
7618,7771,"S","thumb_384_6013BYMIQ1tPfEVAzUpFGAZ5.jpg"
7619,7771,"S","thumb_384_5924jSQpK0cVjY5GRAH5ShMK.jpg"
7620,7772,"M","thumb_720_2822wcJNz7NpgkA7CDpQFJfO.jpg"
7621,7772,"S","thumb_384_8885IXOL3PazuZNON8kDFSLM.jpg"
7622,7772,"S","thumb_384_1808uvmuzzZJOGhw3umYP1sE.jpg"
7623,7772,"S","thumb_384_03750zAUHAvGkqEaMUfetAt1.jpg"
7624,7773,"M","thumb_720_8733nQvEp2ARKdbZR0grWTin.jpg"
7625,7773,"S","thumb_384_3175eDO3tG5YEGeSx7lvEuhK.jpg"
7626,7773,"S","thumb_384_8359WkqJLClJ8x4hRz7PwvGE.jpg"
7627,7773,"S","thumb_384_2204jSRzAbK07EHFcURnDJpf.jpg"
7628,7774,"M","thumb_720_7973DaDKJ1ZYikdbKyJ0glYF.jpg"
7629,7774,"S","thumb_384_5185wuhYFJociFP7ojyFtkx1.jpg"
7630,7774,"S","thumb_384_2637jQEZ3aneU7xMIgaLgBTO.jpg"
7631,7774,"S","thumb_384_0495RCXBmmdPb3bTXXhvmmHy.jpg"
7632,7775,"M","thumb_720_3647VL6lToup7TunVucZ9p0y.jpg"
7633,7775,"S","thumb_384_7838WMPW6vtm3LsnpzGwoeOK.jpg"
7634,7775,"S","thumb_384_8301X7kQublV0gK74L7OmOfu.jpg"
7635,7775,"S","thumb_384_6828kdfcxKKowikHkzc1bued.jpg"
7636,7776,"M","noimg.jpg"
7637,7777,"M","thumb_720_5817nrMYcdBP0Gvbfjsp9LZg.jpg"
7638,7777,"S","thumb_384_7073rtxH72qTbVZ295iU12fh.jpg"
7639,7777,"S","thumb_384_3094orNTuem4vc3O0fV3vSyQ.jpg"
7640,7777,"S","thumb_384_8182r2Qbk5UIKCgPoQwb9AIR.jpg"
7641,7778,"M","thumb_720_8374J1kHDCTNPfyAcZkTW5IE.jpeg"
7642,7779,"M","thumb_720_55453TxVdksscKArv5JF338D.jpg"
7643,7779,"S","thumb_384_1424HJuVGjLF5fofTYDzFZmK.jpg"
7644,7779,"S","thumb_384_7601eCO1M4BGeQlgAMWt2E2W.jpg"
7645,7779,"S","thumb_384_4711zHpXBtRcum9f412xjTSK.jpg"
7646,7780,"M","thumb_720_0048iwGrNXPqRbDS1OSu5Czp.jpg"
7647,7780,"S","thumb_384_519380PR8e6FXutFO7ism2Hz.jpg"
7648,7780,"S","thumb_384_5580t3Fl2iM9iL6BBpplONVD.jpg"
7649,7780,"S","thumb_384_7939PzN2o1y55JPIAqhcL5In.jpg"
7650,7781,"M","thumb_720_0956ArLDPxBiuvwV3VFfKtKP.jpg"
7651,7781,"S","thumb_384_2970iWgPCWatcOFiUO0h2aQb.jpg"
7652,7781,"S","thumb_384_5119O8LwCO7sLX4njgkqj1WL.jpg"
7653,7781,"S","thumb_384_2555CTFGitgVWKRuGOVXxoZD.jpg"
7654,7782,"M","noimg.jpg"
7655,7783,"M","thumb_720_37677CGiRAg0M86tuQjXh63a.jpg"
7656,7783,"S","thumb_384_5181GCaL2Am375HZU1sTRCR0.jpg"
7657,7783,"S","thumb_384_9744cHAuKTvMcXaPquKzSCaL.jpg"
7658,7783,"S","thumb_384_2887RVJSKfwDUph4vKOKYEen.jpg"
7659,7784,"M","thumb_720_8042Ogl3JGYPpQW6uCzg4CXu.jpg"
7660,7784,"S","thumb_384_6912LGJGnxWFoQHftD19N8jS.jpg"
7661,7784,"S","thumb_384_7376XcUPXnWX9rVNHBA1cTLY.jpg"
7662,7784,"S","thumb_384_0252hcwvUDnbLrWZzBQLZ437.jpg"
7663,7785,"M","noimg.jpg"
7664,7786,"M","thumb_720_82271XP6MSvWUgTWh0GSwh6G.jpg"
7665,7786,"S","thumb_384_1502x7jzPKRDkXLFUmpWFni0.jpg"
7666,7786,"S","thumb_384_0711gJy9uWpUEbs7OX8xrOcj.jpg"
7667,7786,"S","thumb_384_1348MPOd0WhlbLJmr5jb4RNd.jpg"
7668,7787,"M","thumb_720_0878HasHx9uOjmIjR0vBlGYb.jpeg"
7669,7787,"S","thumb_384_1736A6ok6XEj9InsIm9eJWAd.jpeg"
7670,7787,"S","thumb_384_7452GctIu9ToD5eZkQrFwi6M.jpeg"
7671,7787,"S","thumb_384_2397rt3kV6VdFeeYTprpzwJR.jpg"
7672,7788,"M","thumb_720_1852oY0sZXsnrZvkBdxFUUfO.jpg"
7673,7788,"S","thumb_384_40817K23Of4rVMC8Mr8KnBcX.jpg"
7674,7788,"S","thumb_384_5590FoYa7HETe4Dvnoxj8lJr.jpg"
7675,7788,"S","thumb_384_2429w62bGm5CTd7BMxVBgdrB.jpg"
7676,7789,"M","thumb_720_0244y5UuTjSGdCZJ8qtXtU2r.jpg"
7677,7789,"S","thumb_384_1767E42qJePqcXGKuXfFdrCH.jpg"
7678,7789,"S","thumb_384_3991Wroy9OEXotg2ssvgR5I8.jpg"
7679,7789,"S","thumb_384_5051LnO8I5sCQNNbWegPFE2t.jpg"
7680,7790,"M","thumb_720_5162Ay7hWrhq2Ou09a1ugner.jpg"
7681,7790,"S","thumb_384_570940UBhvj3Ik13it1TsEzU.jpg"
7682,7790,"S","thumb_384_5030Y2wqWETGfRPqqmjXY8kv.jpg"
7683,7790,"S","thumb_384_8054NdvoHxWu1rdonLvJZZKC.jpg"
7684,7791,"M","thumb_720_6068UGCdui4ltwldRELLse8k.jpg"
7685,7791,"S","thumb_384_0473SRUsGrw82gXoTCtOjISz.jpg"
7686,7791,"S","thumb_384_0059CPj5BlnL3lMDJFa8kzRE.jpg"
7687,7791,"S","thumb_384_2874Pgl4TowS99Kmc0u8i2HE.jpg"
7688,7793,"M","thumb_720_5792CmG8mLVInLBme09gyzvx.jpg"
7689,7793,"S","thumb_384_2094v9JLhcTmQexmBxeanMHP.jpg"
7690,7793,"S","thumb_384_74514EiWrsGyCNlLu8zqyzoE.jpg"
7691,7793,"S","thumb_384_2332q7UUJT5KlzMvkAC60PIa.jpg"
7692,7794,"M","thumb_720_7050pLslfBPqes9HVivrPQ2a.jpg"
7693,7794,"S","thumb_384_53188g4wdPIbBQgbqapyzQj3.jpg"
7694,7794,"S","thumb_384_0140ZW3CmgD4LXSwhQceuXZQ.jpg"
7695,7794,"S","thumb_384_97844RqjJGGXHDQpit2cOQEj.jpg"
7696,7795,"M","thumb_720_5780mf41ylTv0FF7JAej39g6.jpg"
7697,7795,"S","thumb_384_7711m1vxy0VjiwO4pvf4Dvrg.jpg"
7698,7795,"S","thumb_384_3166Z5LrvssK4oeZ1XfGYGft.jpg"
7699,7795,"S","thumb_384_2739KEpWO642pMruLxGKd4yi.jpg"
7700,7796,"M","thumb_720_8527ofSpsPuBy3PKyjZWb3B7.jpg"
7701,7796,"S","thumb_384_7589zXM47z8HohRyvQrZMPmM.jpg"
7702,7796,"S","thumb_384_31730IBnzKR9c1JTTN8eBc0k.jpg"
7703,7796,"S","thumb_384_3380fN5dS7CR2UMsOTCRq04H.jpg"
7704,7797,"M","noimg.jpg"
7705,7798,"M","thumb_720_2337jIYqBDM1GmphHN57vXZ5.jpg"
7706,7798,"S","thumb_384_05571YPXmJJacbl4mMeUjLCE.jpg"
7707,7798,"S","thumb_384_769240Hij4xP17ic7nloapiO.jpg"
7708,7798,"S","thumb_384_2221hwZiT4TGZlLcuX5yImbX.jpg"
7709,7799,"M","thumb_720_94698uRPfG15rBi9wIjua6Ha.jpg"
7710,7799,"S","thumb_384_0553VAWuYislsNZV0Q8wDe4v.jpg"
7711,7799,"S","thumb_384_6390m3XsltVGm1epbkxmGlzE.jpg"
7712,7799,"S","thumb_384_1883QyxYyQc7DB0bJi4aAnib.jpg"
7713,7800,"M","thumb_720_7163XgdWD3mdOxnC0RLgEhsd.jpg"
7714,7800,"S","thumb_384_5617653aHBOxFMWJayKS1SCt.jpg"
7715,7800,"S","thumb_384_9153Xb2RUTSNalgvYKPZ2XWY.jpg"
7716,7800,"S","thumb_384_3350iKubX1JAK2cQ3liDGw1T.jpg"
7717,7801,"M","thumb_720_4906miF9TxpfRf7BE5zhtS0I.jpg"
7718,7801,"S","thumb_384_1129IIDqRXYAwHpWPAu2dQI9.jpg"
7719,7801,"S","thumb_384_6381c4L30j0JfWk7QESq30a0.jpg"
7720,7801,"S","thumb_384_58290E2ODwuHU6POn0myoAW2.jpg"
7721,7802,"M","thumb_720_1517DiVZFaKcvvWeL66hyYIY.jpg"
7722,7802,"S","thumb_384_8670dOch5Gx6Yl47VpyiDJEh.jpg"
7723,7802,"S","thumb_384_1643FIWGu9xrGSfhi3BFAbT0.jpg"
7724,7802,"S","thumb_384_2536xdv8peH3RHevuyO5QHvV.jpg"
7725,7803,"M","thumb_720_55487NbAKTdWn4hmADgT8DaU.jpg"
7726,7803,"S","thumb_384_8461e0dCRYbLomXXlHudBd8T.jpg"
7727,7803,"S","thumb_384_0200xknNIsU7t453ZCb3O2Ty.jpg"
7728,7803,"S","thumb_384_6579kjPkBMhLI6qckyv0j3oZ.jpg"
7729,7805,"M","thumb_720_93312zmucmP0eCNlbvXIbO7Z.jpg"
7730,7805,"S","thumb_384_8242qnqrOmFGsax8CfDTvVLn.jpg"
7731,7805,"S","thumb_384_4702myhMTGbX686fUgFY03qO.jpg"
7732,7805,"S","thumb_384_1290ARM54wyMP8ZkS237tm9q.jpg"
7733,7807,"M","thumb_720_5375atsTkqhImzBXaHQk39QT.jpg"
7734,7807,"S","thumb_384_8356sPdhV1boOLN9UEjfKwaF.jpg"
7735,7807,"S","thumb_384_7964jNuxk9Q8dyaxqGb0XYVR.jpg"
7736,7807,"S","thumb_384_1420X8GDbWoSSg1KjSQZZeGz.jpg"
7737,7808,"M","thumb_720_0265rzF3y30eSzDmCXSk8b3W.jpg"
7738,7808,"S","thumb_384_2449mrRrWFAWeeZjUolgBgJI.jpg"
7739,7808,"S","thumb_384_2050kNIgXacodO3Zr4bq3r8X.jpg"
7740,7808,"S","thumb_384_1512ab5934ulHJ4yMkXGkrNO.jpg"
7741,7809,"M","thumb_720_7903i5EbSNgUAf285JEW7GLB.jpg"
7742,7809,"S","thumb_384_05172b28DI3JAFJBNHF16WuR.jpg"
7743,7809,"S","thumb_384_1090akNjNg17h1hiXUavaiEy.jpg"
7744,7809,"S","thumb_384_6834yh6FwVNL0Gwalff0u1iX.jpg"
7745,7811,"M","thumb_720_1841vzPtbASMVtmvAdhwEAQL.jpg"
7746,7811,"S","thumb_384_6042W2ZUZhTFmQOrJDjF6Xm4.jpg"
7747,7811,"S","thumb_384_6128usGMbXxjAjF9FGVUxlrz.jpg"
7748,7811,"S","thumb_384_7657ZMbV14KSdGUoncrVK0WI.jpg"
7749,7812,"M","thumb_720_99318QjLn9SJERs704igscWM.jpg"
7750,7812,"S","thumb_384_0326ryf9CXuRjGQPybhKCOku.jpg"
7751,7812,"S","thumb_384_0697Ywpg8sWbGamUNZcAQrxH.jpg"
7752,7812,"S","thumb_384_4639f8HtEeqkoW5yBlwMUhnK.jpg"
7753,7814,"M","thumb_720_8205pkRkrL76y13DmsYH0EH7.jpg"
7754,7814,"S","thumb_384_1431d5V9eNXsutrZED7T0CzQ.jpg"
7755,7814,"S","thumb_384_35522i5HKu88BTaZCK9iwhie.jpg"
7756,7814,"S","thumb_384_1533gExqpTfSmmaKGtmV7AIS.jpg"
7757,7815,"M","thumb_720_54621vVCNlYVp05re8IMh8Gr.jpg"
7758,7815,"S","thumb_384_24188LwBFAO1N81x7C7Zld7y.jpg"
7759,7815,"S","thumb_384_84283Pk0r1DMEjSuKqRVReXb.jpg"
7760,7815,"S","thumb_384_6796OThufVRhI3JQEpcKbA7N.jpg"
7761,7816,"M","thumb_720_6513U6ODYl39iQIvPj2F6TT6.jpg"
7762,7816,"S","thumb_384_2713xKBLIk9lM0VG4MA1ptqJ.jpg"
7763,7816,"S","thumb_384_8626f7YI7zyIhR3aSJPRMpdR.jpg"
7764,7816,"S","thumb_384_757783bT6NPuvT23yTeyBNwy.jpg"
7765,7817,"M","thumb_720_64051Q87Bb6DNSPIYcXPbT6y.jpg"
7766,7817,"S","thumb_384_4450XPaKgkFMchjJKbLxgWx1.jpg"
7767,7817,"S","thumb_384_1376a3u0H8hxAwtWANGN2EMX.jpg"
7768,7817,"S","thumb_384_5892THstXnc0jh3LpIsaGoAZ.jpg"
7769,7818,"M","thumb_720_0177h48Mj1QNRR9V9FsGdSSP.jpg"
7770,7818,"S","thumb_384_8953GlUJP7rFieM5BdYxwKcT.jpg"
7771,7818,"S","thumb_384_5526HK9GuTOcpAklsJlF5mli.jpg"
7772,7818,"S","thumb_384_6401oIkLzJywAYhW9Yz4ROMi.jpg"
7773,7819,"M","noimg.jpg"
7774,7820,"M","thumb_720_7251NMu6XG2K0Vcx0GAJRi82.jpg"
7775,7820,"S","thumb_384_45491eE1mQTY7Ub4FMXtRmxb.jpg"
7776,7820,"S","thumb_384_5094lNmYXASqNl3xV89u0Hu5.jpg"
7777,7820,"S","thumb_384_44828WuZWIPFcOYPyibBkLl4.jpg"
7778,7821,"M","thumb_720_8733n1FUFIKDw8KfjBJyIBqR.jpg"
7779,7821,"S","thumb_384_1058kLhWXhhzDsAbhlWTNijW.jpg"
7780,7821,"S","thumb_384_6856xnK5VSBCFaRDUULcxb0X.jpg"
7781,7821,"S","thumb_384_9943AZCLoWN4AnwOJp6gjWsK.jpg"
7782,7823,"M","thumb_720_2536j8lskcuyRdGk02HStCGK.jpg"
7783,7823,"S","thumb_384_6261lP5emUxnXRBx6RvRqHGc.jpg"
7784,7823,"S","thumb_384_6765uNTcGBwVZHdJzefnGvcX.jpg"
7785,7823,"S","thumb_384_7212ArBxmF0H3VetWIXYb92c.jpg"
7786,7824,"M","thumb_720_9341jNK30Ii88WGWi6RJi0Ql.jpg"
7787,7824,"S","thumb_384_576611zRGZPhE8HCskzb437D.jpg"
7788,7824,"S","thumb_384_24834KwEOwQm54V9Bx7wIuxI.jpg"
7789,7824,"S","thumb_384_7066wPiTsOwo94ZYdqPkduzG.jpg"
7790,7825,"M","thumb_720_6616YKgWBtzqCclgPopLALDY.jpg"
7791,7825,"S","thumb_384_6650Os00jhuDwDNJdJ4Bm3kM.jpg"
7792,7825,"S","thumb_384_9033LYW55vROAbjjmPMHmPLb.jpg"
7793,7825,"S","thumb_384_7669i9JGIMSsq6rPyCQbdOcy.jpg"
7794,7826,"M","noimg.jpg"
7795,7827,"M","noimg.jpg"
7796,7828,"M","thumb_720_8327EKUpuLqidScyJjB4Aqcq.jpg"
7797,7828,"S","thumb_384_3872A1zdgDhIC7zM3lU0fGwC.jpg"
7798,7828,"S","thumb_384_4223NTJo8fJODwCGkHkyxdyn.jpg"
7799,7828,"S","thumb_384_7242zMzDQdS0k3D2geSLxt5Q.jpg"
7800,7830,"M","thumb_720_53281IKNeinY3w30MtpuwV64.jpg"
7801,7830,"S","thumb_384_4153xMzZTCgvnGkkGTo1bVge.jpg"
7802,7830,"S","thumb_384_5211RRX9dKHmrF9KcVAkHqiQ.jpg"
7803,7830,"S","thumb_384_07688K2uAWinH9INXB46iYH3.jpg"
7804,7831,"M","thumb_720_6719lH7DM7tTFkXoDJboNFcO.jpg"
7805,7832,"M","thumb_720_3535dDGeMEa4UUIU29aK22Rs.jpg"
7806,7832,"S","thumb_384_7653pp3Ac6ydXDAbtaJdeVQ3.jpg"
7807,7832,"S","thumb_384_8496aqfl84FiTg5j6TqIlKy0.jpg"
7808,7832,"S","thumb_384_0625i2pTGpKHWvmimDWaKr9m.jpg"
7809,7834,"M","noimg.jpg"
7810,7835,"M","thumb_720_45279yqG1WqqhjBiudVwiQm6.jpg"
7811,7835,"S","thumb_384_2441me0CpVyyXoXeHM3jQDS6.jpg"
7812,7835,"S","thumb_384_6434Gte6oPNu5qgUMu2d9pUf.jpg"
7813,7835,"S","thumb_384_9664mzgJoPs6vZN9BFOD543C.jpg"
7814,7836,"M","thumb_720_5723BFU0ajkAz3nHoyS5BKGa.jpg"
7815,7836,"S","thumb_384_5372g6gdjVbSxySzgs2CAUgn.jpg"
7816,7836,"S","thumb_384_9353dVKjXJUt3MWxUzUaFOpf.jpg"
7817,7836,"S","thumb_384_3734qFAlnvvmhAlYInUSyisS.jpg"
7818,7837,"M","thumb_720_3699xkmQSQGGdFmiXsMPKO3n.jpg"
7819,7837,"S","thumb_384_8849UdWG5M0PR6PFCkumMW9N.jpg"
7820,7837,"S","thumb_384_897745T8u7MDuKFR2tV1DJru.jpg"
7821,7837,"S","thumb_384_0307XWFp8MgW3tAsE26jUodP.jpg"
7822,7838,"M","noimg.jpg"
7823,7839,"M","thumb_720_1409fkt4DqHw5p6ARhfFCwgl.jpg"
7824,7839,"S","thumb_384_8431DG89KCd8PKrVhvnFdt10.jpg"
7825,7839,"S","thumb_384_8395EQKHczrwG6ABTx8eq5PU.jpg"
7826,7839,"S","thumb_384_1971hKp1Kp1biTgJM4ffWsD7.jpg"
7827,7840,"M","thumb_720_5754D3XRSejeTMolrBTTho1c.jpg"
7828,7840,"S","thumb_384_6174X4BaZWwzgbqHYwPoZ0sK.jpg"
7829,7840,"S","thumb_384_634606fLxeFmyJxyAPyDN1bz.jpg"
7830,7840,"S","thumb_384_8524tanwHVGPQyqOXwv04PMS.jpg"
7831,7841,"M","noimg.jpg"
7832,7842,"M","thumb_720_8364MaYAxPzh05hM9Aseq4Or.jpg"
7833,7842,"S","thumb_384_9335vHVQqh5tTymk5ZsQRjBN.jpg"
7834,7842,"S","thumb_384_7306UntAeOBpIc7HvoUqDJRT.jpg"
7835,7842,"S","thumb_384_5414lgMaHl70DhWdqRqSLoDf.jpg"
7836,7843,"M","thumb_720_8549r3TpwqAEuEymKuyYUqn0.jpg"
7837,7843,"S","thumb_384_79176uPbCQf5N7P6ua0JoKjL.jpg"
7838,7843,"S","thumb_384_3358HMwFVCgRC2DZCqnKHrGa.jpg"
7839,7843,"S","thumb_384_48162uhgNydMVEWMbSMvLzEP.jpg"
7840,7844,"M","thumb_720_4462R9sRv91XxRe9CVb4IR4k.jpg"
7841,7844,"S","thumb_384_1718Yg61n8OeYs3PcBH0ABKQ.jpg"
7842,7844,"S","thumb_384_2331hxWXRBsYpwB8MPsGS1UV.jpg"
7843,7844,"S","thumb_384_8689fvclAzWMHwJXOln9gY7m.jpg"
7844,7845,"M","thumb_720_23994Du3Kw7GlubNZvwrRR0h.jpg"
7845,7845,"S","thumb_384_4855xcFlTwtq9QnV2Q7oAUfU.jpg"
7846,7845,"S","thumb_384_2055JkH9iADuazIAuhodwSRc.jpg"
7847,7845,"S","thumb_384_1320tWSRLTOisotPBAUFwi94.jpg"
7848,7846,"M","thumb_720_1967yeEC5pX66e9LLhe807gH.jpg"
7849,7846,"S","thumb_384_9363Zl8qVcYLwGp4tvWmXDis.jpg"
7850,7846,"S","thumb_384_98702H1NuHf9GBhoITM63Gs3.jpg"
7851,7846,"S","thumb_384_7376WP9EPnqz6ZdoA2HvzsvY.jpg"
7852,7847,"M","thumb_720_7260rDJfq8MxKCdntr0HdLS3.jpg"
7853,7847,"S","thumb_384_3749wvIWVXVTVXPSa9IwXTAD.jpg"
7854,7847,"S","thumb_384_7370sNJ7EabwOzmpPTHKbnuW.jpg"
7855,7847,"S","thumb_384_0886S4UNLBON4Gj5t9n9cJLO.jpg"
7856,7848,"M","thumb_720_1431SbrUKrGZsOrHlMw7vun9.jpg"
7857,7848,"S","thumb_384_4838EdJIov7ftbWEQOSmYRZF.jpg"
7858,7848,"S","thumb_384_0305Gu8FIKog41cQZXedJnG8.jpg"
7859,7848,"S","thumb_384_77407jRIMYbUYXFBM3z1qFMO.jpg"
7860,7849,"M","thumb_720_3863EopnD9sc82cxgiDTPJhR.jpg"
7861,7849,"S","thumb_384_72650AeHdFEXqnJJprpTFnSa.jpg"
7862,7849,"S","thumb_384_5676Kn0BsPAKjA8EU6cVZKXu.jpg"
7863,7849,"S","thumb_384_78306obXIZIgl1XqOB3rtISY.jpg"
7864,7850,"M","thumb_720_7329pXtaG7HyHSnELkyMgz2S.jpg"
7865,7850,"S","thumb_384_8127WuW7ZOl2zHoQCc7DX3Qe.jpg"
7866,7850,"S","thumb_384_38739Eft5ErNuQ1I4ChjcZCG.jpg"
7867,7850,"S","thumb_384_9059x1kBdbbEDPfvNJocAnHd.jpg"
7868,7851,"M","thumb_720_0848csJyEQpD9d94GALE7Kzo.jpg"
7869,7851,"S","thumb_384_2137XXcrEap6sCg7ioa9qYD2.jpg"
7870,7851,"S","thumb_384_37976fjsSZoOQHhvdHKsLFLX.jpg"
7871,7851,"S","thumb_384_4139lhuCVtfge8BURN5d5Iav.jpg"
7872,7852,"M","thumb_720_9717p3ydwBqjEPctGEGDLooI.jpg"
7873,7852,"S","thumb_384_3852fWWS8JR1Di3If71uXXz6.jpg"
7874,7852,"S","thumb_384_39037MC2jU1Zhv2V5Qh9Kf88.jpg"
7875,7852,"S","thumb_384_4540vqesclaEryd5ByxMW4G6.jpg"
7876,7853,"M","thumb_720_2890B25sorm43xChnVc4DnUn.jpg"
7877,7853,"S","thumb_384_4852howPaB2lpcnacigLwTyy.jpg"
7878,7853,"S","thumb_384_70400Ao3YiivHNWzBI2RyI8M.jpg"
7879,7853,"S","thumb_384_0735zWYrs1XmwgcfI8YwE5jc.jpg"
7880,7854,"M","thumb_720_7498BgZK5Guh5FvIKsGwF5vy.jpg"
7881,7854,"S","thumb_384_7529GL7WvurGN2tLvN6C6lNM.jpg"
7882,7854,"S","thumb_384_7978dkFJSiiLZb4TaWVe0q1B.jpg"
7883,7854,"S","thumb_384_8421ANSNYTSlsg5BRs7rglLd.jpg"
7884,7855,"M","thumb_720_0843ZSOL1vx9eW2fEQg1zryB.jpg"
7885,7855,"S","thumb_384_6402BXp7Grt5QA2icivktpRr.jpg"
7886,7855,"S","thumb_384_8535C0KeaJa7DrQtttqQwd5R.jpg"
7887,7855,"S","thumb_384_6729ArMsyRKdlj3SBUTdkE3N.jpg"
7888,7856,"M","thumb_720_0240M1okImBrLtNEEBzkoTrC.jpg"
7889,7856,"S","thumb_384_3562EjJCtSHCwxLC5UYqyqwC.jpg"
7890,7856,"S","thumb_384_4742ydvJZlusbLmgJntEmmcx.jpg"
7891,7856,"S","thumb_384_1034QItc91ye22VmMHDxOFTW.jpg"
7892,7857,"M","thumb_720_8355XnXDbtM1yk8PZDW29nTy.jpg"
7893,7857,"S","thumb_384_3150oDiEm5wpOA1VaILRjhvZ.jpg"
7894,7857,"S","thumb_384_4866h2xvq2y16jczw6R3C5GP.jpg"
7895,7857,"S","thumb_384_4955foBmFbF5wCMrMpLwewRI.jpg"
7896,7858,"M","thumb_720_2314bDKCeubIKpr8hiE0W0bL.jpg"
7897,7858,"S","thumb_384_0921nOD5uQ9tsvitIS0CWegH.jpg"
7898,7858,"S","thumb_384_7949EZdrippGQGcx1XmR35fb.jpg"
7899,7858,"S","thumb_384_4154u4YgZIjKS5G4WQH2EteL.jpg"
7900,7859,"M","noimg.jpg"
7901,7860,"M","thumb_720_2613j6MCX9wi0VGfMfYULiCx.jpg"
7902,7860,"S","thumb_384_1264zyLKB5ZDXFFh6vFfubky.jpg"
7903,7860,"S","thumb_384_6434GGzrGnV51RSw8vDDIaPh.jpg"
7904,7860,"S","thumb_384_276369hUH6V7mvQmlQ9ndYlg.jpg"
7905,7861,"M","thumb_720_8361Ow19u27xNlMvfLw5M9yK.jpg"
7906,7861,"S","thumb_384_8985OxMlmvnQoVQEIOVe7hNh.jpg"
7907,7861,"S","thumb_384_4945sxRgiMXnVl4uj0U1sZxm.jpg"
7908,7861,"S","thumb_384_6147DHB3OLnZRfDwQsaTi57Q.jpg"
7909,7862,"M","thumb_720_24351Xalo2H21KVZUfsH7tG8.jpg"
7910,7862,"S","thumb_384_1141vMZOBF58mbaBuIjRXSdf.jpg"
7911,7862,"S","thumb_384_6689GMgPRwDh5pCB7rnaTtfk.jpg"
7912,7862,"S","thumb_384_3742YZH2N5gSNmb9slTtZ0Xy.jpg"
7913,7864,"M","thumb_720_1921h7ZSd1YZtezhzsntA7Xk.jpg"
7914,7864,"S","thumb_384_0660VOBgWNGGCK3ekLmCXXJM.jpg"
7915,7864,"S","thumb_384_6832SoXxyoDLTowZOEa6bola.jpg"
7916,7864,"S","thumb_384_2462vUM7LkeabMcAApkJzDuE.jpg"
7917,7866,"M","noimg.jpg"
7918,7867,"M","thumb_720_7341wbcc8GSz0sDdScND42ht.jpg"
7919,7867,"S","thumb_384_2098D4tHAO385gEiE9ZlwhNs.jpg"
7920,7867,"S","thumb_384_4170bdHRE5Q0vrw0mSiWyE6B.jpg"
7921,7867,"S","thumb_384_0999bNvP1YLZ0RDwtKBwfPs4.jpg"
7922,7868,"M","noimg.jpg"
7923,7869,"M","thumb_720_4241TqVVZHa3i6TCfT2UVaJE.jpg"
7924,7869,"S","thumb_384_4966sYstzVjiKyZtvhHl0cL3.jpg"
7925,7869,"S","thumb_384_0722xhkqypN1rJdLfjMMFaNG.jpg"
7926,7869,"S","thumb_384_8163Oebb1Ow0isqAG8YQ1uyG.jpg"
7927,7870,"M","thumb_720_43991EWywLkQPcScZLxkdRcY.jpg"
7928,7870,"S","thumb_384_3385IM5okrhCCFdXuapwU4tl.jpg"
7929,7870,"S","thumb_384_7396k0sJnq0sgQhp1YNsHic5.jpg"
7930,7870,"S","thumb_384_5982snTyr56jqM3ZYAdDJmJP.jpg"
7931,7871,"M","thumb_720_9965M1IG9sW3B7Re7CnaMFRd.jpg"
7932,7871,"S","thumb_384_89985aQtl8ohhOzZ4MyS00HA.jpg"
7933,7871,"S","thumb_384_3200jCjYxAc5kR93vIvodIFr.jpg"
7934,7871,"S","thumb_384_86307cnCMVnxkOO8sLIwlfa5.jpg"
7935,7872,"M","thumb_720_93762yFWZFkcwyaZluRQcEY6.jpg"
7936,7872,"S","thumb_384_80186HQjTZR8PU4hjZ70wocO.jpg"
7937,7872,"S","thumb_384_7290teGUXfxkEUlJ21PCj3t7.jpg"
7938,7872,"S","thumb_384_6649PAKQUGzKt2r44sIJahFC.jpg"
7939,7873,"M","thumb_720_2625djDJ9UvWUKvz3R4z3rvl.jpg"
7940,7873,"S","thumb_384_508654Ugfe9ztbWf4GPDEt11.jpg"
7941,7873,"S","thumb_384_6130JcRHO15Yd3L0kUIvKw0y.jpg"
7942,7873,"S","thumb_384_4988DjDIwr2zAnrt0Miqm5Hr.jpg"
7943,7875,"M",""
7944,7875,"S","thumb_384_2759TAd0GltbbZAKD0P7madl.jpg"
7945,7875,"S","thumb_384_9259QArTSLIzY3AQ4Rlisv4J.jpg"
7946,7875,"S","thumb_384_2287Enuz8rR97nvyRN2hXRjq.jpg"
7947,7876,"M","thumb_720_3900wTSJDz04JZEdH5pbufak.jpg"
7948,7876,"S","thumb_384_0543mFQxmE4zhSudmhJLi8p8.jpg"
7949,7876,"S","thumb_384_30968P2EJ3zaj2Ku7vOURi8U.jpg"
7950,7876,"S","thumb_384_5098b7RMQPs3guekjVYQgZlg.jpg"
7951,7877,"M","thumb_720_6706wgtYQEuOUmTm7BTjJcXi.jpg"
7952,7877,"S","thumb_384_0472e4XP6SyY1JVhawTuXKNw.jpg"
7953,7877,"S","thumb_384_9190yEn7HSR27d8WX40EM5DT.jpg"
7954,7877,"S","thumb_384_9022V0m26j9EorapPioQVnTw.jpg"
7955,7878,"M","thumb_720_6267Qf82MZehtlf6Bd9ZD6mR.jpg"
7956,7878,"S","thumb_384_81852iasQq6rmSmab5G9s61U.jpg"
7957,7878,"S","thumb_384_9525FdaisdafXlNBnbfQJXnn.jpg"
7958,7878,"S","thumb_384_5597fR4iW3j6a0Jaiu3MBJqN.jpg"
7959,7879,"M","thumb_720_8332maj3cbHly985j3hpoozE.jpg"
7960,7879,"S","thumb_384_4161p1hpiu55TJ23kcYkufkD.jpg"
7961,7879,"S","thumb_384_68490yVJ0XaYtuqmoW1tsbFr.jpg"
7962,7879,"S","thumb_384_3223JYyy7Rryv3v9Q2vF8IiQ.png"
7963,7880,"M","thumb_720_0357BR7pHgpDSiNYqaCm9xLb.jpg"
7964,7880,"S","thumb_384_6519hpYSIY4TzGoDKUSVy7NG.jpg"
7965,7880,"S","thumb_384_176910JGcVYUjtRFHykgUylC.jpg"
7966,7880,"S","thumb_384_5274KDVmaO0HHW4dWvrouPg9.jpg"
7967,7882,"M","thumb_720_11026IKItDhPLcBYofXUve5c.jpg"
7968,7882,"S","thumb_384_3463KeiGXNStjREniyJPwXpL.jpg"
7969,7882,"S","thumb_384_1778XKNqQo2kQVHCRUl1yM3a.jpg"
7970,7882,"S","thumb_384_60795Kn8wb9XkheuKBi0lr1Q.jpg"
7971,7883,"M","thumb_720_0313TDRZ133B5ESaQSOt6b8J.jpg"
7972,7883,"S","thumb_384_4517Da4ZvJbUb7ub7oDJ0Kv2.jpg"
7973,7883,"S","thumb_384_8351k5xRISMIh8waz3D19mUn.jpg"
7974,7883,"S","thumb_384_6992iagriWItUNCJm9SgjX3a.jpg"
7975,7884,"M","thumb_720_9606e2HOvrmJ9XqFVx4x8W1u.jpeg"
7976,7884,"S","thumb_384_29093goC8pZcinBamSaZTETR.jpg"
7977,7884,"S","thumb_384_96397Dx1HxP1DSGwV3VVwN8K.jpg"
7978,7884,"S","thumb_384_5255EyJU2SdOPlfsRezy6fAV.jpg"
7979,7885,"M","noimg.jpg"
7980,7886,"M","thumb_720_6009aoa2UG0a4YjV3vVJGru7.jpg"
7981,7886,"S","thumb_384_6422KReVAn5HLoektc6PiJ12.jpg"
7982,7886,"S","thumb_384_34587U4LjsdKJaqJnP29Lp1P.jpg"
7983,7886,"S","thumb_384_4995OpySrF1UIfVdj9stQwHs.jpg"
7984,7887,"M","noimg.jpg"
7985,7888,"M","noimg.jpg"
7986,7889,"M","thumb_720_4735g098VBgv3I9N90DKYOQF.jpg"
7987,7889,"S","thumb_384_8978gblzd8k2QD6TZlFlj6uK.jpg"
7988,7889,"S","thumb_384_1156HXwVxWR3PPpLzZWXwIqj.jpg"
7989,7889,"S","thumb_384_1679nSj3bYpaLwBON3AUTynG.jpg"
7990,7890,"M","thumb_720_5812RIFlnvIIDp60zOu7pcg6.jpg"
7991,7890,"S","thumb_384_5889LzcQBdK4NjMbyhfkcPcq.jpg"
7992,7890,"S","thumb_384_7919c6ZjoAf0dtxGjJ9TGWdK.jpg"
7993,7890,"S","thumb_384_7949gDdOTl3qqbYSxEJFKpwq.jpg"
7994,7892,"M","thumb_720_8303x0W9fFVQLdTXIq3wT0Iu.jpg"
7995,7893,"M","thumb_720_6568a2wTLn1dbKkNR5UQJkpm.png"
7996,7893,"S","thumb_384_4504GzzXvVOswJuSUFbJh7Xi.jpg"
7997,7893,"S","thumb_384_7052YUReUk8Z79NJhxVKwPIA.jpg"
7998,7893,"S","thumb_384_7833FpBIAZPAQxz3q3eWlDHa.jpg"
7999,7894,"M","thumb_720_7755tGVovTpsk9YLwn3bePeg.jpg"
8000,7894,"S","thumb_384_5747R8iSbzI8sAzjdIbQSsWK.jpg"
8001,7894,"S","thumb_384_4388PD6lgDxdnjXb4meSkuMG.jpg"
8002,7894,"S","thumb_384_0779HnHRSAx8STkU8qZen3zi.jpg"
8003,7895,"M","thumb_720_3633z0dKWfvCK0SVswS3BIdV.jpg"
8004,7895,"S","thumb_384_3098rr5VWhZjD0P4tyBDyAFX.jpg"
8005,7895,"S","thumb_384_32147MWy3AA0c9yVkJBG27OW.jpg"
8006,7895,"S","thumb_384_6839dSmY3yZ99YLQ2UYVpcIi.jpg"
8007,7896,"M","thumb_720_5352buYpClNGErbG7f3d3amr.jpg"
8008,7896,"S","thumb_384_92906G9SPu7ac6361WkcY8Ge.jpg"
8009,7896,"S","thumb_384_5614hvsAgm150C532AYh0fGy.jpg"
8010,7896,"S","thumb_384_6804xdmTtCSAH20lh7SmrNpd.jpg"
8011,7898,"M","thumb_720_4642BUl0A1pbwqjzKhVGmhLZ.jpg"
8012,7898,"S","thumb_384_77177aLbcqTkHjwieSEZ1Kjk.jpg"
8013,7898,"S","thumb_384_9157oj6O8QaQNHH7CZx0DSeP.jpg"
8014,7898,"S","thumb_384_2349VMbTlZJBZpuJJMHeoBKp.jpg"
8015,7899,"M","thumb_720_11865Wf2XSId8GcGZnAi3fwj.jpg"
8016,7899,"S","thumb_384_3102igJ9QNlTaEjqqB3QGNtn.jpg"
8017,7899,"S","thumb_384_6839olyfpAocwq6ECkZTKpXN.jpg"
8018,7899,"S","thumb_384_2153pXHnmrRaBRctV6lDSXY5.jpg"
8019,7900,"M","thumb_720_2860Mkx4n9KCk3A2FfeOSm5l.jpg"
8020,7900,"S","thumb_384_5570rBPDXQ9YlIwylSKg2y1H.jpg"
8021,7900,"S","thumb_384_1326IT36LIdp1FajAJXvKmzg.jpg"
8022,7900,"S","thumb_384_3822pdCsFi2FxveFe7woXqCA.jpg"
8023,7901,"M","thumb_720_07333XpOitNn17PCSowh1rdv.jpg"
8024,7901,"S","thumb_384_3562t4F8rkgYcsVK9do8gNwV.jpg"
8025,7901,"S","thumb_384_9562Tuq5z24YrEe1gXzrE45p.jpg"
8026,7901,"S","thumb_384_9515LvDETDDxCzE90QTS0TBS.jpg"
8027,7902,"M","noimg.jpg"
8028,7903,"M","thumb_720_5334SWEjIVPiMIQt0jxOnR5z.jpg"
8029,7903,"S","thumb_384_1829KPvgWScq4UEpS0jzWIXY.jpg"
8030,7903,"S","thumb_384_5145EJNmDrjZPi4T2aw1I6Jz.jpg"
8031,7903,"S","thumb_384_1241EGoYDMwhfnVssH3hqyOs.jpg"
8032,7904,"M","noimg.jpg"
8033,7905,"M","thumb_720_6449TR0UK6Vw1dKs9jHXmzAB.jpg"
8034,7905,"S","thumb_384_4888y79Fu4tMPbuiLFHXxBnZ.jpg"
8035,7905,"S","thumb_384_8460Ot9aAAl3ZPkwCq9mNUte.jpg"
8036,7905,"S","thumb_384_9222lddC7SN5rnpQeo7yuYzm.jpg"
8037,7906,"M","thumb_720_7578atNtZxRVPbpNPoc0xnYn.jpg"
8038,7906,"S","thumb_384_7378hHWIzkFnCnUaeGJTKnQL.jpg"
8039,7906,"S","thumb_384_3302UgQ0mRFl0f5fQozHcAoE.jpg"
8040,7907,"M","thumb_720_4324wKOeuWjXgiEugJdlAIJ3.jpg"
8041,7907,"S","thumb_384_0268DcFzh68irj9J1tR6GduV.jpg"
8042,7907,"S","thumb_384_7352bUNL8hXNjnYxHMV0c0wN.jpg"
8043,7907,"S","thumb_384_8211BHRdHJNzWZ7iyBlb6iLZ.jpg"
8044,7908,"M","noimg.jpg"
8045,7909,"M","thumb_720_3183WV89nVtTthcfcXyJEDJj.jpg"
8046,7909,"S","thumb_384_4106Wm9H50Lg9gFcc2ZY0XAv.jpg"
8047,7909,"S","thumb_384_6284Y5TIpkM6eTe3EO9HNb19.jpg"
8048,7909,"S","thumb_384_1210hcjBqwgbGdMszwlg1Y1w.jpg"
8049,7910,"M","thumb_720_8007ZOUwexw9dCYaEx9Lh9pb.jpg"
8050,7910,"S","thumb_384_5952GgDBLi08zDMpmIGGu24R.jpg"
8051,7910,"S","thumb_384_6461k5vDl92QHGcQMX078Z1u.jpg"
8052,7910,"S","thumb_384_2186QrtBhp7l6lcTTl6qS4hr.jpg"
8053,7912,"M","thumb_720_0872uV51UfUGJC1TWhuGKqKu.jpg"
8054,7912,"S","thumb_384_1676QHRfQoHq3n6zwhixPhiG.jpg"
8055,7912,"S","thumb_384_2857pKqDZ84dkhgbuWrWv6Dk.jpg"
8056,7912,"S","thumb_384_0397PkHF2n1PMI3xjxw32OQx.jpg"
8057,7913,"M","thumb_720_7025tuPDX9KwCquQyTfH8af7.jpg"
8058,7913,"S","thumb_384_4162krpXJKGB4Hant8pQzq2c.jpg"
8059,7913,"S","thumb_384_1357bfSzf4s2bWfJqp0ws1L2.jpg"
8060,7913,"S","thumb_384_6236SUxa9hkEUrs0aGM1JJ32.jpg"
8061,7914,"M","thumb_720_8656ZrQzUEnxurrQY0DEGIfa.jpg"
8062,7914,"S","thumb_384_1705dpVBSdHinWnvzt5lV0GN.jpg"
8063,7914,"S","thumb_384_6508xZCZsEktW9luQ6aEpEHq.jpg"
8064,7914,"S","thumb_384_5714j5DowdpCjxgbTBTsUJiy.jpg"
8065,7915,"M","thumb_720_7723UerwDbASPWBU21v0vZjr.jpg"
8066,7915,"S","thumb_384_5706n1LQajMldsqeEAOl37eb.jpg"
8067,7915,"S","thumb_384_8271yYfaQDbWc4YZ7I9OrYwo.jpg"
8068,7915,"S","thumb_384_8469MqzR48yYs8kkLIfKKOKM.jpg"
8069,7916,"M","thumb_720_8865pE6jSkwyDSqj6MNjxtmM.jpg"
8070,7916,"S","thumb_384_2148c2QG9sHnVaiP7FnWrLSx.jpg"
8071,7916,"S","thumb_384_3624v3xJzpEFdWBPZ9m1ZHJf.jpg"
8072,7916,"S","thumb_384_10803tNiz3Z4rVUzRxw7Mh8X.jpg"
8073,7917,"M","thumb_720_5492fsslF8ryDAWbiChRkyNo.jpg"
8074,7917,"S","thumb_384_5825wBslZPXUDDTdFycgXDHf.jpg"
8075,7917,"S","thumb_384_4508xuFgVdUA9NWGthNXTloc.jpg"
8076,7917,"S","thumb_384_4033EpiL7nMVqiXqL7ykwDGH.jpg"
8077,7918,"M","thumb_720_00432hu1h3F13QMI8FRvotQX.jpg"
8078,7918,"S","thumb_384_0209a1rtkdHKF5Ujn9YvG1qO.jpg"
8079,7918,"S","thumb_384_0035VtALXDN7d0i38C9Ag7lF.jpg"
8080,7918,"S","thumb_384_3034xw2JUfP7JeZRGNElg17Z.jpg"
8081,7920,"M","thumb_720_0425jaG1jxogiIsjAUtFkiUM.jpg"
8082,7920,"S","thumb_384_40026MLXqIkZHDoFFWej4KIz.jpg"
8083,7920,"S","thumb_384_8218WqsbAPIufW2cCfRcUjKi.jpg"
8084,7920,"S","thumb_384_5840PMds2wZyN9cZ3HxV4gn6.jpg"
8085,7922,"M","thumb_720_4590hLF1YNw9EN76jnbeDf7N.jpg"
8086,7922,"S","thumb_384_0629s6CPDF5dmHSElCXfKlEa.jpg"
8087,7922,"S","thumb_384_4376IZ4FTkoBy9MoIWTf2lXd.jpg"
8088,7922,"S","thumb_384_2567z05Xoi2vLDxnIBuvqGnW.jpg"
8089,7925,"M","thumb_720_12119uAb1CnMamVCoBEDokuM.jpg"
8090,7925,"S","thumb_384_7607eq3Vh51x8yjHFqyk9xls.jpg"
8091,7925,"S","thumb_384_6032d7jQnbC03E94ZVcv05w9.jpg"
8092,7925,"S","thumb_384_6838nFeGm96ZK12x7AdyYikS.jpg"
8093,7926,"M","thumb_720_6565eMJJIuzRszCbT6suXHtb.jpg"
8094,7926,"S","thumb_384_65979p731w20hZ2T1JZZO9A7.jpg"
8095,7926,"S","thumb_384_3043eFqXaqVUj3G0dDuHUsUV.jpg"
8096,7926,"S","thumb_384_8085hFhmmn0tsodEjOu3XYJu.jpg"
8097,7927,"M","thumb_720_4143kMrrLC3egAEOO3mv2aSb.jpg"
8098,7927,"S","thumb_384_7447ltprPtpLLvC2jiqz7XoL.jpg"
8099,7927,"S","thumb_384_8410ucgpKohhzmSZpxfYlHYw.jpg"
8100,7927,"S","thumb_384_1187hE6XIDpmmwL0uADfIisU.jpg"
8101,7928,"M","noimg.jpg"
8102,7929,"M","thumb_720_6260xalMiVQUg2J6BxP4l92R.jpg"
8103,7929,"S","thumb_384_4048zEYqZcqDgMGd5pVKHBbd.jpg"
8104,7929,"S","thumb_384_933223f86qkGzYMTGVkGhZP4.jpg"
8105,7929,"S","thumb_384_44597dukrBgzV4chrZCz705A.jpg"
8106,7930,"M","noimg.jpg"
8107,7931,"M","thumb_720_0446MtYiBtpGwuxRIxyGZWkb.jpg"
8108,7931,"S","thumb_384_1774iGo7bhTt3DamrPdU3HbW.jpg"
8109,7931,"S","thumb_384_35681y5iTWtoOpoAnPgxFizO.jpg"
8110,7931,"S","thumb_384_0428Vc32XzxEBOvuVRIUZrQz.jpg"
8111,7932,"M","thumb_720_1829MkCC8extAPOypoGrTOgm.jpg"
8112,7932,"S","thumb_384_3967WNpoqLafxeQdUIG3bmaa.jpg"
8113,7932,"S","thumb_384_0549lg6xGBSZIhSAYvBW8OWV.jpg"
8114,7932,"S","thumb_384_02673qpDQjWcae6dHZ90TeyR.jpg"
8115,7934,"M","thumb_720_13004lWxZYiNQIvhjp4iPqd2.jpg"
8116,7934,"S","thumb_384_1421VO5exRYe8yWHFvaK5CGE.jpg"
8117,7934,"S","thumb_384_7655Ch1DLYNYN2VNtDgrGasX.jpg"
8118,7934,"S","thumb_384_1178jceZPWmjtPc5cgdwJN9X.jpg"
8119,7935,"M","noimg.jpg"
8120,7936,"M","thumb_720_23681eAnnVp6xVSyjBfHeJvd.jpg"
8121,7936,"S","thumb_384_13329zsF1ANHhTpRfiKyBeHP.jpg"
8122,7936,"S","thumb_384_1860ISZJFAAWsynETV54yoVN.jpg"
8123,7936,"S","thumb_384_0084PMgh5shtJUM2CggVDlOU.jpg"
8124,7939,"M","thumb_720_3360n9euE9BAIdvdfA71cLpx.jpg"
8125,7939,"S","thumb_384_7225BhGqcFQpaMnwEnv81U3h.jpg"
8126,7939,"S","thumb_384_2530KNj1CdqOIOVP9sB436Gl.jpg"
8127,7939,"S","thumb_384_51913DUtdMdSReWT6ganjupZ.jpg"
8128,7940,"M","thumb_720_7989qVaBf46Ul1SmxNrmp0MW.jpg"
8129,7940,"S","thumb_384_4520AozkudaEiYknJzV4JjQB.jpg"
8130,7940,"S","thumb_384_1712uH8c93KfbZxGb9sapwHz.jpg"
8131,7940,"S","thumb_384_9814c4mN4ltXcSnKbAuFFPVE.jpg"
8132,7942,"M","noimg.jpg"
8133,7943,"M","thumb_720_67093AXMhNMKUGM4PO0MJP7m.jpg"
8134,7943,"S","thumb_384_6054X5DaYO4XEMdQQ4tlkG3L.jpg"
8135,7943,"S","thumb_384_6784foYw4SGdZa12cpatWmdN.jpg"
8136,7943,"S","thumb_384_4853E2JERNpTwe23Hgxf42nu.jpg"
8137,7944,"M","noimg.jpg"
8138,7945,"M","noimg.jpg"
8139,7946,"M","thumb_720_1845Sp4gWfzhJlAJRWvqY1YS.jpg"
8140,7946,"S","thumb_384_0004KZyErAxJBQgdiH6sUfb9.jpg"
8141,7948,"M","thumb_720_03940CDyFir1rX9Wl0ea1TWi.jpg"
8142,7948,"S","thumb_384_3571VLodJ4ygjCqD7nRYW2Du.jpg"
8143,7948,"S","thumb_384_8832q6KA4ysLgP0VyRQG689A.jpg"
8144,7948,"S","thumb_384_1416QukkaX65fsreSZ7f6tvz.jpg"
8145,7949,"M","noimg.jpg"
8146,7950,"M","thumb_720_31622EcltiqFWLDthCGuw4w0.jpg"
8147,7950,"S","thumb_384_10766RNzBAd93PSStjGQNADT.jpg"
8148,7950,"S","thumb_384_3595gqtoeiEouBWAFlrrx2cp.jpg"
8149,7950,"S","thumb_384_7817Knlpc0PsQp6Ordrhh33T.jpg"
8150,7951,"M","noimg.jpg"
8151,7952,"M","thumb_720_7578o97g8LxDMHKRwh5MtzcI.jpg"
8152,7952,"S","thumb_384_1498Hjfk1S8EytB2zb4O49cy.jpg"
8153,7952,"S","thumb_384_2091HvgFkczBG1Wmb2PVuPCl.jpg"
8154,7952,"S","thumb_384_6445byxrrNSJpqCpOdCZnCs2.jpg"
8155,7953,"M","thumb_720_8142NlYcZzUGvfBTfb9j9JFr.jpg"
8156,7953,"S","thumb_384_8014r7qBkhPP7hDoPX7mIyRS.jpg"
8157,7953,"S","thumb_384_9885NozrUC2Fu43Hi55N0o55.jpg"
8158,7953,"S","thumb_384_6539a8B0WAWKqzA8BW0GxzQI.jpg"
8159,7954,"M","thumb_720_2547Y0bUwk5HHUnkw2JjoMSo.jpg"
8160,7954,"S","thumb_384_3852gEIu0VhBnC2sJ7zRy9wY.jpg"
8161,7954,"S","thumb_384_5510wdAKHvFSbb9eIDlJpLSi.jpg"
8162,7954,"S","thumb_384_04762zvtRt3pyd2f2i9K7TSC.jpg"
8163,7955,"M","thumb_720_83288VkqGR1TNgMOlLlMg3ec.jpg"
8164,7955,"S","thumb_384_6684kvWc4FWvfzAPBwOKkg42.jpg"
8165,7955,"S","thumb_384_4395R2a5nf96t55kiTtJTUj1.jpg"
8166,7955,"S","thumb_384_4430QbXIH7vfx1dEy7U24O8f.jpg"
8167,7956,"M","thumb_720_1396BUand1KKSc4QXIR7Awa5.jpg"
8168,7956,"S","thumb_384_0548Ki0S9l6vUoLCdUDaR6cD.jpg"
8169,7956,"S","thumb_384_4127DKUT9opiHQG1rs2kTCfc.jpg"
8170,7956,"S","thumb_384_06340C4gwKg8CwqkN6lCveHC.jpg"
8171,7957,"M","thumb_720_5376ui7GiLQFxTqXTiAU0eKc.jpg"
8172,7957,"S","thumb_384_2207NzuW5nipegpFBSImMdY4.jpg"
8173,7957,"S","thumb_384_9559dhzBc4uAJoHux5uWgocD.jpg"
8174,7957,"S","thumb_384_2269kxiZqQIJmOIUsUZI0kbV.jpg"
8175,7958,"M","thumb_720_4484IONqOdAmWELLTBbvPBss.jpg"
8176,7958,"S","thumb_384_1237Nd4myhzvE2eI4uM3VpMN.jpg"
8177,7958,"S","thumb_384_0221D8S84EPdOlCx8fLOo1bv.jpg"
8178,7958,"S","thumb_384_1198XB9VrE0vwtrBJiVifhKr.jpg"
8179,7959,"M","thumb_720_61110vaY7ekoQEXcokAgjIuk.jpg"
8180,7959,"S","thumb_384_8467yA0HQbE3Y3KsVcoYJXp7.jpg"
8181,7959,"S","thumb_384_9207zgYDR1mNGIJ4ER2XSYfg.jpg"
8182,7959,"S","thumb_384_6506faE8fpbvqCerO8IVTfrd.jpg"
8183,7961,"M","thumb_720_5132RqxNOyoCdvB3KTd5v2me.jpg"
8184,7961,"S","thumb_384_6240WH1eKIVeaq8NIT339pet.jpg"
8185,7961,"S","thumb_384_9659Ve0Iocgu5JqgR1dGJV4v.jpg"
8186,7961,"S","thumb_384_0541dBm16HjMtKbJWXLzEoRo.jpg"
8187,7962,"M","thumb_720_8583FHIfpPIuPwceXu8q8p8N.jpg"
8188,7962,"S","thumb_384_4885zOU7Go0lkjteZgD48Gvu.jpg"
8189,7962,"S","thumb_384_6307kPW7tltjTnxJvCjcKHUm.jpg"
8190,7962,"S","thumb_384_8416To8YEanddnVLDWCpExYW.jpg"
8191,7963,"M","thumb_720_1574wABEUMqWmEKoBOGBpObf.jpg"
8192,7963,"S","thumb_384_3076sWZlcz5kHJ0gqbtqjpg0.jpg"
8193,7963,"S","thumb_384_1588hkhXSJUh4QKBNPgGaXkz.jpg"
8194,7963,"S","thumb_384_1716Vwz0O1XB4NiTcqbYmQTZ.jpg"
8195,7964,"M","noimg.jpg"
8196,7965,"M","thumb_720_20137FEsZfYIGhPNpxdGlpsH.jpg"
8197,7965,"S","thumb_384_2287ie4CXpfX42TS4RiIkIvh.jpg"
8198,7965,"S","thumb_384_7111ninow9wZ0vmQ6qNIWpOo.jpg"
8199,7965,"S","thumb_384_5594BdgHkgwAh1R5bVIeGpxy.jpg"
8200,7966,"M","thumb_720_1321CKibZjJ8l41ST9sj6Y38.jpg"
8201,7966,"S","thumb_384_6057qW4KxwWKVFg6xOvd8Kqv.jpg"
8202,7966,"S","thumb_384_6338u7lkLlOWLubOXersbjS8.jpg"
8203,7966,"S","thumb_384_5249XqjDGOp6utizK5Tw8vS9.jpg"
8204,7967,"M","thumb_720_3309a3Ao853NgI0bNWR3cKlG.jpg"
8205,7967,"S","thumb_384_3768AQvNY9OXnevMb1WiMqHr.jpg"
8206,7967,"S","thumb_384_6768vhRFSJGoxT4baIBqeMtf.jpg"
8207,7967,"S","thumb_384_2161DAds8EynP9PwPgEefXiy.jpg"
8208,7969,"M","thumb_720_9396E22oVFFeKCZdC88sWlkG.jpg"
8209,7969,"S","thumb_384_7271et4wDF3vov95XUBkvVjc.jpg"
8210,7969,"S","thumb_384_0740GcCJZ0smxv1TINmXPbFZ.jpg"
8211,7969,"S","thumb_384_3617AXiE2hLUIN3aBAnTjVhj.jpg"
8212,7970,"M","thumb_720_7341tuZJAEk94P92XuQYDa7u.jpg"
8213,7970,"S","thumb_384_7429umWzw1yTuTFFqEpVFEYP.jpg"
8214,7970,"S","thumb_384_3276ap5NSztqJ6NjdVEZXkdy.jpg"
8215,7970,"S","thumb_384_7174jnTz93T8yOrrt3BQvVS3.jpg"
8216,7971,"M","thumb_720_75710MM6Jmx7K7B5addNxn85.jpg"
8217,7971,"S","thumb_384_4222c5fWIG6fE1I4sNViydnC.jpg"
8218,7971,"S","thumb_384_9977FHAb8cmXzovT12yVTgp2.jpg"
8219,7971,"S","thumb_384_47426fonNmjRUWCTUL1iWjir.jpg"
8220,7972,"M","thumb_720_8876SF4Zp3U8zzVDJhXH259D.jpg"
8221,7972,"S","thumb_384_4383zH6ibNG3a67VN5Vdmkhx.jpg"
8222,7972,"S","thumb_384_4300kWfY5MiBfLBFa1St90CV.jpg"
8223,7972,"S","thumb_384_3284nD5td1yU4lnEfyVv2i18.jpg"
8224,7973,"M","thumb_720_3909BiQ6reSuoP5RXKwJfp8d.jpg"
8225,7973,"S","thumb_384_9060ZKaTHuGCBnXZzRcuUaOv.jpg"
8226,7973,"S","thumb_384_3273BwFxyiNGdJzWA5Q29uyD.jpg"
8227,7973,"S","thumb_384_5536cotV6njlX1INEbxbbDcD.jpg"
8228,7974,"M","thumb_720_3344gxwcUxQdErUZ9VXMAxEf.jpg"
8229,7974,"S","thumb_384_8087KWgslMrGxqreFNK8U1DH.jpg"
8230,7974,"S","thumb_384_9598mSFf49RPhy68CRfXgdN4.jpg"
8231,7974,"S","thumb_384_8501BFM5H32qPhbtr6a1VxZn.jpg"
8232,7975,"M","noimg.jpg"
8233,7976,"M","thumb_720_3657eiuYhYh1sn4ymRTTECGt.jpg"
8234,7976,"S","thumb_384_8790wGvGw8T8glLjtMXD4glO.jpg"
8235,7976,"S","thumb_384_0306CyaOg70eGyt5DJHe24xH.jpg"
8236,7976,"S","thumb_384_70836kE2xod6fH8JWkgSFZuR.jpg"
8237,7977,"M",""
8238,7979,"M","noimg.jpg"
8239,7980,"M","thumb_720_3564AyNTpmiXHsFiDk3koAi2.jpg"
8240,7980,"S","thumb_384_7908neFwIbv4E4ZsYqXOBSxv.jpg"
8241,7980,"S","thumb_384_2682fCMm4biW7cFXmzyNlKL7.jpg"
8242,7980,"S","thumb_384_1265oQ2aOpY8tEHrpJ7uvPC9.jpg"
8243,7981,"M","thumb_720_0553ks33EceeWQxl2KggPdp6.jpg"
8244,7981,"S","thumb_384_7429byxb58EMfIu0cXl9Hn8J.jpg"
8245,7981,"S","thumb_384_9790T55rnLYZBwQIGVEOrAiK.jpg"
8246,7981,"S","thumb_384_5025NwVAzlFpNZ0MUyK8gULN.jpg"
8247,7982,"M","noimg.jpg"
8248,7983,"M","thumb_720_6715IHrQGg0nUkQCdb9Z5nYZ.jpg"
8249,7983,"S","thumb_384_5288uNBpIbS3LV9ZWR7XNmmb.jpg"
8250,7983,"S","thumb_384_7791oRTgoab7htwIUWQSr9VB.jpg"
8251,7983,"S","thumb_384_1305AFfZpfwEWkNWBY36RHux.jpg"
8252,7984,"M","thumb_720_1109OH35OZ9qlAGtCXjyJsee.jpg"
8253,7984,"S","thumb_384_9374dbn6dT4JpiphHZdtYtAg.jpg"
8254,7984,"S","thumb_384_1586vnlJntoX4cHujVdsyaN4.jpg"
8255,7984,"S","thumb_384_5472aSyzRuSkcGCKzZ1GKmOu.jpg"
8256,7985,"M","thumb_720_5320rO8i4FQ8gfDAF9Sa8Z9k.jpg"
8257,7985,"S","thumb_384_8931JcYyz9fZnwFhI49Us2FQ.jpg"
8258,7985,"S","thumb_384_4466SsiYO6YqGcJJsjsKuqUq.jpg"
8259,7985,"S","thumb_384_1620D4TnkRi9EWplJbcQilzX.jpg"
8260,7986,"M","thumb_720_8688YnEMQX86J2k6YKcJOmnN.jpg"
8261,7986,"S","thumb_384_6907apXFG9Qz8SWbMVeC53lZ.jpg"
8262,7986,"S","thumb_384_2140ctD5BK8HNwaJ6lpTUufz.jpg"
8263,7986,"S","thumb_384_4952YKudIrNaEB0fWnH9wK5F.jpg"
8264,7987,"M","thumb_720_0874aCNi7um39deA6cc3XOdP.jpg"
8265,7987,"S","thumb_384_65341cFDI0Nz1RMlZFRo6Ulu.jpg"
8266,7987,"S","thumb_384_8918MblrpIQfwztJwpaLOhGn.jpg"
8267,7987,"S","thumb_384_9785GaBsq7HvEaI4vt2BwcQj.jpg"
8268,7988,"M","thumb_720_4322VDTeFP7Es3WT5bfOz0tE.jpg"
8269,7988,"S","thumb_384_5681ZJCNfg1Yw2F4nhNhlXEY.jpg"
8270,7988,"S","thumb_384_8384Eymd6a9iLceNZuEPGjsX.jpg"
8271,7988,"S","thumb_384_8990HP1r6WS874SJENGYB4L2.jpg"
8272,7989,"M","thumb_720_03603gkjRcI4sP0ngAHvCRpl.jpg"
8273,7989,"S","thumb_384_8671fepxmQCdaWiA3qQPicym.jpg"
8274,7989,"S","thumb_384_6161EGx5JZxncfBP9azpA7a4.jpg"
8275,7989,"S","thumb_384_4303SYPDOhx0U9uPpbZvQwHW.jpg"
8276,7990,"M","thumb_720_5665Cr2bhsTYxxhyprImikUT.jpg"
8277,7990,"S","thumb_384_7536ULY5ji9w8MgUX1z9doH9.jpg"
8278,7990,"S","thumb_384_6460gxHFRZxRAzfcVmeLy76v.jpg"
8279,7990,"S","thumb_384_0441cHw9HZ0yLNTQgKKuEzlY.jpg"
8280,7991,"M","thumb_720_07595qSy7xXHWcbUyCqcLX4Z.jpg"
8281,7991,"S","thumb_384_95258x3XvVYTDbln308jCV86.jpg"
8282,7991,"S","thumb_384_2059eDoYiqk2lSf0QgRJSj2V.jpg"
8283,7991,"S","thumb_384_3298k7mvAjDJe1CQYjKsHqTE.jpg"
8284,7992,"M","thumb_720_2020QMQ1y7zLhcZkhcNAI4IV.jpg"
8285,7992,"S","thumb_384_3541bQphs27R2D1GlKEmbbY5.jpg"
8286,7992,"S","thumb_384_1138RNfikD3q6R8dp8fsgrOJ.jpg"
8287,7992,"S","thumb_384_4887AHAM1mKjN6VmNSAE3YkL.jpg"
8288,7993,"M","thumb_720_9896OlNNUlQGsTWsS6Kz1kJU.jpg"
8289,7993,"S","thumb_384_1213G0i0TgyR8tOmOPSvnUNm.jpg"
8290,7993,"S","thumb_384_2892ghU5LEB1o8DjktY1Yn0h.jpg"
8291,7993,"S","thumb_384_7731XguLLUrB08loHRaHlTBe.jpg"
8292,7995,"M","thumb_720_2016NBJwElU6RgRCHemX3sAo.jpg"
8293,7995,"S","thumb_384_5171nL85uyLND7y5KZ6if9HC.jpg"
8294,7995,"S","thumb_384_5228SFdFAZeGitYb7acrmILM.jpg"
8295,7995,"S","thumb_384_8948CScV1vNZBnZnAbRaWlYq.jpg"
8296,7996,"M","thumb_720_3045ImSx0HndLUhzDTHtpkSC.jpg"
8297,7996,"S","thumb_384_263285JrqsifVnkiAhadr0Rq.jpg"
8298,7996,"S","thumb_384_1871lRIYbT8bli3H7DD1CojK.jpg"
8299,7996,"S","thumb_384_3209jX0Ev61UmdtflffSiEMe.jpg"
8300,7997,"M","thumb_720_3452y6299Yk77XwJgIqU2C7x.jpg"
8301,7997,"S","thumb_384_0228BUZmcGyXGQqm94nTUzRN.jpg"
8302,7997,"S","thumb_384_47786Q80Ns6EYmnnayrdE1Gi.jpg"
8303,7997,"S","thumb_384_0135A8BW5Cx9ZfqqOBTQksTc.jpg"
8304,7998,"M","thumb_720_7169O6U7QeAV77OHVzNu2qn3.jpg"
8305,7998,"S","thumb_384_1769P7xf6WKIbYWxeRDpGtDD.jpg"
8306,7998,"S","thumb_384_9102gwlW7bGKGEGaKuUPSZSW.jpg"
8307,7998,"S","thumb_384_0887vqgjHuXJmqfDjGxgWKaP.jpg"
8308,7999,"M","thumb_720_3552AgEVL3aUdASznQ99VabZ.jpg"
8309,7999,"S","thumb_384_12480ly0chGUjfdhZcU3IZDV.jpg"
8310,7999,"S","thumb_384_9343tEeRvX0or6O1aY2mvHBi.jpg"
8311,7999,"S","thumb_384_2287yvvS4rWsZ0Jndd1ISNpC.jpg"
8312,8000,"M","thumb_720_78804vm4S5svZuvcFPWUOtRq.jpg"
8313,8000,"S","thumb_384_0416xoR3gQQ2b7zWg0a9T7Mg.jpg"
8314,8000,"S","thumb_384_26953enAXqjgFi0jq1HV2NGv.jpg"
8315,8000,"S","thumb_384_5062t4WfyX3RMALVcx9REAvi.jpg"
8316,8001,"M","thumb_720_1950jT5QMuroGDK9Mt4LWhld.jpeg"
8317,8001,"S","thumb_384_7969QostashCmbr0LKYwYj0w.jpg"
8318,8001,"S","thumb_384_2520RnTu7qEIub9yfmjGOUES.jpeg"
8319,8001,"S","thumb_384_9800o6Ug08ytg5a96dsiUB8h.jpg"
8320,8002,"M","noimg.jpg"
8321,8003,"M","thumb_720_8644ejc05oPRU4mqid3Q6pY1.jpg"
8322,8003,"S","thumb_384_3742C9Le9EsyNIQj9JhBsUA2.jpg"
8323,8003,"S","thumb_384_4152g9Zd5Mdj2AKwf2JGDPRz.jpg"
8324,8003,"S","thumb_384_31247RZ372WTjEmvgKnJ7vsQ.jpg"
8325,8004,"M","thumb_720_7980EqdAs3OETgnp5bNV7UdR.jpg"
8326,8004,"S","thumb_384_38264uL3zmFQb12C63v0AyBk.jpg"
8327,8004,"S","thumb_384_70377u34ikhBx63ZFtYlF5Za.jpg"
8328,8004,"S","thumb_384_9495YrMGA6ZdgjeaHavKvz6W.jpg"
8329,8006,"M","noimg.jpg"
8330,8007,"M","thumb_720_8754tjc9IYKH062urE6dH074.jpg"
8331,8007,"S","thumb_384_6718pAcWQrNssXhVH6Ye2f4Y.jpg"
8332,8007,"S","thumb_384_2250F5LadM5hQclJSRccSDnh.jpg"
8333,8007,"S","thumb_384_5452iAFydAFBd0xM0bTAzSoK.jpg"
8334,8008,"M","thumb_720_5653NOn1VrM6jC3dceRh8xYx.jpg"
8335,8008,"S","thumb_384_9471oa6dFiOid0iX5w0WM8ne.jpg"
8336,8008,"S","thumb_384_06874nxyp8gWJcrtIJwzyS4N.jpg"
8337,8008,"S","thumb_384_7975e6vtCxH9vLp330Hmq095.jpg"
8338,8009,"M","thumb_720_41500ls78T6V8Yl0NkUaadsm.jpg"
8339,8009,"S","thumb_384_8936zqRqMAuuHmLWCjlCD4Ol.jpg"
8340,8009,"S","thumb_384_2331B9vJUV6XLcFJzjfcbZma.jpg"
8341,8009,"S","thumb_384_67355ys5miEJVdr8kBU1e5TK.jpg"
8342,8010,"M","thumb_720_1282bpFqjBZpfFIaUo1wTdW0.jpg"
8343,8010,"S","thumb_384_2138mLh56kGgx94NRXxNupAW.jpg"
8344,8010,"S","thumb_384_3086DqZxukXDeGCwU9WPELEF.jpg"
8345,8010,"S","thumb_384_2179N1psiJ9DMgLVPgzs0Qwn.jpg"
8346,8011,"M","thumb_720_4953QjpZNnGRSpZ3c9OZZNPK.jpg"
8347,8011,"S","thumb_384_0046G4QI6pcUfFoTO0603TWq.jpg"
8348,8011,"S","thumb_384_4057MRmlXIqf3cwGFEamVZXZ.jpg"
8349,8011,"S","thumb_384_6256hG1Mg92SHUMCmCfGAok7.jpg"
8350,8012,"M","noimg.jpg"
8351,8014,"M","thumb_720_4703Qm7QalwokiTMJMJJxt8m.jpg"
8352,8014,"S","thumb_384_18614kWWdb9QQWqGbD5ptY7i.jpg"
8353,8014,"S","thumb_384_60824P3WwIReKS45ftoVAK1s.jpg"
8354,8014,"S","thumb_384_49091kiUfGcre95RYkeQCe1X.jpg"
8355,8015,"M","thumb_720_42102RTvHzYCkJB0fVKKjEXq.jpg"
8356,8015,"S","thumb_384_2910EercE3BVdLPKzpK9AB9k.jpg"
8357,8015,"S","thumb_384_9321Xp8FQ0MrQ94T37sBzd52.jpg"
8358,8015,"S","thumb_384_77857KP9PFvrwuVaG4pJt02f.jpg"
8359,8016,"M","thumb_720_1778TI5kdTg5bpysvLb7dR3t.jpg"
8360,8016,"S","thumb_384_2447u9UfM1r6H0NnYbxSuXze.jpg"
8361,8016,"S","thumb_384_1538OB25ceWr5hVonwp8Mh1C.jpg"
8362,8016,"S","thumb_384_10417ZC6HWOLaz4SbIFEuSZQ.jpg"
8363,8017,"M","thumb_720_1214yEjbN5XVj3IKW0dbQ2MS.jpg"
8364,8017,"S","thumb_384_4865oDjDMYZ1PMBR7UyIGhMC.jpg"
8365,8017,"S","thumb_384_77052jxj0EWFKhyp2srbelCu.jpg"
8366,8017,"S","thumb_384_09275HOitxTGWgfTA5tAe5i0.jpg"
8367,8018,"M","noimg.jpg"
8368,8019,"M","thumb_720_6200DIZrgb7JHk157D7zTJXw.jpg"
8369,8019,"S","thumb_384_9169CsHWRHxQbSaRisZhdcx2.jpg"
8370,8019,"S","thumb_384_3484pZ9Mr11O3DHW31xSTyCP.jpg"
8371,8019,"S","thumb_384_0517dbLFM6eCUzmjvPQXhJj2.jpg"
8372,8020,"M","thumb_720_4089toXTjapMBA2uC8CnT6LA.jpg"
8373,8020,"S","thumb_384_9411NLC1eW8vcTNIbDLFLgmr.jpg"
8374,8020,"S","thumb_384_1487QvRxIbEmfqfWJcVqsY6B.jpg"
8375,8020,"S","thumb_384_29002KT1nhZOIa9bdFkyBkb1.jpg"
8376,8022,"M","thumb_720_3862R6kl3qSC0bxlL9QLOGMX.jpg"
8377,8022,"S","thumb_384_1806pnhk88jMK6tdt7Rhl84h.jpg"
8378,8022,"S","thumb_384_0267yNumo5R9zW3XIv9LMheX.jpg"
8379,8022,"S","thumb_384_82536FDbWTkIleVALQbyJQDx.jpg"
8380,8023,"M","thumb_720_7972e0wLqCy8BG7NN8TaLzRx.jpg"
8381,8023,"S","thumb_384_4855tNH5AtfEkDuVr5Rpebsl.jpg"
8382,8023,"S","thumb_384_6325mIgB6QBz7SUlBudDBTqt.jpg"
8383,8023,"S","thumb_384_55259YPMiiFoyJA5XYtM1nAC.jpg"
8384,8025,"M","thumb_720_4205h5sQpiJueR739dz7b5iN.png"
8385,8025,"S","thumb_384_9395fyGCHopxORJQbgg45dGP.jpg"
8386,8025,"S","thumb_384_99313sy5WpTFtLxLmWjBA3b6.jpg"
8387,8025,"S","thumb_384_6320piRfSKZZXxervYEWfpH1.jpg"
8388,8026,"M","noimg.jpg"
8389,8027,"M","thumb_720_1520g8ps91r8zF0ewnWX8oJ2.jpg"
8390,8027,"S","thumb_384_579384RfVzIeAoGc4zsui1IB.jpg"
8391,8027,"S","thumb_384_7822pFK5REySkWNVsv3WhXXO.jpg"
8392,8027,"S","thumb_384_25877lBlfe43UqGPJiaGRSQM.jpg"
8393,8028,"M","thumb_720_6340HueWkkgM1kzDTgzn4rao.jpg"
8394,8028,"S","thumb_384_5777vNLAG4vQWKJiMzNauQKZ.jpg"
8395,8028,"S","thumb_384_9134u4ndSXOm8mJC8gNCAeo3.jpg"
8396,8028,"S","thumb_384_55100g3XHhk884kmU4ykfjuG.jpg"
8397,8029,"M","thumb_720_06451bwXakERFfx0EdjH0sCu.jpg"
8398,8029,"S","thumb_384_0246xIerh77d6mztmSFnHFNs.jpg"
8399,8029,"S","thumb_384_2377gWFcsYOiXSDjOZO6V654.jpg"
8400,8029,"S","thumb_384_5484Btd6KZw7yuROZM0nl3az.jpg"
8401,8030,"M","thumb_720_9226VTEeE5qSswWEEdrgNhAh.jpg"
8402,8030,"S","thumb_384_0139IeaCiBQIEDAaacXRrfTA.jpg"
8403,8030,"S","thumb_384_1622hwhnWDbvtMzRSDjuCn88.jpg"
8404,8030,"S","thumb_384_1913qQwoaFSAJjajrdOpk2rf.jpg"
8405,8031,"M","thumb_720_4719RZU4ra64pKNQnxspH8Et.jpg"
8406,8031,"S","thumb_384_3507mabgZoxvFGpsQ1lSgiXy.jpg"
8407,8031,"S","thumb_384_4133qvrEGKh0mQuUeuWWduia.jpg"
8408,8031,"S","thumb_384_7696zZjxLg7HdnTtLhFklKrN.jpg"
8409,8032,"M","noimg.jpg"
8410,8033,"M","thumb_720_8030Vrn6k6dt4YkB92MppNUo.jpg"
8411,8033,"S","thumb_384_1126v2eeWcJCfL4bUyM3vJQS.jpg"
8412,8033,"S","thumb_384_1980LY11JxlTRumBGJIiVOt6.jpg"
8413,8033,"S","thumb_384_3611y46i4MRMVNXCknMypaVJ.jpg"
8414,8034,"M","thumb_720_7895LfghDPiMUURi2bQypcRK.jpg"
8415,8034,"S","thumb_384_70260xhapay30f8waJaeJK5H.jpg"
8416,8034,"S","thumb_384_2489b6DsIKlySiybXGtuhEYj.jpg"
8417,8034,"S","thumb_384_4014QQ9vGVMIn0xF6maEu7rX.jpg"
8418,8035,"M","thumb_720_8275BxOAtggcK8vRjiROmsIl.jpg"
8419,8035,"S","thumb_384_4571pBR1Cg151QeGZMmStmpW.jpg"
8420,8035,"S","thumb_384_8949u6Wg9xJgrMUwZ0ZXgvpv.jpg"
8421,8035,"S","thumb_384_3860OS0LLEBISefBCOjY3clF.jpg"
8422,8036,"M","noimg.jpg"
8423,8038,"M","thumb_720_7975KB5WpSklAa16ae1x0JWM.jpg"
8424,8038,"S","thumb_384_0158GXMvXqZT8hDAAtFdgrGn.jpg"
8425,8038,"S","thumb_384_8296ptg2GFbgfOHgeWxUSg6t.jpg"
8426,8038,"S","thumb_384_9224hftGIdciy5nQQAASMN7P.jpg"
8427,8040,"M","thumb_720_9532oNs9Ekq864jDRFOLuXnq.jpg"
8428,8040,"S","thumb_384_63447DXZe8QWcSLbmuDuiKx7.jpg"
8429,8040,"S","thumb_384_3092Ve4W93a6syKR8oJD9mbg.jpg"
8430,8040,"S","thumb_384_88957lAyFrruxnW0MBUqMUpy.jpg"
8431,8041,"M","thumb_720_17145U1pLfJKK9Ukn56SVEJu.jpg"
8432,8041,"S","thumb_384_3203wj0z3BLbwXvmfl9odrnX.jpg"
8433,8041,"S","thumb_384_9067w3TSXDx4Urtn3hkxTUG6.jpg"
8434,8041,"S","thumb_384_865859vgrDo3DselNXSq84XQ.jpg"
8435,8042,"M","thumb_720_8397NNI1SUhqVUtCQc3ge0qx.jpg"
8436,8042,"S","thumb_384_2915uOenG55Ve8rLVkCVu1Ns.jpg"
8437,8042,"S","thumb_384_5142le5qnLCtfRtFJYL6jPy3.jpg"
8438,8042,"S","thumb_384_7357paoU2Q3PJnoV4Z3yAOvQ.jpg"
8439,8043,"M","noimg.jpg"
8440,8044,"M","thumb_720_1911zZYYmGcQfzViiUIHx9oS.jpg"
8441,8044,"S","thumb_384_53083oYMNkJKAvsrA2m3YA7H.jpg"
8442,8044,"S","thumb_384_3339xwc9nXzgvNj4mIX8rprn.jpg"
8443,8044,"S","thumb_384_7130zTmOnaA1tUhnsemdTVSf.jpg"
8444,8045,"M","thumb_720_2871L5XrpbGDG95N3BMV9z8I.jpg"
8445,8045,"S","thumb_384_7714gysEe9tFYkA9gGB3Tjff.jpg"
8446,8045,"S","thumb_384_7771ffDOV0bBvfC4ks7Kdha3.jpg"
8447,8045,"S","thumb_384_9386Df47fGYqZM8qM50FApt5.jpg"
8448,8046,"M","thumb_720_4801zcYG1pZJC8YUURXMXDzS.jpg"
8449,8046,"S","thumb_384_753452HMQ2lBH5YTTKWN7vdz.jpg"
8450,8046,"S","thumb_384_0810dbbKlsb4fsoF5hTBFkZE.jpg"
8451,8046,"S","thumb_384_34215rHJ2N2NiQkjSIWlWBlW.jpg"
8452,8047,"M","thumb_720_2143ESELLcwJrjmAs3g4z5Cj.jpg"
8453,8047,"S","thumb_384_80741mTCL6S9XxAhXxZR4FaU.jpg"
8454,8047,"S","thumb_384_9690VDeZqA2zW1AFi9jRVS06.jpg"
8455,8047,"S","thumb_384_45164ZEvizzcDHcxzoj2Infm.jpg"
8456,8048,"M","noimg.jpg"
8457,8049,"M","noimg.jpg"
8458,8050,"M","noimg.jpg"
8459,8051,"M","noimg.jpg"
8460,8052,"M","thumb_720_02510plciG6FVrHNS7QXW6vC.jpg"
8461,8052,"S","thumb_384_78323fpvaRVpTdv5GwQZPxe1.jpg"
8462,8052,"S","thumb_384_2607FDRqmG6obMeBtYCxiSdp.jpg"
8463,8052,"S","thumb_384_9191UDYDSTvYJWTsNNg2RzYi.jpg"
8464,8053,"M","thumb_720_44934sEorGWDyTzE0RQuYlUS.jpg"
8465,8053,"S","thumb_384_6517p3ejEnuDafrQFk11Ix5J.jpg"
8466,8053,"S","thumb_384_7314AEJ6DIGJEDSjRbHWfKh4.jpg"
8467,8053,"S","thumb_384_2406LfJPEacoujCAyt1qpSvA.jpg"
8468,8054,"M","thumb_720_79528tgFb8hXU3wJ4hvSjdsr.jpg"
8469,8054,"S","thumb_384_3872YgkzIannrhGTWEDwmHNk.jpg"
8470,8054,"S","thumb_384_2953UQ4BxPxH8zm9ZbgVK3Jk.jpg"
8471,8054,"S","thumb_384_3513MdeCq5loy2ZIKWjFyccE.jpg"
8472,8055,"M","thumb_720_3317B4OOXi9YLJP5EjCvu9Dr.jpg"
8473,8055,"S","thumb_384_3180eBpPbJ3dp4CLPZWdmh7r.jpg"
8474,8055,"S","thumb_384_9684HsYwGz71ksqUrOkYeChc.jpg"
8475,8055,"S","thumb_384_06074iYByQY7t7OZFw3LYzsI.jpg"
8476,8056,"M","thumb_720_3599YjdwC2JrLdZlzKW3CrL7.jpg"
8477,8056,"S","thumb_384_20380A5fLEbdQJ9dk7emHc7E.jpg"
8478,8056,"S","thumb_384_0158cHZrMDrmJzOyAG8bmf9D.jpg"
8479,8056,"S","thumb_384_0178mbjtjwlK7S5JO7s7RBaU.jpg"
8480,8057,"M","thumb_720_5118EaNzs6MD2sWoByxL8KxT.jpg"
8481,8057,"S","thumb_384_8480uU8XvtpvvXRmE3wQ6hou.jpg"
8482,8057,"S","thumb_384_8001E5Oa7dHiHDKCgNYJtAd1.jpg"
8483,8057,"S","thumb_384_6998X7aMGwQY4k9PEHys8EUx.jpg"
8484,8058,"M","thumb_720_0749rnETvk1oyS08Ds997OIg.jpg"
8485,8058,"S","thumb_384_3424qcqYyPgvw6HDyUQnuM73.jpg"
8486,8058,"S","thumb_384_6380PuJWYsaPH3O2SCyCPxgQ.jpg"
8487,8058,"S","thumb_384_2015PeFq4aJ4NwEOa6rTQqsN.jpg"
8488,8059,"M","noimg.jpg"
8489,8060,"M","thumb_720_8672pl1ihwKw06AntRIgiQaf.jpg"
8490,8060,"S","thumb_384_52278VTgs2MLozp8mVgUJJpA.jpg"
8491,8060,"S","thumb_384_9868j54naPPQXS1wYfopzjAh.jpg"
8492,8060,"S","thumb_384_2278jfz4L5H18drcSKIrYVXB.jpg"
8493,8061,"M","thumb_720_90147jTvVxtzgNXgvegLZxXC.jpg"
8494,8061,"S","thumb_384_8425r2WkrE97rfJyRt76JBpV.jpg"
8495,8061,"S","thumb_384_9203B7lAEUW7wtAcWpLgHflh.jpg"
8496,8061,"S","thumb_384_2978DZpYC4A3dG06XHdiWoSG.jpg"
8497,8062,"M","thumb_720_3164eJuvq9aJs0RcXYKaQzsR.jpg"
8498,8062,"S","thumb_384_3793KmPQH8Au9I9IUqCeUXzW.jpg"
8499,8062,"S","thumb_384_5441XQ5sqLoc1ZFucp43mWeB.jpg"
8500,8063,"M","noimg.jpg"
8501,8064,"M","thumb_720_5520uHTmjWTMFbH6PEBUlTBj.jpg"
8502,8064,"S","thumb_384_0335fEJnAMRUGq5VwW2vASHu.jpg"
8503,8064,"S","thumb_384_7979LejL3XVEEozkZTDRNzat.jpg"
8504,8064,"S","thumb_384_0419RoVDQ9vxyywUrCWg95LQ.jpg"
8505,8065,"M","thumb_720_8930OEeLwGQkpD2ZiNVno69x.jpg"
8506,8065,"S","thumb_384_6216UxjzCshskRkQNy1HLblt.jpg"
8507,8065,"S","thumb_384_3766hj8VzU2zjT0gJdegqDwh.jpg"
8508,8065,"S","thumb_384_0547MAQcRJ6DgJq7psrNKlog.jpg"
8509,8066,"M","noimg.jpg"
8510,8067,"M","thumb_720_1079tN891EZxREVViDFvfdGV.jpg"
8511,8067,"S","thumb_384_7535ZzjPO8DMlcXFu3MOeP6i.jpg"
8512,8067,"S","thumb_384_1446b4BdEgiIQaachq8QKZWF.jpg"
8513,8067,"S","thumb_384_6745V6rcBMHpsL3eFNtGC1Cm.jpg"
8514,8068,"M","thumb_720_5993DCD8b8i04VMHjuilepnq.jpg"
8515,8068,"S","thumb_384_1765XOBMBFmt54OLFWkztJHg.jpg"
8516,8068,"S","thumb_384_1274dklfVuIYXdGdg2Ou3qww.jpg"
8517,8068,"S","thumb_384_9845HmGkcGv6ip9BkUIwEx1z.jpg"
8518,8069,"M","thumb_720_788178P83DQ1UtL3at87EUsj.jpg"
8519,8069,"S","thumb_384_9224vwRE9QPpkilF3wsHcTFO.jpg"
8520,8069,"S","thumb_384_04442xgXf7fRnuajNE1zx4I7.jpg"
8521,8069,"S","thumb_384_0816O5HMWYCtdLSpaISr8n5C.jpg"
8522,8070,"M","thumb_720_6990l0srPWyBVo7abU8LI38f.jpg"
8523,8070,"S","thumb_384_0941VwlfSpiruNWniYUO46qO.jpg"
8524,8070,"S","thumb_384_4957BqgsSwT5osmorwNB7RpS.jpg"
8525,8070,"S","thumb_384_3376feAlHlfLqUSO9F5yOMLa.jpg"
8526,8071,"M","thumb_720_6321Qjzgdt8vybBovOSK1zOB.jpg"
8527,8071,"S","thumb_384_46376RjiXHkqGCjJftLHlhP4.jpg"
8528,8071,"S","thumb_384_9859uN6zug9raEE3hyVs87q1.jpg"
8529,8071,"S","thumb_384_8053luJrDTjbHhv47bU1VYGV.jpg"
8530,8072,"M","thumb_720_2305The5imsNvgs6dbNqOqqR.jpg"
8531,8072,"S","thumb_384_3380ausfQd3UUzDtPwcNll3i.jpg"
8532,8072,"S","thumb_384_32572jGRC8mnT73aXj8Gy2el.jpg"
8533,8072,"S","thumb_384_16901JcQkQPiMF9g6bknB5lo.jpg"
8534,8073,"M","thumb_720_3619jcPqAIzGdzQLTfTizmAR.jpg"
8535,8073,"S","thumb_384_17382YOl2xDss6QTI3dmwr6q.jpg"
8536,8073,"S","thumb_384_9357eRlqJ06IiWKzulG5khqj.jpg"
8537,8073,"S","thumb_384_8642U51uc0O68ccmRQ6EdRIO.jpg"
8538,8074,"M","thumb_720_1155VWIIOqX4PcYubZj3y0Oi.jpg"
8539,8074,"S","thumb_384_4218fenmaVaYMbuz3EKRwpPO.jpg"
8540,8074,"S","thumb_384_96832QK18XdkxYgCeAQXOOVC.jpg"
8541,8074,"S","thumb_384_6496IBbBkOtLJUOZ8zTRPktE.jpg"
8542,8075,"M","thumb_720_1683Ts1zfq162kVNI1xrXjrz.jpg"
8543,8075,"S","thumb_384_9542vF1FHqmsxEAgvPGkbw7M.jpg"
8544,8075,"S","thumb_384_8609uI6uzTGUBeqg2SNGjR7a.jpg"
8545,8075,"S","thumb_384_4215Z4DCbJWbfYBqgB6QGPpn.jpg"
8546,8076,"M","thumb_720_7030gyWBxAKphgOMC2R7qj8x.jpg"
8547,8076,"S","thumb_384_7056bdD3GMIq2JrRSbGZXvJB.jpg"
8548,8076,"S","thumb_384_7621NuKItfx3J1nfppT2Yb8t.jpg"
8549,8076,"S","thumb_384_9747GaC124O8qCuZtARb51Wp.jpg"
8550,8078,"M","thumb_720_9789DULtqZ1WSnPWzybTqwq3.jpg"
8551,8078,"S","thumb_384_1152tmfg9Yt79o3sUvVBAa8A.jpg"
8552,8078,"S","thumb_384_9616mnqtm5UdNJ8vc7gCmnCF.jpg"
8553,8078,"S","thumb_384_3387WgqS7AzP6nUOpMksA34g.jpg"
8554,8079,"M","thumb_720_9865XjIJl18Jvx1FRMaakr0t.jpg"
8555,8079,"S","thumb_384_0752mjowvDas94djb0hgsZfA.jpg"
8556,8079,"S","thumb_384_1020RuTt6f2pxE1TFsB4WgY2.jpg"
8557,8079,"S","thumb_384_8422idz0qpSl8GHeN8vguvZC.jpg"
8558,8080,"M","thumb_720_2321iMppxLEqvXR7kSbFMbau.jpg"
8559,8080,"S","thumb_384_7702FfOK307Oibeqw5Y8Yj0V.jpg"
8560,8080,"S","thumb_384_7274BA0P4eEngNNLG1UH4vkh.jpg"
8561,8080,"S","thumb_384_48074yqTpqfbNAHZtLu8kaub.jpg"
8562,8081,"M","thumb_720_4179YPMFdNSBU6kpS6AKfQF3.jpg"
8563,8081,"S","thumb_384_5933yi6R05wmNsG2Yu384HSU.jpg"
8564,8081,"S","thumb_384_3790sgSgkmEPPLig8tE3ye9m.jpg"
8565,8081,"S","thumb_384_6206HQ3aOEytGlMabOYhfcqD.jpg"
8566,8082,"M","thumb_720_4467HQfQgrNClgwjhHQrVwAZ.jpg"
8567,8082,"S","thumb_384_8437PczmQCK9IJcgrMOpfXDJ.jpg"
8568,8082,"S","thumb_384_4102u4saECTUIiw5WzBhSj1O.jpg"
8569,8082,"S","thumb_384_5426LxSUUHNuCQgF1x4TdX2E.jpg"
8570,8083,"M","thumb_720_8873vjPFKWtQvVTw4SDzxeiY.jpg"
8571,8083,"S","thumb_384_4922CTkG9uuhu6XMO4bmF9qK.jpg"
8572,8083,"S","thumb_384_4817o9kpPVov3ibXrM8GCQIU.jpg"
8573,8083,"S","thumb_384_64556dlEUEacO8rLrJ2jWXpi.jpg"
8574,8084,"M","thumb_720_0327FwwcoXkr4KkWsNSkirUH.jpg"
8575,8084,"S","thumb_384_3737eORXz0uBuduLRrSyoLID.jpg"
8576,8084,"S","thumb_384_5401QO2BJLClMuzZlyT14Rb8.jpg"
8577,8084,"S","thumb_384_7410s5Y24EOEhwhGAKlN8h7s.jpg"
8578,8085,"M","thumb_720_3323rgh3hYgS9jm11SRHBA7X.jpg"
8579,8085,"S","thumb_384_1352z4MsQ0eSzupjt3mzFiSt.jpg"
8580,8085,"S","thumb_384_9401knyPzunJCetW4FAyRCJk.jpg"
8581,8085,"S","thumb_384_8238mGcME0URIfaTSiae7ebD.jpg"
8582,8086,"M","thumb_720_7464MnfReSxJVr4whqq7afoA.jpg"
8583,8086,"S","thumb_384_51325Mg5syCi7XoUxzEDMzh3.jpg"
8584,8086,"S","thumb_384_0231rS2LcEjCduYH5n2BQut5.jpg"
8585,8086,"S","thumb_384_2081o6BVOE3iY3q9cm37mj98.jpg"
8586,8087,"M","thumb_720_9925azodYRN4vzgKwb2iMyp6.jpg"
8587,8087,"S","thumb_384_0795arp9rf88ZTn7mzruI6S0.jpg"
8588,8087,"S","thumb_384_0687HliWLklh1tDoaRr6PgIq.jpg"
8589,8087,"S","thumb_384_9423wSGi8tBsmukqADgmn4l1.jpg"
8590,8088,"M","thumb_720_0282o2Got95WeTdGYgnCPC76.jpg"
8591,8088,"S","thumb_384_2396zrO85TQcODTyL5WZ5MGA.jpg"
8592,8088,"S","thumb_384_6705CqZrAYhsGGOTRTOURmDx.jpg"
8593,8088,"S","thumb_384_9325LnGGxEAjjuYoHgddBfy9.jpg"
8594,8089,"M","thumb_720_9754Z8Fs01h9LpBYJRkO0f7f.jpg"
8595,8089,"S","thumb_384_2562nkGGOfATyGPdZKQXunsJ.jpg"
8596,8089,"S","thumb_384_1822tXQSwzS6sECwW8WdWVXh.jpg"
8597,8089,"S","thumb_384_14394rq13Z1Sux3DOQWphJdU.jpg"
8598,8090,"M","thumb_720_551023k0Y7LIIHTROFIv43Y8.jpg"
8599,8090,"S","thumb_384_0281haRT0qTzgambp3M1ZAGa.jpg"
8600,8090,"S","thumb_384_42642KVqfHfRIjkZYZxHoQuC.jpg"
8601,8090,"S","thumb_384_3306n682l4hIMJlQaTtYwDEy.jpg"
8602,8091,"M","thumb_720_8253VuDeOJUjLoxuYJ5KW3Nz.jpg"
8603,8091,"S","thumb_384_8683UXeidx3yWv78xA7g5M8C.jpg"
8604,8091,"S","thumb_384_2048gjWbaCC7MLq4Q3SqBr8N.jpg"
8605,8091,"S","thumb_384_7477iXoB4602eNgzMESAeAFx.jpg"
8606,8092,"M","thumb_720_0949kHuIadN9Yq57SoMSrDYn.jpg"
8607,8092,"S","thumb_384_8838jI14PgaYNWASs4FX5i5x.jpg"
8608,8092,"S","thumb_384_1101qMu7XA2BH6bTQTgkz5MM.jpg"
8609,8092,"S","thumb_384_1424P9ZCOUzhN6bCg40GaZm4.jpg"
8610,8093,"M","thumb_720_7786M879O8zzVbkovRR6mYZ8.jpg"
8611,8093,"S","thumb_384_40252hSf2oOe5gwjcaZRQ76q.jpg"
8612,8093,"S","thumb_384_8420cUOcPaimuzVvP9WoKEHz.jpg"
8613,8093,"S","thumb_384_5367yyYh7d9xhMXCQfK1nQIn.jpg"
8614,8094,"M","thumb_720_3607ZxvwC7caeAvh52JJRHCK.jpg"
8615,8094,"S","thumb_384_6808Sl4hJRtxs5Yv1RGaDOPW.jpg"
8616,8094,"S","thumb_384_17088Nrv10SL1fA24mFnjTyU.jpg"
8617,8094,"S","thumb_384_51531Fclg66wfZXM3rBoFsSI.jpg"
8618,8095,"M","thumb_720_4317ZxGSDdtmBQcbfFBf1FFn.png"
8619,8095,"S","thumb_384_9075WUaLkBLz9xDGtyxRtnZS.jpg"
8620,8095,"S","thumb_384_5977FxoTYeVNu6uUxdASOldt.jpg"
8621,8095,"S","thumb_384_9640ZnrG83pH3AW8v584IQJe.jpg"
8622,8096,"M","thumb_720_8011nxgLUyRzZBBpPU9AUfYM.jpg"
8623,8096,"S","thumb_384_1142j3gSOjHN7whiG6dJOgFi.jpg"
8624,8096,"S","thumb_384_6388gqhPkFhvrJUvv1i06xe7.jpg"
8625,8096,"S","thumb_384_7218XTCI3s8jbJeleXHPDTF5.jpg"
8626,8098,"M","thumb_720_8023nNBuivwAwiQZq8eZYVNr.jpg"
8627,8098,"S","thumb_384_18421asIlCZCStZe5OuvuGFf.jpg"
8628,8098,"S","thumb_384_8934xrrVLgy9agdsruBOBu2X.jpg"
8629,8098,"S","thumb_384_5021lgcM8w5LQCEyGZxULPZF.jpg"
8630,8099,"M","thumb_720_1476AwYooVmeHAE3E4nsKG1Y.jpg"
8631,8099,"S","thumb_384_9073x3bfzuTmy3fFCZpOLjA0.jpg"
8632,8099,"S","thumb_384_8141uEIVp7Umoo2p29XS9Suh.jpg"
8633,8099,"S","thumb_384_0165ILHXf6uq7CAHfxSLTf6i.jpg"
8634,8100,"M","noimg.jpg"
8635,8101,"M","thumb_720_2222EHAvW27wUf30gSPY96Ky.jpg"
8636,8101,"S","thumb_384_61846xhKpc0ZywcSfh3UD4Xn.jpg"
8637,8101,"S","thumb_384_2429x5yRp5hYKL8StDbTA5wN.jpg"
8638,8101,"S","thumb_384_5139p8b0im7w9FyslB4zNNeX.jpg"
8639,8102,"M","thumb_720_6490cPo2x1M1TSR3ogflHKhu.jpg"
8640,8102,"S","thumb_384_6368ZQgYn15Y60DGyagyfx7U.jpg"
8641,8102,"S","thumb_384_1217piyUT3Clg4YJE2uw1efC.jpg"
8642,8102,"S","thumb_384_7580p0oe6r1B4Ug4dv5qQXxe.jpg"
8643,8104,"M","thumb_720_59805hjJtdvnCFNfMrmfw6f1.jpg"
8644,8104,"S","thumb_384_81478uTcUpoePgC9Ng8clrOM.jpg"
8645,8104,"S","thumb_384_3838gAd1jPmZuNreN5H34xLZ.jpg"
8646,8104,"S","thumb_384_0271xAZgSe5Wn3Pg5lfZnPSP.jpg"
8647,8105,"M","thumb_720_1109JdiAkGRiu4ElTkFd11Dd.jpg"
8648,8105,"S","thumb_384_8986OVCu8mNroWiPF7y1L1rG.jpg"
8649,8105,"S","thumb_384_6100LsL079aCbSAuoHlwwqos.jpg"
8650,8105,"S","thumb_384_52835yQKK5ZAgAKcVZEV9IsL.jpg"
8651,8106,"M","thumb_720_6473t20LC2eqYek009RQPLcw.jpg"
8652,8106,"S","thumb_384_5551ZBKLmPOpIRmspddyXDTZ.jpg"
8653,8106,"S","thumb_384_6985XRLyrtK2z7ILjzGJ6z5M.jpg"
8654,8106,"S","thumb_384_644775J3G04qOtNiJsoJmLFv.jpg"
8655,8107,"M","thumb_720_7616NWYdZ2c1y1P6bZ9byn5c.jpg"
8656,8107,"S","thumb_384_1679bm7R9J8gwoMya5BBDcqF.jpg"
8657,8107,"S","thumb_384_619850OCKY3wFMEU8wXS1Yk9.jpg"
8658,8107,"S","thumb_384_0288WolU3WrRB8ELoGuoW85z.jpg"
8659,8108,"M","thumb_720_0185urSjwwkZsf31TX18KvIN.jpg"
8660,8108,"S","thumb_384_3548AmwoF2lglukGS6VMSZGx.jpg"
8661,8108,"S","thumb_384_37013XAjrNaHQjNw0wnb1vID.jpg"
8662,8108,"S","thumb_384_96045TDSYPMWqOf3t44bgWEp.jpg"
8663,8109,"M","thumb_720_2532ewzUX6IzjjVsptCvz9L0.jpg"
8664,8109,"S","thumb_384_4507iY4eKKBAyqr950EB8Ut9.jpg"
8665,8109,"S","thumb_384_6179cBfEGhtRZRaF8NYEuUlF.jpg"
8666,8109,"S","thumb_384_62098tN1f209o8mnOSLixgaL.jpg"
8667,8110,"M","thumb_720_3690tfAfNKkrt2xBFnKvYNnt.jpg"
8668,8110,"S","thumb_384_0223MB43WMp0hBHymwaid0UC.jpg"
8669,8110,"S","thumb_384_10010DHTI8taICg8p1FPs5D6.jpg"
8670,8110,"S","thumb_384_0384wWBhCiO9oEwFUWY5Y0Y9.jpg"
8671,8111,"M","thumb_720_1550DUK76vZKd8RcSt8zMsiw.jpg"
8672,8111,"S","thumb_384_6473Ell92CNi26gXUBol8qHX.jpg"
8673,8111,"S","thumb_384_0152NQ1DmQFH7pNvUv1ULWAU.jpg"
8674,8111,"S","thumb_384_7106OclvtxwV9hV8NeTCbOcr.jpg"
8675,8112,"M","thumb_720_35438TvPqUyAd0kDzCL1Q9HI.jpg"
8676,8112,"S","thumb_384_19238DWi0BFQgWkk0zrroW49.jpg"
8677,8112,"S","thumb_384_0493myyUqRcs5JqUpZ80FByA.jpg"
8678,8112,"S","thumb_384_40654b0uYrdXnTe56fmfLR8X.jpg"
8679,8113,"M","thumb_720_5052f4rU5UlBW2CFxXaQy6yU.jpg"
8680,8113,"S","thumb_384_3755E1eXkwlBdXCDyHV6p3YM.jpg"
8681,8113,"S","thumb_384_47323QtjAkj17j2nU94r0k9S.jpg"
8682,8113,"S","thumb_384_0540AVkAVAAPDatd50yBHqDJ.jpg"
8683,8114,"M","thumb_720_7407LaClr0SP0qt4COskTug0.jpg"
8684,8114,"S","thumb_384_4764H18M6DLmObMiH9HZwdrn.jpg"
8685,8114,"S","thumb_384_4070nLVPALvU0jChMZ3KSJzA.jpg"
8686,8114,"S","thumb_384_4565FIxVFJ9i21KqWmzzO85J.jpg"
8687,8115,"M","thumb_720_0515ilghhATQB18DxxKyC851.jpg"
8688,8115,"S","thumb_384_5770gY8kjFgHLU3SSzDoDG0B.jpg"
8689,8115,"S","thumb_384_5125ApCYqCA7a1IsWBx8PbKo.jpg"
8690,8115,"S","thumb_384_4794dRbsZqOL8FwrcGtUOyv4.jpg"
8691,8116,"M","thumb_720_57077iyH2eM6UkotQMPgijLo.jpg"
8692,8116,"S","thumb_384_5503830gsPw0A2XJY91dlzJp.jpg"
8693,8116,"S","thumb_384_1593yowe0LCoOQy9EdBzQW4D.jpg"
8694,8116,"S","thumb_384_2731hFq2NXdIWWUa4q72tuMS.jpg"
8695,8117,"M","thumb_720_1726Mr026tNZjtME8TXLagRt.jpg"
8696,8117,"S","thumb_384_0788qJ9lAIRWYvBFncD4g1Tj.jpg"
8697,8117,"S","thumb_384_0343GO6y3ROdl7rmm2TpWP8M.jpg"
8698,8117,"S","thumb_384_4152CuVNdHzmiWXmadRkcp0d.jpg"
8699,8118,"M","thumb_720_2890cDLgUKpcXsQl2Mj7fWWi.jpg"
8700,8118,"S","thumb_384_1248aEh6vA1LO9hSd6DZ0LLP.jpg"
8701,8118,"S","thumb_384_0000zhvxCpk5Ply7odm5gCr6.jpg"
8702,8118,"S","thumb_384_6755NBu2pu1MCUn2uPdE2oLt.jpg"
8703,8119,"M","thumb_720_6546z7CDBs6mvkQGmaqeQ8en.jpg"
8704,8119,"S","thumb_384_0348teWNNAlO7BwxcPQepNQo.jpg"
8705,8119,"S","thumb_384_9151d5lF209EBaTUNUjW5Dyi.jpg"
8706,8119,"S","thumb_384_45243yhHxNZsWBXy88iCNYjJ.jpg"
8707,8120,"M","thumb_720_3147foEttN6wHj6TMjVfu2wx.jpg"
8708,8120,"S","thumb_384_89734vTDUZF2vXbwhPRzNRwX.jpg"
8709,8120,"S","thumb_384_48163dk3TgKkT88aTgdKlYeN.jpg"
8710,8120,"S","thumb_384_5452lSaT0pYHbPmh70Etx54w.jpg"
8711,8121,"M","thumb_720_5383bXKlqeJ4kLy3mEYtmQ08.jpg"
8712,8121,"S","thumb_384_1115lvv5jygbID6KIUy6t3Co.jpg"
8713,8121,"S","thumb_384_77851SHP3nSQYDCYCOu3OeWP.jpg"
8714,8121,"S","thumb_384_01799Qxi2ItTFkVbhsp20kVc.jpg"
8715,8122,"M","thumb_720_21503FJQpcC8kzpP81DJyfdv.jpg"
8716,8122,"S","thumb_384_97837uXB0PYNBMHETBEyR8Zw.jpg"
8717,8122,"S","thumb_384_2172oOBYHtvCW42A9DwiNjNp.jpg"
8718,8122,"S","thumb_384_6459mQEMvnuGW0tANrPyGLOu.jpg"
8719,8123,"M","thumb_720_2214GC0QfxFRPBOcrgKAIyYe.jpg"
8720,8123,"S","thumb_384_99907cifhyRCM1LexeCwiHZT.jpg"
8721,8123,"S","thumb_384_9415W7sNb9fPKX14Z1BeC2Or.jpg"
8722,8123,"S","thumb_384_9637QlDeM3jzzDhhrxsWJr8G.jpg"
8723,8124,"M","thumb_720_4609VPB8dgRKsARZep5CEJWp.jpg"
8724,8124,"S","thumb_384_3600PaywpQ868fRcu3OVIeQT.jpg"
8725,8124,"S","thumb_384_3324DfFipNhQT8m8JpgsZUpn.jpg"
8726,8124,"S","thumb_384_0519lQOCQV6JiiyitfVvWzV0.jpg"
8727,8125,"M","thumb_720_093822BqQboSlZRulFy8J4P2.jpg"
8728,8125,"S","thumb_384_5760zafonmbld7BHyz6J7sMd.jpg"
8729,8125,"S","thumb_384_4875VKJR0kUZI4f9hyi9ECwd.jpg"
8730,8125,"S","thumb_384_1430H0GXDGD5TOaKDeqWreKv.jpg"
8731,8126,"M","thumb_720_5770N1lZe6oA9natn0lxiZGK.jpg"
8732,8126,"S","thumb_384_0801UJE7XDffjzbpAUFY1dYG.jpg"
8733,8126,"S","thumb_384_2394EWHBBeojVXwSH5iQQQgL.jpg"
8734,8126,"S","thumb_384_77384b4We3kievrGdJw1MW4l.jpg"
8735,8127,"M","noimg.jpg"
8736,8128,"M","thumb_720_6210NdOemR1VWKlJyfbpcMLI.jpg"
8737,8128,"S","thumb_384_5284S8VuyC07srvSlkHPjGtJ.jpg"
8738,8128,"S","thumb_384_4492isGHGn7JPXrCC9u5fVUO.jpg"
8739,8128,"S","thumb_384_42303Ucn6vas6nHqbjbDrcw0.jpg"
8740,8130,"M","thumb_720_8648yUyHcrYX7CVHT7Ayzz3X.jpg"
8741,8130,"S","thumb_384_0069rsQfqOiUHOARrdttaL0t.jpg"
8742,8130,"S","thumb_384_6522mA9aOQZ1BJPYOqzv1UKa.jpg"
8743,8130,"S","thumb_384_1285Uy0GTEmLH0Fj3bsHPny3.jpg"
8744,8131,"M","thumb_720_30362ayG2MOqpdYlcBPM7DhS.jpg"
8745,8131,"S","thumb_384_70820mVsCXcGsyWJe9U8CMmL.jpg"
8746,8131,"S","thumb_384_7553JoiPEp2JDkbakXi6KvVk.jpg"
8747,8131,"S","thumb_384_8301qZkvYNEJu8YBDQM6Oq8c.jpg"
8748,8132,"M","thumb_720_69509cgwR40PlFZ4dBWAsLOx.jpg"
8749,8132,"S","thumb_384_7462U0cTPdw0X9b0z8BlhgFv.jpg"
8750,8132,"S","thumb_384_5544wflrggvUte8AWFfVBK0L.jpg"
8751,8132,"S","thumb_384_24120QPgucOwMsQGfJaucq4Z.jpg"
8752,8133,"M","thumb_720_2255Z2kAMVYqncQ80TbrK1GX.jpg"
8753,8133,"S","thumb_384_5780b1Sb19vWyeE5HR9HvX10.jpg"
8754,8133,"S","thumb_384_6594AnzPTE6DjTYZm0Cwvr6w.jpg"
8755,8133,"S","thumb_384_4084yZyMW4ABFnfQwpaZDLqF.jpg"
8756,8134,"M","thumb_720_0348LElo629BlS6d45Bk3Dfv.jpg"
8757,8134,"S","thumb_384_5942epMFeMZPZaTRlSyYFF1H.jpg"
8758,8134,"S","thumb_384_5272EaF2jjaNuZcMTOcoi9oG.jpg"
8759,8134,"S","thumb_384_09283SjQF2n5FLrFGwEk8W6t.jpg"
8760,8135,"M","thumb_720_46363fZ63lItjyOy7W8fElcV.jpg"
8761,8135,"S","thumb_384_1346iyNfWFxuzUSA7yMUQDS3.jpg"
8762,8135,"S","thumb_384_1079TDWVpbOg62jpOvzAlQWl.jpg"
8763,8135,"S","thumb_384_3288FHcVDH0ThObELe15nRJe.jpg"
8764,8136,"M","thumb_720_7812dMWdTKGUXOZPbYoPIkwY.jpg"
8765,8136,"S","thumb_384_6527LyWbDfkIWi85nBt4D9TR.jpg"
8766,8136,"S","thumb_384_3065hxmO4StufGZGULXwuUVY.jpg"
8767,8136,"S","thumb_384_8682qLnOuRRaWUOe9M1J8cUc.jpg"
8768,8137,"M","thumb_720_1179kIVjOLR30qtGDmGE20mD.jpg"
8769,8137,"S","thumb_384_5179Xs9g6QdA2WJoBiO4ZrOI.jpg"
8770,8137,"S","thumb_384_5837gc33AWrzuhvnPlt2KLM4.jpg"
8771,8137,"S","thumb_384_5791sbN5g6lxBp3LVVMyVMbX.jpg"
8772,8138,"M","thumb_720_8809uYmDVFOFs5ngOvcqiMfi.jpg"
8773,8138,"S","thumb_384_4627Q1YMxId5BgS2Mq6Nd2s0.jpg"
8774,8138,"S","thumb_384_2734WF1Jh4D2sfUN4KknhGXV.jpg"
8775,8138,"S","thumb_384_1771QFS3jiPEBnJRcMbFeJ3c.jpg"
8776,8139,"M","thumb_720_2412Y0k0GvkcxY4mLTklqcrJ.jpg"
8777,8139,"S","thumb_384_5655rda6Hxn0GDnz46Zv4S4N.jpg"
8778,8139,"S","thumb_384_4791FDLAZSefBmthzIsarXsV.jpg"
8779,8139,"S","thumb_384_6464K0969m7yGJgLJRUCsybf.jpg"
8780,8141,"M","thumb_720_5812NcjxWzxEc2Yyd3ymXkgi.jpg"
8781,8141,"S","thumb_384_5276zbFqnPV22CXaREPfqD5R.jpg"
8782,8141,"S","thumb_384_6787i9Z22f2UwowrcmYBL4uv.jpg"
8783,8141,"S","thumb_384_1905cAkeSoE3S6i1G3pOigeZ.jpg"
8784,8142,"M","thumb_720_7220XEppJLJK5BsfPELXiRju.jpg"
8785,8142,"S","thumb_384_0511A7hANZ3aOV9IhCi9bray.jpg"
8786,8142,"S","thumb_384_52791fQau3XDzvvr7mxKfyeH.jpg"
8787,8142,"S","thumb_384_7047YdWIEmxndiMvnVDjh1Jf.jpg"
8788,8143,"M","thumb_720_9648tHy5FFEmbPVgqRj3LgYZ.jpg"
8789,8143,"S","thumb_384_8348GTqEynAsCw0ciyJRtbuw.jpg"
8790,8143,"S","thumb_384_1143xzXxVWK51Z9kU37RIhQh.jpg"
8791,8143,"S","thumb_384_7823IJ80aTbD8tvUzOTOxYkQ.jpg"
8792,8144,"M","thumb_720_6219D0BqYe6uvttu4shL9rqt.png"
8793,8144,"S","thumb_384_8058Kuc0sbMijeWIHNvvaih1.jpg"
8794,8144,"S","thumb_384_6160vYpKFVEle7eUOkr5SA6e.jpg"
8795,8144,"S","thumb_384_6905nxm3HsLggoqmvUQN3kLa.jpg"
8796,8145,"M","thumb_720_7581nkgiQAL6uX9pPixZOZYK.jpg"
8797,8145,"S","thumb_384_6375cZVfYrejXZYt7UCTyPkc.jpg"
8798,8145,"S","thumb_384_2180K6MjwFrWG53zkgoMEbNy.jpg"
8799,8145,"S","thumb_384_01775HrSc1cXDhIwh6prSFAR.jpg"
8800,8146,"M","thumb_720_4552ng9MnOcHiiWbujhkBMFm.jpg"
8801,8146,"S","thumb_384_6616Dz492ltEdplOikbuVGe0.jpg"
8802,8146,"S","thumb_384_20365UX15fFrDMLe78qqag1i.jpg"
8803,8146,"S","thumb_384_1470LUpC6BJSFOjJbaCi2RuH.jpg"
8804,8147,"M","thumb_720_43896khdT7aMHbtEkhhT6Owc.jpg"
8805,8147,"S","thumb_384_5082NTscViVJVgNVZprYuUVo.jpg"
8806,8147,"S","thumb_384_8312gBcJx1EN952ck2eTRNQH.jpg"
8807,8147,"S","thumb_384_5848Inhk55ijVBBxsifFi89z.jpg"
8808,8148,"M","thumb_720_2633O28JMk8XPVMDpFrDtkb0.jpg"
8809,8148,"S","thumb_384_24140GPLusfGvvGQWzKzybLg.jpg"
8810,8148,"S","thumb_384_0782MaxuMs4DEoQYVTgZFB2o.jpg"
8811,8148,"S","thumb_384_6165rSBnxF53YPP3xERHA18x.jpg"
8812,8149,"M","thumb_720_6493pEVTdFyMvJQaY1zR922m.jpg"
8813,8149,"S","thumb_384_2189HH1WWjVziBMI56jJUQRq.jpg"
8814,8149,"S","thumb_384_3953ShacekSDFuhJx9fup8An.jpg"
8815,8149,"S","thumb_384_6684cAByBKqzDnOLyaSu44Xr.jpg"
8816,8150,"M","thumb_720_6381YLhUFXqVtYYjHXHGKrAr.jpg"
8817,8150,"S","thumb_384_4781XHjPHKKKwqOR3cVEtze7.jpg"
8818,8150,"S","thumb_384_2788P2U1rrqcGTdhrWbjQFkA.jpg"
8819,8150,"S","thumb_384_03586KaGpnOxTlYAzBLCsMjX.jpg"
8820,8151,"M","noimg.jpg"
8821,8152,"M","thumb_720_7400pZDRZ8en9RMFMCQU9hqy.jpg"
8822,8152,"S","thumb_384_9487AX8UEnjFjP1aRjpraigC.jpg"
8823,8152,"S","thumb_384_9567EPILCRTOiBdEurbvxIik.jpg"
8824,8152,"S","thumb_384_0694OVpT8wFWYozxDaNRzvex.jpg"
8825,8153,"M","thumb_720_81351s1cb9wr44BYe8etqVMR.jpg"
8826,8153,"S","thumb_384_2825Ah1dYhEsCkFFh2PU6ccl.jpg"
8827,8153,"S","thumb_384_8976DsHPEWvNoGwNe3QZ0Gxp.jpg"
8828,8153,"S","thumb_384_0877kPJQ1x7wZsqjt1o0sMGQ.jpg"
8829,8154,"M","thumb_720_0143Ab61jKlSTUhd1OwnzKQX.jpg"
8830,8154,"S","thumb_384_6151Lu9xV4p5hOy5xvOT0adA.jpg"
8831,8154,"S","thumb_384_4135hfjg26Ph8w3IpMsq6AMN.jpg"
8832,8154,"S","thumb_384_0470RsuWEfMMGcaIItJU4BFZ.jpg"
8833,8155,"M","noimg.jpg"
8834,8156,"M","thumb_720_3329oQSrgWZwjHeiIJ5uFLpy.jpg"
8835,8156,"S","thumb_384_44254SEO4PIpQ8lK9BG4WEAH.jpg"
8836,8156,"S","thumb_384_4676zHqFQvTqOAkTT7z3Gv3S.jpg"
8837,8156,"S","thumb_384_1068Lv6uxdiAcLMnD0Mu5Kzu.jpg"
8838,8157,"M","noimg.jpg"
8839,8158,"M","noimg.jpg"
8840,8159,"M","thumb_720_1421jP3HpmUsF0GEtD2vYb0e.jpg"
8841,8159,"S","thumb_384_3920ZDbIGZLfw9UdZviynx7a.jpg"
8842,8159,"S","thumb_384_4762ZKg5tlRXpstTPEHCp66K.jpg"
8843,8159,"S","thumb_384_3039w2YVcpRzXQ0UhFaukKxG.jpg"
8844,8160,"M","thumb_720_9436r9vjIT637aU1l9ujrd5w.jpg"
8845,8160,"S","thumb_384_48432dSz6C7E2ceGKk3kLCcY.jpg"
8846,8160,"S","thumb_384_0695Vaj2GuiRqLrYDm82RPs7.jpg"
8847,8160,"S","thumb_384_9402O7MHxyY2FJpWSSeVjk0P.jpg"
8848,8161,"M","thumb_720_1412J1fbd76kfJC32sqTF73F.jpg"
8849,8161,"S","thumb_384_5564M3jdnMEushQSKptzY1ch.jpg"
8850,8161,"S","thumb_384_7530bTMGNo5Ae8abcxVRHiF5.jpg"
8851,8161,"S","thumb_384_6342w6Wkq9zdjCMTKxbaQbWM.jpg"
8852,8162,"M","thumb_720_2508mWE8nLHXNjV4gPZAqIZK.jpg"
8853,8162,"S","thumb_384_6212dtqfzANSZtonoxjO0Nrr.jpg"
8854,8162,"S","thumb_384_9912KMnaDLXRuobaQ9b5Ravp.jpg"
8855,8162,"S","thumb_384_2233JK2sP5Ihm40NSPIrqg1j.jpg"
8856,8163,"M","thumb_720_3630tNqLjggFb10IKDNIBAlU.jpg"
8857,8163,"S","thumb_384_5467ANXBsPCQr0PxlUe5Qmay.jpg"
8858,8163,"S","thumb_384_5227XZJXJLet7W79CmWfLc87.jpg"
8859,8163,"S","thumb_384_75242IZifX4WUC15yT7Mmm9W.jpg"
8860,8164,"M","thumb_720_1679th5cTQlaBnSHgDcSIADv.jpg"
8861,8164,"S","thumb_384_4096BPkOp7FyUxowej5vqwOy.jpg"
8862,8164,"S","thumb_384_6981T95rkIIiP7ksmDpXUYw6.jpg"
8863,8164,"S","thumb_384_0445em9PE7Fd9q5IYsIctQkK.jpg"
8864,8165,"M","thumb_720_37967Eq1GjH1dgxtntp5PKBu.jpg"
8865,8165,"S","thumb_384_0928IFUSg4fmwrECY4S81aBw.jpg"
8866,8165,"S","thumb_384_3432UTSwJwnzpkfJvUbj3snW.jpg"
8867,8165,"S","thumb_384_9201vatcPaD4KqmXcZXuZtrZ.jpg"
8868,8166,"M","thumb_720_6191FcVJ68CwSdzKXmNBplyM.jpg"
8869,8166,"S","thumb_384_8876c3FFOwGnI1E5p5m2HcJR.jpg"
8870,8166,"S","thumb_384_2370SIKmtwhnLkYoJ3X4vHUj.jpg"
8871,8166,"S","thumb_384_9475uY5s1a4WhoEgjVA1UA1b.jpg"
8872,8167,"M","thumb_720_5902aJqg9uu3wpMvsig3hq76.jpg"
8873,8167,"S","thumb_384_4343sUsfzEuTO9FnbVDOEGps.jpg"
8874,8167,"S","thumb_384_7460lUa6km5oCAOUgdx73q1Z.jpg"
8875,8167,"S","thumb_384_5208Aipd2QomFYaLWCbYzfPv.jpg"
8876,8168,"M","thumb_720_7299Z42GAiabmfYVN8kQVbYb.jpg"
8877,8168,"S","thumb_384_1555OmXzQ3YzbNU4tzd15grJ.jpg"
8878,8168,"S","thumb_384_6108pUjWMN6n31nqdae7touu.jpg"
8879,8168,"S","thumb_384_5917JNBhw8wjwkWR1cWylx9l.jpg"
8880,8169,"M","thumb_720_1496GDnWYbdSoQSzIPLx1h1A.jpg"
8881,8169,"S","thumb_384_4327OklYwhjcsAmHZEd9j7sU.jpg"
8882,8169,"S","thumb_384_6989cGJHTkbvYPbMY9rVZVmp.jpg"
8883,8169,"S","thumb_384_7169cXN5g8m2rutrViqDVgQG.jpg"
8884,8170,"M","thumb_720_3843tkioWUe6EPexMwUnrRuD.jpg"
8885,8170,"S","thumb_384_6269UOUkZOoFsoXN9xMUYd37.jpg"
8886,8170,"S","thumb_384_6845KFdkMMsJ8dZYWCUbFSJK.jpg"
8887,8170,"S","thumb_384_79464QlpsJv5oB95J2JIJKjE.jpg"
8888,8171,"M","thumb_720_7372CYhlfP9WUrDWrPhBDdIE.jpg"
8889,8171,"S","thumb_384_6098rNP6eyi1QMtqi3eSeBN9.jpg"
8890,8171,"S","thumb_384_6590kaL3jN95zuiZCZoerkD9.jpg"
8891,8171,"S","thumb_384_8853HbTEdn9wIvM0zYIkGtUw.jpg"
8892,8172,"M","thumb_720_7966i5R8bICOxIkekAYnwNKJ.jpg"
8893,8172,"S","thumb_384_5395li5fTANCA8YUvMpm5c3E.jpg"
8894,8172,"S","thumb_384_1693iBJpitp8QMDvNGiYvdFx.jpg"
8895,8172,"S","thumb_384_2758uEbxfEbW9Wx18wSnqSVp.jpg"
8896,8173,"M","thumb_720_8321WJlBAcTAaTKKliQDC3L9.jpg"
8897,8173,"S","thumb_384_2106SR4uRkst72Gb5mY6uy6H.jpg"
8898,8173,"S","thumb_384_5578v8AS9iuuU5zWo3yMrAkX.jpg"
8899,8173,"S","thumb_384_2690Y67yyhm8yfdehJTNpKlv.jpg"
8900,8174,"M","thumb_720_1075GVP1DygaRYbuAdgMMXUz.jpg"
8901,8174,"S","thumb_384_4989e4v5ucLNGVn1NK6b7dh1.jpg"
8902,8174,"S","thumb_384_03700AalGL4B7CNg7znNuX8V.jpg"
8903,8174,"S","thumb_384_6227fwP0PP25S2gY4opEKmzA.jpg"
8904,8175,"M","thumb_720_8735d2TYb4cqiSbuxlNYZUwy.jpg"
8905,8175,"S","thumb_384_9461w5x3Y5JpvUv1PqZUL2t1.jpg"
8906,8175,"S","thumb_384_2914X1isxBgUu2Ctql9wk9ga.jpg"
8907,8175,"S","thumb_384_3208d16HMRWTelAOa7k4JxRt.jpg"
8908,8176,"M","noimg.jpg"
8909,8179,"M","thumb_720_6509cqLhrGyvjw8id4KvT77A.jpg"
8910,8179,"S","thumb_384_64133SteYoCw2C4Dmv9vsxJN.jpg"
8911,8179,"S","thumb_384_3748rzXfgBjHNxK6gLZO7Exk.jpg"
8912,8179,"S","thumb_384_1396RKuitqzm2OUEHcDNxGv9.jpg"
8913,8180,"M","thumb_720_28402MbtAbom2KmH9RKxLVWI.jpeg"
8914,8180,"S","thumb_384_8969Ow39zNLmDeGG99HBk4bk.jpeg"
8915,8180,"S","thumb_384_5408VJVjhcn74B9gRuA0i2dp.jpeg"
8916,8180,"S","thumb_384_5814ssHOvquHYGujDy16UZu1.jpeg"
8917,8181,"M","thumb_720_78495cziHNrCtt1EmYiOenC7.jpg"
8918,8181,"S","thumb_384_7520OovH3fjIR5K8pgRXdgKY.jpg"
8919,8181,"S","thumb_384_7497fqSopnHQhtuXDNEwDe0O.jpg"
8920,8181,"S","thumb_384_4117VxgkFKTUCjRmNfTbYB02.jpg"
8921,8182,"M","thumb_720_4540o9VYwj8ZyufjlX3i8aOq.jpg"
8922,8182,"S","thumb_384_0408NtJo4IlkYjNF1rvf79PB.jpg"
8923,8182,"S","thumb_384_2512UsltFkoSF1N8h5m9aEsK.jpg"
8924,8182,"S","thumb_384_5212fUEhoeeRJh87k7ivZd8A.jpg"
8925,8183,"M","thumb_720_3623bkfDymSxc0JmtFFOx8DZ.jpg"
8926,8183,"S","thumb_384_9936wyZo1Qc9znqQpV6xJVOu.jpg"
8927,8183,"S","thumb_384_0750DDevLHY4yP9vwoyoBHJz.jpg"
8928,8183,"S","thumb_384_3059wsZj0by0XNvOKzzaQ7Kz.jpg"
8929,8184,"M","thumb_720_95670NZSFA8ZBKNe0egTAScC.jpg"
8930,8184,"S","thumb_384_8228dI0ZEiYbsJ7H3pInQGwk.jpg"
8931,8184,"S","thumb_384_78070doxZVDbBrHHiBvvupUC.jpg"
8932,8184,"S","thumb_384_4003douD8xMpZy5ofTAHEncv.jpg"
8933,8185,"M","thumb_720_2686HhSKL9ka9pb8RvFDPdmk.jpg"
8934,8185,"S","thumb_384_5393a3AzSXN4Liy8XZf1i8OM.jpg"
8935,8185,"S","thumb_384_4132ANe0xORDdB5H3WI2j9Q9.jpg"
8936,8185,"S","thumb_384_78066ULe5sYaO7bIbH3wnA3U.jpg"
8937,8187,"M","thumb_720_3627UlS1FvNedBMAcpgkbb7s.jpg"
8938,8187,"S","thumb_384_7877MXK71cYGmT4KS4djXON0.jpg"
8939,8187,"S","thumb_384_9527fJLxIBXqQ69RUQ1tHVqh.jpg"
8940,8187,"S","thumb_384_5889HcsOI1tg6vYLn6FkK8bj.jpg"
8941,8188,"M","thumb_720_3799psdJQQgKhz5tzKQXXsp5.jpg"
8942,8188,"S","thumb_384_5943bWexwfg4V2gvfra0eiK9.jpg"
8943,8188,"S","thumb_384_4277VHgZCkVzmRfVEweFiNxg.jpg"
8944,8188,"S","thumb_384_4230Lq9SmoWqxFLLh3jWLpDo.jpg"
8945,8189,"M","thumb_720_5909urtrsrXsXfncio824tPk.jpg"
8946,8189,"S","thumb_384_3315MZiwFLPliI0OLJ6F52Jv.jpg"
8947,8189,"S","thumb_384_0398QbUJMpuYRtCnFzACakQf.jpg"
8948,8189,"S","thumb_384_2278wkPGK734g7DgvuRjRY6I.jpg"
8949,8190,"M","thumb_720_8894OMpWtqymklrnm5S1Y15T.jpg"
8950,8190,"S","thumb_384_515261TGbrsVhjD5Dqvin1Ke.jpg"
8951,8190,"S","thumb_384_2302AincLYBlHiR8YLFA3q3Z.jpg"
8952,8190,"S","thumb_384_3322uHCHRXZXEVrY3X7DWnCy.jpg"
8953,8192,"M","thumb_720_83193CAma4H8EWv4lO9SSO8T.jpg"
8954,8192,"S","thumb_384_0766gvLJ56sghZn070zW2zem.jpg"
8955,8192,"S","thumb_384_9239OlgoLVugbbj4GyaBnKAx.jpg"
8956,8192,"S","thumb_384_6689A5xDGE5eZ2fVPkPwuPOZ.jpg"
8957,8193,"M","thumb_720_9755S5YPRZjQNKDFQTLCF4Vk.jpg"
8958,8193,"S","thumb_384_6834QgUj6eV0eYEHzAYWLeYG.jpg"
8959,8193,"S","thumb_384_1237ZllxsUxPNqmuFGeWJUfh.jpg"
8960,8193,"S","thumb_384_4828Gyh1vIwqFLe6IzTU0hcC.jpg"
8961,8194,"M","thumb_720_5699EjGwszmpdtzorCTgXgL4.jpg"
8962,8194,"S","thumb_384_2132U2HRfu1riNmBjVbDbnQ2.jpg"
8963,8194,"S","thumb_384_6651lLzs7QKowDAFJ3Ve8NBI.jpg"
8964,8194,"S","thumb_384_94305bWne0MPTreGmm8RZpAf.jpg"
8965,8195,"M","thumb_720_6795F0dflcHQloEkdDz8V3HQ.jpg"
8966,8195,"S","thumb_384_8459zLE37jT2JaSYtplQdJQH.jpg"
8967,8195,"S","thumb_384_1112AUjB6ueZINzwCGdvwGuv.jpg"
8968,8195,"S","thumb_384_9958n5pA5e9knkZijlo0deu3.jpg"
8969,8196,"M","thumb_720_22295o4eJFbjzDUeom829Yu7.jpg"
8970,8196,"S","thumb_384_3846KE7FxLmfnmlyCJyu0ltj.jpg"
8971,8196,"S","thumb_384_7994u2SQWKcn4kpq1TabNVpS.jpg"
8972,8196,"S","thumb_384_38077f4Vp8bA82AsgQafwCEE.jpg"
8973,8197,"M","thumb_720_2829bdZygihzqQqODA6U4sxP.jpg"
8974,8197,"S","thumb_384_2776kUhKhYcNKua0TkP3kGi7.jpg"
8975,8197,"S","thumb_384_3273bha5WrzzPvAvafcc0k52.jpg"
8976,8197,"S","thumb_384_35711cEKnj7dKfnnlY3XWsPc.jpg"
8977,8198,"M","thumb_720_3522kgabTQOavEe82lmV9Txa.jpg"
8978,8198,"S","thumb_384_2024I63S7qrE8gTWponQierg.jpg"
8979,8198,"S","thumb_384_4626oMWTBQcd4kjvBI6DXBA6.jpg"
8980,8198,"S","thumb_384_8672KvCq6nqq4t7akTunpoLP.jpg"
8981,8199,"M","thumb_720_32439hmTdiV3NlOFKmOQoUxN.jpg"
8982,8199,"S","thumb_384_3623Vznj8Id4IuqBzXUO7ODo.jpg"
8983,8199,"S","thumb_384_0958NEkclctPzx23s2H9H3I5.jpg"
8984,8199,"S","thumb_384_2665IYdRBZ4qw56EqpkuQVYR.jpg"
8985,8200,"M","thumb_720_8385EPkmMexOWmYpM4RhCHcL.jpg"
8986,8200,"S","thumb_384_4987tWKSknLvG9L8EwV7PHsz.jpg"
8987,8200,"S","thumb_384_3754KH3iz5Nc2miPPQUo5ABI.jpg"
8988,8200,"S","thumb_384_9056Y3O7b7qTc3dFfESx4SXZ.jpg"
8989,8201,"M","thumb_720_0394p24iMY1zbDLtuTerK1zw.jpg"
8990,8201,"S","thumb_384_75114zL3dGU8zoI4QkSAb8dg.jpg"
8991,8201,"S","thumb_384_0784nGZgMpxKmG95noFJFfLm.jpg"
8992,8201,"S","thumb_384_1999X6633Rq4EWNjunfGxOI7.jpg"
8993,8202,"M","thumb_720_34556RUtH8l8BXv0vK05mGp8.jpg"
8994,8202,"S","thumb_384_4960etHgSkK6e74I3CtvATZy.jpg"
8995,8202,"S","thumb_384_3222W1wTUl67ByjDbW2wKQBG.jpg"
8996,8202,"S","thumb_384_8043t4d8sTbJ9Qf5tvBgeYUc.jpg"
8997,8203,"M","thumb_720_5797DMj6N4zgLrrnzxfEsSEz.jpg"
8998,8203,"S","thumb_384_2751MRSpv5abMuNgG6FEGIs8.jpg"
8999,8203,"S","thumb_384_6191quUroRyGEaulAsYi5n5u.jpg"
9000,8203,"S","thumb_384_124416rKjRMZdSYLdfEgzQNt.jpg"
9001,8204,"M","thumb_720_06390V8UWv9hX6TqdPYEEaxt.jpg"
9002,8204,"S","thumb_384_0651rV78XFk4eShtIs6zdDUH.jpg"
9003,8204,"S","thumb_384_13420FR5olqkjSCJMeVqIBLb.jpg"
9004,8204,"S","thumb_384_4583DlpBhkELQmYNInciK3pJ.jpg"
9005,8205,"M","thumb_720_99711KlQ9uobL4pWRExMwGXn.jpg"
9006,8205,"S","thumb_384_0857I8ML5PNoUZMhxWhPlFio.jpg"
9007,8205,"S","thumb_384_38155sUZmwofuP3qoNMbBpcy.jpg"
9008,8205,"S","thumb_384_6737EWgpsrsGuhjUhVkBP7RL.jpg"
9009,8206,"M","thumb_720_4224fcjkKug897qEqBxB9otB.jpg"
9010,8206,"S","thumb_384_3932foZMkj2YxqA2ugtEU9gd.jpg"
9011,8206,"S","thumb_384_1687aV0nhgMgq94wEnlVzpgS.jpg"
9012,8206,"S","thumb_384_4624wEWwtw2iDKC6kzzR6Bjy.jpg"
9013,8207,"M","thumb_720_65170ShYx2IWH7XnGCSycPNE.jpg"
9014,8207,"S","thumb_384_2429CrRTUcfC9Gb7a7JG8g37.jpg"
9015,8207,"S","thumb_384_0860RtgfAhNwWU7TJUS9tPZj.jpg"
9016,8207,"S","thumb_384_7636ZiYKViMTJo0idERFW3jG.jpg"
9017,8208,"M","thumb_720_54475q62IANjtp0qqKoiI9kL.jpg"
9018,8208,"S","thumb_384_2467rgsPuDdNMOGwB7SVloye.jpg"
9019,8208,"S","thumb_384_6249SKeTeL0PKK6dUth84Ujv.jpg"
9020,8208,"S","thumb_384_3786qGwxDMsqD5M5FY5sdjHe.jpg"
9021,8209,"M","thumb_720_8835bb55DSfINi1IfJBp9NDJ.jpg"
9022,8209,"S","thumb_384_1437Rx3dnqO8UJiRFgANLsz4.jpg"
9023,8209,"S","thumb_384_3788DOjjoVLsAbAoGQ2ktLR6.jpg"
9024,8209,"S","thumb_384_6249Yk6HnvyX1ZQ1bIxpL3CT.jpg"
9025,8210,"M","thumb_720_2762w6HQpsSvZsK5JjDe1SHZ.jpg"
9026,8210,"S","thumb_384_2721IczNTzGnJ7iWHDkF3k1C.jpg"
9027,8210,"S","thumb_384_25314PLtW9uwuCybQXwoNMiF.jpg"
9028,8210,"S","thumb_384_8231dJKT5KP6FAOGm3SvnQeh.jpg"
9029,8211,"M","thumb_720_8871RmJCdXMCh26RdlxHJ08i.jpg"
9030,8211,"S","thumb_384_2103KaZEoNfKxSE3iuQW7RTj.jpg"
9031,8211,"S","thumb_384_4313mLYjtJZeS9CjEc8JPmzs.jpg"
9032,8211,"S","thumb_384_1972NaHCe8C3OILJDkUsxjaK.jpg"
9033,8212,"M","thumb_720_96866Val1oE6q0kbHY6OXnX0.jpg"
9034,8212,"S","thumb_384_0088Wz8O5QNVgfB75JxfAAk8.jpg"
9035,8212,"S","thumb_384_5570qWY4IbRq83JFVCMXDvFX.jpg"
9036,8212,"S","thumb_384_5303S1nsQBjf3cxVWENsWgI2.jpg"
9037,8213,"M","thumb_720_2671uVAWVLcwxHyJ5hnLfk8t.jpg"
9038,8213,"S","thumb_384_05238obKCjxvh0QcpwL3xZXY.jpg"
9039,8213,"S","thumb_384_8143Si3hVjMAZDlj4jKOj5p7.jpg"
9040,8213,"S","thumb_384_79197Okb2PZh3h8vkffM90bn.jpg"
9041,8214,"M","thumb_720_6507RVqvQsBONvC7XBtq6LZG.jpg"
9042,8214,"S","thumb_384_3330ecGRkDVGF1MdhAIqhLQL.jpg"
9043,8214,"S","thumb_384_6615V7dOBpsh2Dzh1txOwccw.jpg"
9044,8214,"S","thumb_384_0685VnRaf35Z8EOOOzWPBgk3.jpg"
9045,8215,"M","thumb_720_9387nL446vBxUNQkBAbnB66j.jpg"
9046,8215,"S","thumb_384_5580ZRw86qDeykAi8OQMPxTb.jpg"
9047,8215,"S","thumb_384_5892KUtCRogo96AplZynFIX3.jpg"
9048,8215,"S","thumb_384_73060aHlK5EhvcquoOnmQE5E.jpg"
9049,8216,"M","thumb_720_2098gghtpEH68ScsKlpJce2p.jpg"
9050,8216,"S","thumb_384_4001teLro7ZGl9YD0jdMs29R.jpg"
9051,8216,"S","thumb_384_93060EJX52wY0MrwD5DssKqR.jpg"
9052,8216,"S","thumb_384_09419a7l1plYEyL5u1Sj8FJW.jpg"
9053,8217,"M","thumb_720_3804tmJDZurfD2cq3CnD2xSv.jpg"
9054,8217,"S","thumb_384_9893UyWhvQeh5McZV3kFbvsF.jpg"
9055,8217,"S","thumb_384_4395AGGDo2xTigNXQ3quEhne.jpg"
9056,8217,"S","thumb_384_9534rFAwOGhpJvuohKVMWJWQ.jpg"
9057,100000,"M","thumb_720_8961mOX5pkL8PIG296E1RU3S.jpg"
9058,100000,"S","thumb_384_2496ztlHDunKySOTb8A41pUH.jpg"
9059,100000,"S","thumb_384_8986E0KME2tYawink70uEmvF.jpg"
9060,100000,"S","thumb_384_1855GbCOlah3cSgkKIozCf1u.jpg"
9061,100001,"M","thumb_720_8208rbdo3oMU3WFnqwsHtWjt.jpg"
9062,100001,"S","thumb_384_9362y3wbMc8Ch220dy4jqO14.jpg"
9063,100001,"S","thumb_384_0923Ktosh7F3nhxMPAGGsqz4.jpg"
9064,100001,"S","thumb_384_1804jUB6LV6CHDnLDrORgiZ0.jpg"
9065,100002,"M","thumb_720_20339geHYKzGA9OjsoC0nFwX.jpg"
9066,100002,"S","thumb_384_2405a9IWYcPsFX465drz4ina.jpg"
9067,100002,"S","thumb_384_61551lGIsoSqbJxRwG9p5DVS.jpg"
9068,100002,"S","thumb_384_1591dWtRZaGJlUnf0ugn5YM9.jpg"
9069,100003,"M","thumb_720_6517S9GUDxExcoVxf6fWGCxC.jpg"
9070,100003,"S","thumb_384_7723iH6Q9hsxO0s9UnzAV6uJ.jpg"
9071,100003,"S","thumb_384_9593ROCFnZIw9SyYKtXXmNID.jpg"
9072,100003,"S","thumb_384_0348Bcu7oGG0Zhd91DYV3JqX.jpg"
9073,100004,"M","thumb_720_0924x1f5rjPF1V1zMXPvW0Rh.jpg"
9074,100004,"S","thumb_384_7554WJtw7rLlikflfYJyP4EZ.jpg"
9075,100004,"S","thumb_384_4525sbjohEaaahz18YotvZwt.jpg"
9076,100004,"S","thumb_384_1059V0NsH4F9nc5JmscDMFJE.jpg"
9077,100005,"M","thumb_720_9424zPdiOBNO3Idt0Yr8NXRr.jpg"
9078,100005,"S","thumb_384_0971INw3dExJM1j6syOkAkQB.jpg"
9079,100005,"S","thumb_384_1280orqZYeRWxWT9y7FKX1ja.jpg"
9080,100005,"S","thumb_384_6843yOJ8kgmje8DxY51hih4v.jpg"
9081,100006,"M","thumb_720_2493E1zRwmcAHuFKpEJqYBNn.jpeg"
9082,100006,"S","thumb_384_8694jGIFgnEVMO97fjwAKiVu.jpeg"
9083,100006,"S","thumb_384_3290ORw6iUbsJ09OoetTmEEq.jpeg"
9084,100006,"S","thumb_384_9282xvDcXeq7G9Tb15FP2OhM.jpeg"
9085,100007,"M","thumb_720_5616Aaa1MrxIBeWJpqv6UfBW.jpg"
9086,100007,"S","thumb_384_2797NR4QtvCSaXjT9QJKWqbw.jpg"
9087,100007,"S","thumb_384_1352SEBf730ThuEzOtst0FMf.jpg"
9088,100007,"S","thumb_384_451523VYBiU2lJ7ra3U4Xl8r.jpg"
9089,100008,"M","thumb_720_6107z9OQLZWk9dvIhx8OblHM.jpg"
9090,100008,"S","thumb_384_4471nqfiwG9xapJNlsoTRvyX.jpg"
9091,100008,"S","thumb_384_1347CxyCENb1CqXVU2gwB6uh.jpg"
9092,100008,"S","thumb_384_29148yfHA5WTy6hqW3vDrF8m.jpg"
9093,100009,"M","thumb_720_8582M54UeifQogODAAInNZp8.jpg"
9094,100009,"S","thumb_384_2993aSHUjDTVWDTF60FdrsL1.jpg"
9095,100009,"S","thumb_384_5645xML8exlq9PP0Q5JkbfMU.jpg"
9096,100009,"S","thumb_384_7278Zh58VDRMOtjSv4jgucoI.jpg"
9097,100010,"M","thumb_720_1371QxxMDWueoro63W38hnmK.jpg"
9098,100010,"S","thumb_384_76172cLGHlIPCTeFpspZNENH.jpg"
9099,100010,"S","thumb_384_4467Ojhb8ZbOdvO51oK0WOiQ.jpg"
9100,100010,"S","thumb_384_3355bGSZQ8IWLs7FyRJZGm7C.jpg"
9101,100011,"M","thumb_720_5075dWVFnpgjhhh7pyVKfOaP.jpg"
9102,100011,"S","thumb_384_4854s8NJvZBBucKdjfwSK2d4.jpg"
9103,100011,"S","thumb_384_4269TSFpgBOhuONfoFlYFr8S.jpg"
9104,100011,"S","thumb_384_1192umZPY5JfKtfHtdUxlkAu.jpg"
9105,100012,"M","thumb_720_7773TzZfFrXfsE7BDqFThHcz.jpg"
9106,100012,"S","thumb_384_3423fm8j10jzyPf92KKUvutX.jpg"
9107,100012,"S","thumb_384_45140empWo2QSI94BQCqTipj.jpg"
9108,100012,"S","thumb_384_1993LprXIe16CrrlMBerdjvq.jpg"
9109,100013,"M","thumb_720_0116MYDYyd0g3mtKa0wliblU.jpeg"
9110,100013,"S","thumb_384_6060T7jOzQgXY1q0BZoTByRB.jpeg"
9111,100013,"S","thumb_384_9694PUiZffTpq6yd64vqhmDL.jpg"
9112,100013,"S","thumb_384_0219zOXI7fxC7kKzWruvVE3I.jpg"
9113,100014,"M","thumb_720_8783jnJVhUEMxHYpQohDroQP.jpg"
9114,100014,"S","thumb_384_4748IyNdt1LRRf1QbLLDD4xk.jpg"
9115,100014,"S","thumb_384_8223iafWWozHIHOTF9k03xCj.jpg"
9116,100014,"S","thumb_384_4804yjsEbiT21WIVYJb2EMj7.jpg"
9117,100015,"M","thumb_720_68619OYXYFTEwANa0l4wSkAK.jpg"
9118,100015,"S","thumb_384_7968vxkYuqYkyXoFiKMnKAFU.jpg"
9119,100015,"S","thumb_384_2225ZXSL9pvCSIXE9ZG3jATP.jpg"
9120,100015,"S","thumb_384_32604Ml6FQWsQsszacMzpHcv.jpg"
9121,100016,"M","thumb_720_1734K2gVzyAjFQq4WLhiiI7t.jpg"
9122,100016,"S","thumb_384_2623GOW7nQooxFLFlp2ltP9a.jpg"
9123,100016,"S","thumb_384_4411grg9pSSAkZGIOD1vQpPD.jpg"
9124,100016,"S","thumb_384_814672lgQ9vtSQpCzQJVWvQn.jpg"
9125,100017,"M","thumb_720_2171lMkfxgXPgx1phd6Fjvo2.jpg"
9126,100017,"S","thumb_384_0211ZMOHnpe9P46NiRYWvW9Y.jpg"
9127,100017,"S","thumb_384_4464Fn8sdj0dwQRwiNlAox22.jpg"
9128,100017,"S","thumb_384_3136Twwm5o9yCbFS0KeiMr9l.jpg"
9129,100019,"M","thumb_720_5010HD9jDAE7cDVSNYcUY0cZ.jpg"
9130,100019,"S","thumb_384_5587JS1IwtP1JoeU3MUudBpm.jpg"
9131,100019,"S","thumb_384_2285RUX6FcgBwXAb1x3hWxwL.jpg"
9132,100019,"S","thumb_384_80025ncMJdS77Bu9sjZvRb4V.jpg"
9133,100020,"M","thumb_720_1926fk7I6D4PzUOCqQIOJbcq.jpg"
9134,100020,"S","thumb_384_17135SZ370WNTe3QzaGdix2o.jpg"
9135,100020,"S","thumb_384_7151x4ycjAuxvhzu112bj50n.jpg"
9136,100020,"S","thumb_384_1958PEh4i0dRMnTPhJAvwunh.jpg"
9137,100021,"M","thumb_720_2470XLGMtPpqynNQw6kToeSY.jpg"
9138,100021,"S","thumb_384_9412r2zNyc8YqTT0NJLxmrI4.jpg"
9139,100021,"S","thumb_384_7961DWniYsjLIdG4DX2tOrmw.jpg"
9140,100021,"S","thumb_384_2986H5SC5tNrAx9wKvDRpF9R.jpg"
9141,100022,"M","thumb_720_0632ptnKfYnPFs0yo069zOco.jpg"
9142,100022,"S","thumb_384_3547qw5B5x2f6sipsxUYelid.jpg"
9143,100022,"S","thumb_384_0508klWtbhG8lnZopBGplnGZ.jpg"
9144,100022,"S","thumb_384_0814qYcdnCSoKwE4zo73W94d.jpg"
9145,100023,"M","thumb_720_9049ymJ05cchF9RNzjTjKSq7.jpg"
9146,100023,"S","thumb_384_9577tpkU50rTrCSNqWilTYJX.jpg"
9147,100023,"S","thumb_384_4392iWN2cFTu0kFWGARP2ppo.jpg"
9148,100023,"S","thumb_384_2923RNGT8f6ts935Z1szsvmZ.jpg"
9149,100025,"M","noimg.jpg"
9150,100026,"M","thumb_720_5946WLsA8mzq3PBWWx7wX7Vh.jpg"
9151,100026,"S","thumb_384_74086mwOG2QLHRQp5KrvYwhJ.jpg"
9152,100026,"S","thumb_384_38488TSDpZZLT6o10LbtP92U.jpg"
9153,100026,"S","thumb_384_54847qCcihB8yrf5iIqpdJLv.jpg"
9154,100027,"M","thumb_720_5391VvOyeWhFd4ihOtphYYSb.jpg"
9155,100027,"S","thumb_384_6307Qkt4xYx5483rVPfNgnmU.jpg"
9156,100027,"S","thumb_384_8725MwnIeaIAksJVt7QW4rAt.jpg"
9157,100027,"S","thumb_384_4960JsGgUJKjCzvudkwsXPLJ.jpg"
9158,100028,"M","noimg.jpg"
9159,100029,"M","thumb_720_6096SlXgcI3p2EvFGi8cWYRr.jpg"
9160,100029,"S","thumb_384_1524ZZWpXyXrC7TCJgZMBEHV.jpg"
9161,100029,"S","thumb_384_4080zBN55qewFnfdjZAsjvPU.jpg"
9162,100029,"S","thumb_384_00980qPLKNJdBbczWDWvts7R.jpg"
9163,100031,"M","thumb_720_6365N0EbVPiFFF8f4XiEveKv.jpg"
9164,100031,"S","thumb_384_5375N55mar1ha2sjHBpTzkwF.jpg"
9165,100031,"S","thumb_384_1419dC7F92kBU1NxChZjKG2p.jpg"
9166,100031,"S","thumb_384_32359bvprZWtgQvxioslZDP9.jpg"
9167,100032,"M","thumb_720_9359yWjTn69h3zJwD8QfTlK6.jpg"
9168,100032,"S","thumb_384_9800XPoHoj0yrKmRIpP57l48.jpg"
9169,100032,"S","thumb_384_5208OBot0DLp4pnI0sbNJMRX.jpg"
9170,100032,"S","thumb_384_4125GkRQB8oN03WeuPepaY68.jpg"
9171,100033,"M","thumb_720_0836E7jr9TgMPFxPxtyYsmQZ.jpg"
9172,100033,"S","thumb_384_8552tDsuO1d3U3w2oTAaA71c.jpg"
9173,100033,"S","thumb_384_8280NAOnzBDxDj598Gpmj4nh.jpg"
9174,100033,"S","thumb_384_0258mrLjHkVWrqi63Rj8UcRx.jpg"
9175,100035,"M","thumb_720_9229PW8S2oQ3f0DzDPjMWRPo.jpg"
9176,100035,"S","thumb_384_2902szxZYVeaZzmrnSKpz1iW.jpg"
9177,100035,"S","thumb_384_4111gQUHKDi0EHVgn0QrIAx3.jpg"
9178,100035,"S","thumb_384_7763L2pGaTGBDnMVA807mhvp.jpg"
9179,100036,"M",""
9180,100036,"S","thumb_384_149121lqZFutSnHaSogYfE0j.jpg"
9181,100036,"S","thumb_384_0780843AzVJONephUprgrdgP.jpg"
9182,100036,"S","thumb_384_3070krPyXvowa3MkEwzEtkil.jpg"
9183,100037,"M","thumb_720_9841XB2m2LiPM2qt4ZMh2Ex1.jpg"
9184,100037,"S","thumb_384_3262Hq3um0Qm0ulw8gFDIMrL.jpg"
9185,100037,"S","thumb_384_87755GQzEQFCqFSNw0miNdmo.jpg"
9186,100037,"S","thumb_384_2531LEHo0H0D8ReAbyx6RAGU.jpg"
9187,100038,"M","thumb_720_7242vTUUvaGWcI7wBCk9325v.jpg"
9188,100038,"S","thumb_384_8579N4eD1LY0Pz7XjKMewFVJ.jpg"
9189,100038,"S","thumb_384_9040RKhB1137l2H7IaZSJMyp.jpg"
9190,100038,"S","thumb_384_8139cIJeOsQ0x3dQ7VmUVIrZ.jpg"
9191,100040,"M","thumb_720_6270dBKW7fOT0UwXeTy9HBnX.jpg"
9192,100040,"S","thumb_384_4851yPs2Bgovb2u2HCWT4Brk.jpg"
9193,100040,"S","thumb_384_3419Ddt99pLKrIJhYtcZsNux.jpg"
9194,100040,"S","thumb_384_97066VUVWH98iVWmvDNagfhy.jpg"
9195,100041,"M","thumb_720_6399Db6viAokPvg421geYJ79.jpg"
9196,100041,"S","thumb_384_5522hPgyor6VpFjrVLQl3ht7.jpg"
9197,100041,"S","thumb_384_4976s5mEkteW2agYune6Bmkh.jpg"
9198,100041,"S","thumb_384_7147nJW0fkPFPKsKbjiukGlT.jpg"
9199,100042,"M","thumb_720_8547CRifztpcTQb1h7FLVtFu.jpg"
9200,100042,"S","thumb_384_7728mtDqxlVHO1JMOYG2ofco.jpg"
9201,100042,"S","thumb_384_2940sP0BKZY1Kcd43LjEuzLH.jpg"
9202,100042,"S","thumb_384_5207IbctOKWe4wpWtjfiaePa.jpg"
9203,100043,"M","thumb_720_8371aLoeKLFO5t8pWOlMQaqc.jpg"
9204,100043,"S","thumb_384_4572wlR45KCtyQ956shzY1fc.jpg"
9205,100043,"S","thumb_384_9954SfeWdRe5RdwhNIiMX4Tq.jpg"
9206,100043,"S","thumb_384_7083Yh7DqWcp4MRem17PvR96.jpg"
9207,100044,"M","thumb_720_4588HTUUgX9tH0jzeM15Evv0.jpg"
9208,100044,"S","thumb_384_3040rQ4s0RTzxQdQHcOvuuIm.jpg"
9209,100044,"S","thumb_384_17830Zg6tv5btp0BfJpc5JCa.jpg"
9210,100044,"S","thumb_384_4283ScgXMPdbVOMcLcmu9eam.jpg"
9211,100045,"M","thumb_720_5848g0PulPAv2tNBir4ifiyh.jpg"
9212,100045,"S","thumb_384_8409mn7YEYB0MuKdhd8dzT2r.jpg"
9213,100045,"S","thumb_384_2825nWibbRGyKfsCBXjlbOB2.jpg"
9214,100045,"S","thumb_384_4584igmWvL0kQtvq5X1TdVLk.jpg"
9215,100046,"M","thumb_720_6210pGDbMGwByXrcFWWMojVp.jpg"
9216,100046,"S","thumb_384_7503sGx62IuB4xNVSgyP15VO.jpg"
9217,100046,"S","thumb_384_9868IDwppKo7VogyPe6saM7u.jpg"
9218,100046,"S","thumb_384_0949Wk3ztvU6fKHnoIYJh3V6.jpg"
9219,100047,"M","noimg.jpg"
9220,100048,"M","noimg.jpg"
9221,100049,"M","thumb_720_2600YJgayyhQFsA5A7svcdZ9.jpg"
9222,100049,"S","thumb_384_9525iGO6ZQTqn8CkJrgBqO7Q.jpg"
9223,100049,"S","thumb_384_3805sFOxUwNJYxh6QehkiaJ8.jpg"
9224,100049,"S","thumb_384_4207219BdvLXVMI4CNV9ZtFh.jpg"
9225,100050,"M","noimg.jpg"
9226,100051,"M","noimg.jpg"
9227,100053,"M","thumb_720_4064odrPXKNW8uOmDB8dvNDq.jpg"
9228,100053,"S","thumb_384_4278vg0LiEt9oK2d4cC9YYTz.jpg"
9229,100053,"S","thumb_384_1068hRfPTJnMHEpb7s33uh8i.jpg"
9230,100053,"S","thumb_384_0766LTemt0sbq1GFr6hlL4iJ.jpg"
9231,100054,"M","thumb_720_5784WzkztfyhFLIhXWFerTWw.jpg"
9232,100054,"S","thumb_384_5675XF2gcNu3Rg1JTooDzXbI.jpg"
9233,100054,"S","thumb_384_1608xLSmOlQP4mUT48GhjSNj.jpg"
9234,100054,"S","thumb_384_7886q2bJVsjleTwn8Gl81UEX.jpg"
9235,100056,"M","thumb_720_7160btk9esmjqkri7hYIUQV7.jpg"
9236,100056,"S","thumb_384_0578DTqaqCcZpHlkMXW7yQEC.jpg"
9237,100056,"S","thumb_384_2483uztPiwgE6GyI8M2yez1t.jpg"
9238,100056,"S","thumb_384_0667beEkFR7c9q2u0ATDmHTL.jpg"
9239,100057,"M","thumb_720_9310DiiOEDMUclfohTPy0IYI.jpg"
9240,100057,"S","thumb_384_6400gSfP9psfwc8ya8EqLGxr.jpg"
9241,100057,"S","thumb_384_7965obyXrlOX7qyANs4msE53.jpg"
9242,100057,"S","thumb_384_9998YawrAdtK9NhbB3WEKa0b.jpg"
9243,100058,"M","thumb_720_1455kKzrtK3vHfrnPpVFgu2N.jpg"
9244,100058,"S","thumb_384_388580xgEXC1Xf5SGQkL1rT4.jpg"
9245,100058,"S","thumb_384_6950eb5bpRQuffYEBfw7j5Q6.jpg"
9246,100058,"S","thumb_384_0984fUTaHxOZmi74NqTH9uBR.jpg"
9247,100061,"M","thumb_720_3497KTlLb55Puq2YcyPTFUgd.jpg"
9248,100061,"S","thumb_384_4935OqFa7L5IFZ9R4xZ6AHRN.jpg"
9249,100061,"S","thumb_384_2621k4vDpKKJkZHiw9Stjz9q.jpg"
9250,100061,"S","thumb_384_4924avUo4WsUkV4y67p4OOG7.jpg"
9251,100062,"M","thumb_720_2208AAsYsOErWnfDJzrryVIo.jpg"
9252,100062,"S","thumb_384_7574eyAM9p0FeMEhB94uC4RY.jpg"
9253,100062,"S","thumb_384_80434LFbQuFR8g8bXm9VpiOB.jpg"
9254,100062,"S","thumb_384_8871waoU9AeUEjKyZMrCPZoO.jpg"
9255,100063,"M","noimg.jpg"
9256,100064,"M","thumb_720_7585bfYuF7wyy5FqQvwSMlZ7.jpg"
9257,100064,"S","thumb_384_4639JuI7DPJqhFuA4Hg4K38O.jpg"
9258,100064,"S","thumb_384_2192qZAZqXZbr8zhu3WyXyTp.jpg"
9259,100064,"S","thumb_384_0452iW6zg6dbCpgrQefTbLFk.jpg"
9260,100065,"M","thumb_720_1439dmPZBE2AgrlktozohPPY.jpg"
9261,100065,"S","thumb_384_2194MlA4zFcdukhJMYrrCsjb.jpg"
9262,100065,"S","thumb_384_0340YP3vVQEANi3OTSDCHGGN.jpg"
9263,100065,"S","thumb_384_60637FEeC45FIE2KT4coJi3L.jpg"
9264,100066,"M","noimg.jpg"
9265,100067,"M","thumb_720_2893Pa6EIF3vQvn9572SMB5V.jpg"
9266,100067,"S","thumb_384_5215tmWw4j8SVRkK6O17COLn.jpg"
9267,100067,"S","thumb_384_6254GFgk7b16g3xYXf32QLfC.jpg"
9268,100067,"S","thumb_384_0577R5LJXnE7Z72Gz2iGKk3t.jpg"
9269,100068,"M","thumb_720_6056xHyFqnkB7EliZ88vQnrV.jpg"
9270,100068,"S","thumb_384_2970IsyBJnvmPxa27AJyaNEQ.jpg"
9271,100068,"S","thumb_384_6338HAD7NRPiVQPNiydHnvO0.jpg"
9272,100068,"S","thumb_384_5969Da0xl38miBTAalRnNaIQ.jpg"
9273,100069,"M","thumb_720_1967hmCDHiRdjFFQWVcHS3L6.jpg"
9274,100069,"S","thumb_384_50222shVcwNbw24JZD7gqiV8.jpg"
9275,100069,"S","thumb_384_61391Aqsizzq4ODRtErjPunI.jpg"
9276,100069,"S","thumb_384_5427TgKuTPJnORPouWrK3goM.jpg"
9277,100070,"M","thumb_720_51142zfJMGFDkSH1Suk0q1DL.jpg"
9278,100070,"S","thumb_384_1611xAbaKMMzeOfIsGXxtJMm.jpg"
9279,100070,"S","thumb_384_36975ivki43CawfTe1dFDxOB.jpg"
9280,100070,"S","thumb_384_65976bjaayFqUPHDpFHGcdof.jpg"
9281,100071,"M","thumb_720_6222bzJtfprpnsdD6xOdlUzs.jpg"
9282,100071,"S","thumb_384_21709RZ6NxpbdZSfgXK0bkox.jpg"
9283,100071,"S","thumb_384_8253F2srctdmz0NKJNREIodj.jpg"
9284,100071,"S","thumb_384_5331SuAnLmJoBb0sgEOBUqCT.jpg"
9285,100072,"M","thumb_720_4971VCutIqucIT84bHoakIZW.jpg"
9286,100072,"S","thumb_384_5820XbVdjj4ofmqHymyVSUG3.jpg"
9287,100072,"S","thumb_384_0988sAQnmkar4rc3CDE6XYql.jpg"
9288,100072,"S","thumb_384_7392kweIS6pleQK2tuQ7Ef66.jpg"
9289,100073,"M","thumb_720_3754yBDJElWAuf1Vg0YBzGud.jpg"
9290,100073,"S","thumb_384_32337BIPreVkdf0q2DyGEuxa.jpg"
9291,100073,"S","thumb_384_3422UaAicLTWgHx15qRaC69C.jpg"
9292,100073,"S","thumb_384_0848wyrOR8XJE5qXJArsvAvE.jpg"
9293,100074,"M","thumb_720_7942wB73z4bimmg04pnUVbHE.jpg"
9294,100074,"S","thumb_384_9332zEoXFf0Igt0A2byPhePp.jpg"
9295,100074,"S","thumb_384_8503rltlxy3KZgor1Tvy9doE.jpg"
9296,100074,"S","thumb_384_67307zfqg2v12NUZ9zjnq3lV.jpg"
9297,100075,"M","thumb_720_0593CqvIlZRulvmfQ6CXowGs.jpg"
9298,100075,"S","thumb_384_8910b3mc4vlaL3OCoJ8KSHTJ.jpeg"
9299,100075,"S","thumb_384_0259IcewTEfASnHeQMCblSd6.jpeg"
9300,100075,"S","thumb_384_2551YVhJIIV8nsOxrWfI2nEn.jpeg"
9301,100076,"M","thumb_720_4864Lq7Fk4q751oymVD3wby0.jpg"
9302,100076,"S","thumb_384_2642gNvldJ1y0YbJNmYTKojo.jpg"
9303,100076,"S","thumb_384_9331rKpS0lear5KFnUkYNjBj.jpg"
9304,100076,"S","thumb_384_9558pYfUEMzO9NtvSI6H0c2w.jpg"
9305,100077,"M","thumb_720_4623Y6vNd49qT8SYkWhnBEYx.jpg"
9306,100077,"S","thumb_384_9744TyHz8IyT1VJCVZU3KVeb.jpg"
9307,100077,"S","thumb_384_62055TuKfZj9w6xlQYCSZDoX.jpg"
9308,100077,"S","thumb_384_7547ciXndx5qdHjaxLiyTrsZ.jpg"
9309,100078,"M","thumb_720_2810bA6BhVjixaAyPO5vUFaG.jpg"
9310,100078,"S","thumb_384_8389XqHcFwKzpsSVNQNOKalf.jpg"
9311,100078,"S","thumb_384_6555BfVbKtwP81fwoxJJseSK.jpg"
9312,100078,"S","thumb_384_5270LudfNedvubyN9LLhLY0H.jpg"
9313,100080,"M","thumb_720_3912Y7geePbtplFwlVbw066o.jpg"
9314,100080,"S","thumb_384_20403IQrh6hE8tBY155fHEAZ.jpg"
9315,100080,"S","thumb_384_6400XCrb8I3zHrT30tsTbbjO.jpg"
9316,100080,"S","thumb_384_32298Taz4WAIeYBhf5eIEd03.jpg"
9317,100081,"M","thumb_720_0164saGEAKA28xpzoYF0dlIU.jpg"
9318,100081,"S","thumb_384_7601C4qHNE9wDMCokr2NxYwZ.jpg"
9319,100081,"S","thumb_384_34179bQRrA3f0702dadt0q9o.jpg"
9320,100081,"S","thumb_384_88361TeGWBKUSCbo04Ss37Hb.jpg"
9321,100082,"M","thumb_720_8615VeW3zoYJx9R6jrgzdHYp.jpg"
9322,100082,"S","thumb_384_47942Y9GL1S9D0Tr0T2WPoUJ.jpg"
9323,100082,"S","thumb_384_96241FHCA06EhHkzAS3dpTSq.jpg"
9324,100082,"S","thumb_384_0359VuQz8hkkPL601lkoFh4T.jpg"
9325,100083,"M","thumb_720_8773N5XkrHyMeeilHJN6Y69c.jpg"
9326,100083,"S","thumb_384_8227mqXzJO8h5m13qdIzrJEW.jpg"
9327,100083,"S","thumb_384_5852alRz5JSUMIBh1OTdmthH.jpg"
9328,100083,"S","thumb_384_7491wHfij2GViM2WRfGJry3k.jpg"
9329,100084,"M","thumb_720_6082f6tK3xHiqaCtn9fadSrE.jpg"
9330,100084,"S","thumb_384_5647Je91C68cYzAupYb6SkVa.jpg"
9331,100084,"S","thumb_384_9063VIlve9S5BdAAYIbX1uAi.jpg"
9332,100084,"S","thumb_384_0028YfswXYNJa0p9Z4Dq95H1.jpg"
9333,100086,"M","thumb_720_9786dCp7UcR4L4AV1bO3JJS0.jpg"
9334,100086,"S","thumb_384_7654S3UE16pqMfhMEdlzl0eQ.jpg"
9335,100086,"S","thumb_384_8148N0fiwX3xyZd35YwW0PMK.jpg"
9336,100086,"S","thumb_384_3050JdQwEOqefjU8LfHk6zE3.jpg"
9337,100087,"M","noimg.jpg"
9338,100088,"M","thumb_720_3888wVBzO6jJvEgOuwPH3f01.jpg"
9339,100088,"S","thumb_384_0943Mj9Sltb53Z5yPfrY0QGx.jpg"
9340,100088,"S","thumb_384_85562suvfXVVvcayz2BxWUF1.jpg"
9341,100088,"S","thumb_384_8159UOH6q70ULdFKcOG5SNag.jpg"
9342,100089,"M","thumb_720_0131t2uJoEBKew6oATDA10Za.jpg"
9343,100089,"S","thumb_384_8060bIScSg8FZcNqE6kbIIbz.jpg"
9344,100089,"S","thumb_384_5497ik09RpKtwf2GBHgY58IU.jpg"
9345,100089,"S","thumb_384_0776Hci00HMvPQIGAq6imfBJ.jpg"
9346,100090,"M","thumb_720_0404eD1WQTGlLlgKqJR9MY0s.jpg"
9347,100090,"S","thumb_384_1638n9tCwumzk04TCvPMOGnf.jpg"
9348,100090,"S","thumb_384_3289yq61irF9TK9MJDmMFXYh.jpg"
9349,100090,"S","thumb_384_9297zz4U2aHKRrhi7vYBIYBR.jpg"
9350,100091,"M","thumb_720_87682SDqLzpnjGrG1s7ge6Sx.jpg"
9351,100091,"S","thumb_384_6266XGYx5nBfUMTWNx50O3Qc.jpg"
9352,100091,"S","thumb_384_2626r2kT81QO2e2J7RdFG2rO.jpg"
9353,100091,"S","thumb_384_5803nkmK5EgXjtaYXJvHjVXi.jpg"
9354,100093,"M","thumb_720_5844a6sDSEbEQA4T0t1pvZc4.jpg"
9355,100093,"S","thumb_384_31673OB59Qt8N1Q8Z5VzyZCd.jpg"
9356,100093,"S","thumb_384_2889Wgul5WIAy8DpcqVWx94z.jpg"
9357,100093,"S","thumb_384_7268weHM7rRpffoqDkbFdRno.jpg"
9358,100094,"M","thumb_720_9322cJD3hd9hG3Me1ezx1Bp6.jpg"
9359,100094,"S","thumb_384_3073U2IkvrmSspksvtbMesJw.jpg"
9360,100094,"S","thumb_384_8970nDENCwOSEQJtfB3c7KIV.jpg"
9361,100094,"S","thumb_384_1143r1SzF1aDZr3hRd6ACoZk.jpg"
9362,100095,"M","thumb_720_4288z1jHXY1hqyIizvfnuR5y.jpg"
9363,100095,"S","thumb_384_06452jbFY7UyLopBvBJRdo58.jpg"
9364,100095,"S","thumb_384_2930K0nIr2TP9ms1RUEV7iws.jpg"
9365,100095,"S","thumb_384_77831SLIg2AqoEWPqXdcrcts.jpg"
9366,100096,"M","thumb_720_2872kwp0zU6gIHx35mILdKTh.jpg"
9367,100096,"S","thumb_384_1818qcqzMoiKrCL1Und96LlL.jpg"
9368,100096,"S","thumb_384_2998xhym0WAYjttDH8JpX815.jpg"
9369,100096,"S","thumb_384_3395dGDzlhxkw5mEZHCmBEW8.jpg"
9370,100097,"M","thumb_720_9259NLTZgcImPdKzaL1o2oQL.jpg"
9371,100097,"S","thumb_384_641718x3TdX3l7Q9EhDrsSo7.jpg"
9372,100097,"S","thumb_384_3113TdoSZ9llnY4Y3HRvvYSZ.jpg"
9373,100097,"S","thumb_384_4338sVD9aig0KUoq3ZzroFiP.jpg"
9374,100098,"M","thumb_720_5615cprDexz8SIgF7Zq2pPNW.jpg"
9375,100098,"S","thumb_384_0698Z1szxn2t7nUr3ChakfvT.jpg"
9376,100098,"S","thumb_384_0935AU2i2AYp9gSRaxW3OrGq.jpg"
9377,100098,"S","thumb_384_4655T5nu3i85AixY4SRyQTML.jpg"
9378,100099,"M","thumb_720_25513ScNAdbIfI4aK68ARpdJ.jpg"
9379,100099,"S","thumb_384_1813BFNpJXBTTj2icXHuK6Jb.jpg"
9380,100099,"S","thumb_384_50004IqVbR1b1iYGB5muTjWN.jpg"
9381,100099,"S","thumb_384_3804InTmDoX70lgt7he6LXaK.jpg"
9382,100100,"M","thumb_720_721831kX6ExQE5CmIH8EAtLB.jpg"
9383,100100,"S","thumb_384_9595wgmb6N9WxxMw23Jx1gKE.jpg"
9384,100100,"S","thumb_384_9060fafRwXtNcP7fuijfL109.jpg"
9385,100100,"S","thumb_384_0949GgBPRqjcW19IHoxZjwkt.jpg"
9386,100101,"M","thumb_720_92849XM59k1KXWqS1g1ryTkr.jpg"
9387,100101,"S","thumb_384_9906OyhVJKPhpTcTWXdfib7j.jpg"
9388,100101,"S","thumb_384_92266UQJiw3t2a8agbdVwWfV.jpg"
9389,100101,"S","thumb_384_95879r8NO9gaBOGLF3z59aOq.jpg"
9390,100102,"M","thumb_720_3180wBxPPHXN70xzg5fM2Ut1.jpg"
9391,100102,"S","thumb_384_3683IWCcmQoQHwefkkvOf8U6.jpg"
9392,100102,"S","thumb_384_0060ex45fmV3UZCtJEUjUMXD.jpg"
9393,100102,"S","thumb_384_0250q232s8BjVBY3SKPtE4Yw.jpg"
9394,100103,"M","thumb_720_5922VV0c21ld4Onw39xAHOgj.jpg"
9395,100103,"S","thumb_384_9598CeU22UUJMsWlaFZYyOGT.jpg"
9396,100103,"S","thumb_384_2722eLkqFEQ7DHZ8Bhpb48ya.jpg"
9397,100103,"S","thumb_384_6526IZCx9Aml6Yj1heMM4EQV.jpg"
9398,100104,"M","thumb_720_8365ZleNqhnki9nGt3vZKhXr.jpg"
9399,100104,"S","thumb_384_0240i82Q9rIaYrKRhz3WFaDk.jpg"
9400,100104,"S","thumb_384_3478geANIovyIjMhQqkmn1AL.jpg"
9401,100104,"S","thumb_384_0795eEgbayZFyvPpdQ9ZQfpC.jpg"
9402,100105,"M","thumb_720_1282Hjrh0j21k2e2psnuxTJY.jpg"
9403,100105,"S","thumb_384_057688r33R2G9Wz3GhSmQCYv.jpg"
9404,100105,"S","thumb_384_9531UeRNhOLh4Lr6uwY9AA4o.jpg"
9405,100105,"S","thumb_384_16818PiGDXG3wgHSolaoEpT1.jpg"
9406,100106,"M","thumb_720_89000g6zKu1gtUopvPHFbnBO.jpg"
9407,100106,"S","thumb_384_0234jH62sI1nAhkOQQlDZsQK.jpg"
9408,100106,"S","thumb_384_0999h6wXc9Ue58Hv5qGU1xw5.jpg"
9409,100106,"S","thumb_384_76201iOtjqJSX9JCNwFXNGAz.jpg"
9410,100107,"M","thumb_720_7844oyXqAQeoFZgcrrqC3ihZ.jpg"
9411,100107,"S","thumb_384_5972baM6qcfTSibUdg3kh1m5.jpg"
9412,100107,"S","thumb_384_6723OJXigEjDNl1lvdWHYRg1.jpg"
9413,100107,"S","thumb_384_3142XUF6VcTXsAMXQIfBc5YD.jpg"
9414,100108,"M","thumb_720_81472ZLMmlEJt5CuZMcYJQ67.jpg"
9415,100108,"S","thumb_384_2935f0OqFfiefbE7kmJKPfig.jpg"
9416,100108,"S","thumb_384_2681IKSrq0rAzK69RuiPZSMd.jpg"
9417,100108,"S","thumb_384_9010S510Bi9xBUOocFYmAKgz.jpg"
9418,100109,"M","thumb_720_3607gGExlhDKronOTyb8LelG.jpg"
9419,100109,"S","thumb_384_1142h63aDBWPhJ1LZIOXcjtb.jpg"
9420,100109,"S","thumb_384_8914YKBHS8MG3zrNAPN9DkWI.jpg"
9421,100109,"S","thumb_384_8502lO4RwA5eOssnLWHW0iR4.jpg"
9422,100110,"M","thumb_720_9250EhCDwKz0oL1ArOcfUMCL.jpg"
9423,100110,"S","thumb_384_6152VUjZ2tkUu8gGQHClgsQr.jpg"
9424,100110,"S","thumb_384_0487nUcLjafYEhfd6ZmVv4Tr.jpg"
9425,100110,"S","thumb_384_84923IB0ylSsGpvIDPOsX4ms.jpg"
9426,100111,"M","thumb_720_81319LPH5670O9ZmnC0knyMq.jpg"
9427,100111,"S","thumb_384_78724dNqZxzvJ1anHTLryfVK.jpg"
9428,100111,"S","thumb_384_9036wfzLAxir7dejo1N8Kxvn.jpg"
9429,100111,"S","thumb_384_4704jUQgae76hs4idDJ8XwkJ.jpg"
9430,100112,"M","thumb_720_4780Emhnr2NylYBxRdHQ0Ib6.jpg"
9431,100112,"S","thumb_384_4746kwqVrU5FlpndvgQM25JU.jpg"
9432,100112,"S","thumb_384_20628U37nymR6v7ZE85uJ1v0.jpg"
9433,100112,"S","thumb_384_4747rVAXqXtZNpI5SukSEnM4.jpg"
9434,100113,"M","thumb_720_37692H2YmqDJbK1OZnoAfiOV.jpg"
9435,100113,"S","thumb_384_4124u3y0dqtuF3WkbdRJI1uO.jpg"
9436,100113,"S","thumb_384_6518LNfGWsfIvMOKlGqXEd1c.jpg"
9437,100113,"S","thumb_384_7494WLhcl8l1HKaZRcSzfPeA.jpg"
9438,100114,"M","thumb_720_2157L7WsmKB8jCOsQiVQQntr.jpg"
9439,100114,"S","thumb_384_44545aNB03u6IeIVuB6steqQ.jpg"
9440,100114,"S","thumb_384_2820EWfwuDAT0zxGa7dveoTz.jpg"
9441,100114,"S","thumb_384_6725eyHu7HIgvkR5I7vNOdX8.jpg"
9442,100115,"M","thumb_720_0167cfx27rcCwN9RPsXuf3rA.png"
9443,100115,"S","thumb_384_2185K6a6bKIL7vkvuwaB4oso.jpg"
9444,100115,"S","thumb_384_3912qnX5svm11dEjlUjgYMiw.jpg"
9445,100115,"S","thumb_384_9323akSzQ4Ir4dOt6PPsEGzI.jpg"
9446,100117,"M","thumb_720_4763odQvK8xYCsypZWCZWcU5.jpg"
9447,100117,"S","thumb_384_5926AYb0bv6oYkHssDPFnQya.jpg"
9448,100117,"S","thumb_384_7232mcUqwJjFrLn9qdwA1qVv.jpg"
9449,100117,"S","thumb_384_6232664LZBE0x5xGZKrv5b0X.jpg"
9450,100118,"M","thumb_720_8432l0SBxjSM3Nmw5iIKKrI1.jpg"
9451,100118,"S","thumb_384_1047eWvhqe476S2quQFbaDp5.jpg"
9452,100118,"S","thumb_384_6345JFrWjyof2Jq2nQNyYev4.jpg"
9453,100118,"S","thumb_384_8862jacFACVkQLVwKRBPeNoT.jpg"
9454,100119,"M","thumb_720_8891Yil7DTsb0s2sjaN0Vt70.jpg"
9455,100119,"S","thumb_384_2008l0vOayOAXj0rRYh8Q5jG.jpg"
9456,100119,"S","thumb_384_4019I5KWzz4FtdNvXjRIqDHi.jpg"
9457,100119,"S","thumb_384_0409wgt1PT3u8zfodJnMffoI.jpg"
9458,100120,"M","thumb_720_6174lcSKP2iHtL6BEEP2YMtV.jpg"
9459,100120,"S","thumb_384_9273qaOkluuD7MKwfZQZtM0p.jpg"
9460,100120,"S","thumb_384_3058MbeiqK9Jkg2QpxsKDC0d.jpg"
9461,100120,"S","thumb_384_5355yrTgs7prWkuJouIgkW2w.jpg"
9462,100121,"M","noimg.jpg"
9463,100122,"M","thumb_720_8985htjmxja4yqYGiPf3zs4Z.jpg"
9464,100122,"S","thumb_384_20351cX3mkQGLbbfH7RgGWs1.jpg"
9465,100122,"S","thumb_384_04566dfHwx30FDW1ePLOkwiR.jpg"
9466,100122,"S","thumb_384_2112m5HuSiaTD2GCQyH4WtCe.jpg"
9467,100123,"M","thumb_720_6836zUxtg8zs1uy4gppWoITZ.jpg"
9468,100123,"S","thumb_384_9374EI5n32EuEi6hdRO4XR2q.jpg"
9469,100123,"S","thumb_384_8527TwX9qylPc4R8ldWzyOxg.jpg"
9470,100123,"S","thumb_384_8930ETW0kaYync2qLxmNbmIP.jpg"
9471,100124,"M","thumb_720_93190hF1tqcSsjRXyRPhnYGY.jpg"
9472,100124,"S","thumb_384_6917Alxtmy93MJa4mrMrtqwP.jpg"
9473,100124,"S","thumb_384_4361vMk7QSPLYQHyQb9Qo1Nh.jpg"
9474,100124,"S","thumb_384_6822KypKtX5txcY97VHvHEyR.jpg"
9475,100125,"M","thumb_720_4449Ty1Damgnzc3D4yfCz2zJ.jpg"
9476,100125,"S","thumb_384_88501TTiMHQYUUnaWb9yocXt.jpg"
9477,100125,"S","thumb_384_9768e2Dh2BDCytuVNuys9isn.jpg"
9478,100125,"S","thumb_384_1562ATEborUDbe7JX5yNUKZr.jpg"
9479,100126,"M","thumb_720_69233HLd53LF8iFlEt6BRde1.jpg"
9480,100126,"S","thumb_384_3485cJWS4ptuVfd5B9Bo1ew4.jpg"
9481,100126,"S","thumb_384_5012WtL1TTtb6uL2XTTuk9yX.jpg"
9482,100126,"S","thumb_384_57774NmMkdGSIriZBB0GSJ2J.jpg"
9483,100127,"M","thumb_720_4443CF9rjdmYIB7nh9zp5HJ5.jpg"
9484,100127,"S","thumb_384_43645O49JgdFd6KNjMITnUMX.jpg"
9485,100127,"S","thumb_384_1849jdPfzpxOSEAcEJYVVr6l.jpg"
9486,100127,"S","thumb_384_7734DC3XqJGZkbPbs8JlgyUI.jpg"
9487,100128,"M","thumb_720_77829z8O4r3LyRc3JjFUN2w8.jpg"
9488,100128,"S","thumb_384_7559OC9mo4qne3feBF2T3Glf.jpg"
9489,100128,"S","thumb_384_4998NuM41iujbZX4VnXRJX6O.jpg"
9490,100128,"S","thumb_384_1795YVowrvgVIPDuFWW8vfVj.jpg"
9491,100130,"M","thumb_720_2930lEnRJthGXpBppBkYacXK.jpg"
9492,100130,"S","thumb_384_5518rei1hub4uvEYV39MLeRA.jpg"
9493,100130,"S","thumb_384_8913xuvJPaxuF2Ue5saNvm1H.jpg"
9494,100130,"S","thumb_384_5087Ae34GFDoIPkYl7N7le4m.jpg"
9495,100131,"M","thumb_720_1499mzGb4LvOaBJ32IrHgOA0.jpg"
9496,100131,"S","thumb_384_3239cPl3Tr9FW8d5td69VQ5B.jpg"
9497,100131,"S","thumb_384_5667x79uwTWpN1hBZ1Ax9R2e.jpg"
9498,100131,"S","thumb_384_7741vcxi6ouBiCuueRVdMoBc.jpg"
9499,100132,"M","thumb_720_9013z0o0scM6j03NJVuUeNrp.jpg"
9500,100132,"S","thumb_384_95690lnZZxxAweclCBvQViOx.jpg"
9501,100132,"S","thumb_384_23522UbuVF8QIpUBLAwd2vc8.jpg"
9502,100132,"S","thumb_384_0406HAvAnfHBhIvbIFX1HM1R.jpg"
9503,100133,"M","thumb_720_0732iwNkHB9jdQ9Jldo6OP8n.jpg"
9504,100133,"S","thumb_384_0712iaWZoKOcuk1IblkmaelC.jpg"
9505,100133,"S","thumb_384_2802nZVbhxTg70IaG99EY6PL.jpg"
9506,100133,"S","thumb_384_8988gQdCdRDjpKgWZveWhOSs.jpg"
9507,100134,"M","thumb_720_4043QDIV5glu0shw2XqyUjSo.jpg"
9508,100134,"S","thumb_384_85269rPsZcwBSJnyVIJYczan.jpg"
9509,100134,"S","thumb_384_307272m9yl4KD5P9BbQVEPHk.jpg"
9510,100134,"S","thumb_384_41151kkioBQcNAqFiY8jRaQi.jpg"
9511,100135,"M","thumb_720_7755cxg22hKvkEXANr134U6D.jpg"
9512,100135,"S","thumb_384_5244jBYNXdnUtsTJEl2FCmdr.jpg"
9513,100135,"S","thumb_384_3941PA07J7f1gQufYtuz3uEc.jpg"
9514,100135,"S","thumb_384_5999CcRcYjicsWS2hXdZGLqd.jpg"
9515,100136,"M","thumb_720_6726T7eQPJATMziYaptf8REV.jpg"
9516,100136,"S","thumb_384_9308vKLh3YxTdeRlh5Hw4zVQ.jpg"
9517,100136,"S","thumb_384_0617Ur5G7QCWm6W8HcSmoZGk.jpg"
9518,100136,"S","thumb_384_8707avIQQuTQlZwe7rteqdpW.jpg"
9519,100137,"M","thumb_720_5509aKMtBWNu5DIIVjWnTiSt.jpg"
9520,100137,"S","thumb_384_6142DRr2KQoj0wBjqhx9rQGQ.jpg"
9521,100137,"S","thumb_384_4490UqhsNNoxju7ltTKxcWN6.jpg"
9522,100137,"S","thumb_384_5194JwAJGmpsE2C79byO4LMB.jpg"
9523,100138,"M","thumb_720_0709GfW66k76HaZQXyR4YBEl.jpg"
9524,100138,"S","thumb_384_6803YK2KXif3vyEfMu1HnuAM.jpg"
9525,100138,"S","thumb_384_05436GJvRlOXUMrO9XDlod4g.jpg"
9526,100138,"S","thumb_384_2580CkoxyaHRqXRFMbXDynB9.jpg"
9527,100139,"M","thumb_720_9142QBZ77gMJkUVceP6sChUZ.jpg"
9528,100139,"S","thumb_384_6277VmAd45TD0cgv4skJdarr.jpg"
9529,100139,"S","thumb_384_2687dk0s0J46WSEFdkQQzhul.jpg"
9530,100139,"S","thumb_384_6300yjpbtt9CI3FL1F29qVQt.jpg"
9531,100140,"M","thumb_720_3985yqVeltL7PKzflYsO8sUU.jpg"
9532,100140,"S","thumb_384_4307YsEzFRWsEookz74Ubfpf.jpg"
9533,100140,"S","thumb_384_555830YQFVnRr9i1Ty51dOM9.jpg"
9534,100140,"S","thumb_384_4698hqN2OU0jcdWVwe6o3XbQ.jpg"
9535,100141,"M","noimg.jpg"
9536,100142,"M","thumb_720_3424AANSEh83nVId6dSAlGvf.jpg"
9537,100142,"S","thumb_384_6653FO12zNEAJ5ajQ65NCOQl.jpg"
9538,100142,"S","thumb_384_15100AURz6YfDYNEFN7RycuX.jpg"
9539,100142,"S","thumb_384_3874mHVO8WoCQPXZkeHD5tpE.jpg"
9540,100143,"M","thumb_720_4116ejLEpXsaL76geBv9QsB0.jpg"
9541,100143,"S","thumb_384_9993NlqNRquekEv3J0olwgTP.jpg"
9542,100143,"S","thumb_384_9121GRC1wVLsz3eO6nPkaN78.jpg"
9543,100143,"S","thumb_384_6658baV6n0C7YWf8c14NbOIG.jpg"
9544,100144,"M","thumb_720_57561wuZF0YuXW8QK6AIhg5i.jpg"
9545,100144,"S","thumb_384_1115Ip335ODPh5fuhuBg2QOH.jpg"
9546,100144,"S","thumb_384_91644Q8Zn2lzoeAUU0yNxUYn.jpg"
9547,100144,"S","thumb_384_61140hsGQ9pCIRhULnYAMGfb.jpg"
9548,100145,"M","thumb_720_90153bQ9iMH38EVnXWiMfF5U.jpg"
9549,100145,"S","thumb_384_7820oXYIQDZjvMAV7ov1NSQs.jpg"
9550,100145,"S","thumb_384_275950U0QhJbXgPHjDrZg0ZG.jpg"
9551,100145,"S","thumb_384_7898E4l1eYlALitsPaPu2exM.jpg"
9552,100146,"M","thumb_720_5082F6Y46VSGq4DnTTgQYWic.jpg"
9553,100146,"S","thumb_384_7367ZaTmatuTmOqbyLenuAmX.jpg"
9554,100146,"S","thumb_384_7434dEuL3104b7Uvr9vq5r1n.jpg"
9555,100146,"S","thumb_384_9439fVyyFcFlDhM3LbPQusI4.jpg"
9556,100147,"M","thumb_720_0184y4RJTtrLa7C68NicWp9J.jpg"
9557,100147,"S","thumb_384_34631b4LI2LuZfWSYJuG7qv0.jpg"
9558,100147,"S","thumb_384_0320mWkLFgERZLA0uOAvWGIo.jpg"
9559,100147,"S","thumb_384_2527eYAZxltzWPVK6hqDPWsy.jpg"
9560,100148,"M","thumb_720_7879JpQEXineATIAeyLUisVf.jpg"
9561,100148,"S","thumb_384_5066RDlbUWT4gsK4hNPT2qiu.jpg"
9562,100148,"S","thumb_384_76635Gmci9ncLGE5QwH4jxWh.jpg"
9563,100148,"S","thumb_384_7794H391rhUq534IvN5yw8J8.jpg"
9564,100149,"M","thumb_720_8619U02Oxea2avTuqQazBUiB.jpg"
9565,100149,"S","thumb_384_6657a1LKt27WNObcbAeX2erU.jpg"
9566,100149,"S","thumb_384_9921R4G5sr7l5HabnOc6x5PP.jpg"
9567,100149,"S","thumb_384_6841SW4ZRE6drWwmV6U7mIKG.jpg"
9568,100150,"M","thumb_720_99457DZzoKWB3jACIfjuxClr.jpg"
9569,100150,"S","thumb_384_4534Eq9So74YRG7BpuvVbaDO.jpg"
9570,100150,"S","thumb_384_0746qSGaNkjyf6jUuQXhMwVe.jpg"
9571,100150,"S","thumb_384_4020B45LUrmudz5XWkMqRqnE.jpg"
9572,100151,"M","thumb_720_1224x7eipxfefS6ZI8RAx8as.jpg"
9573,100151,"S","thumb_384_1355UiSTGtYS7EERzPoBHUSX.jpg"
9574,100151,"S","thumb_384_82052kCKZ1SyrTnXjlbavlUy.jpg"
9575,100151,"S","thumb_384_1473KZvMdd66mDiJcEZSb9Hu.jpg"
9576,100152,"M","thumb_720_0573jsNMLdfpbMSg1hcWth8w.jpg"
9577,100152,"S","thumb_384_3998iwVqNOw0BReMkA9e7vy0.jpg"
9578,100152,"S","thumb_384_14518ZqKT6494CcxXOAJ05U1.jpg"
9579,100152,"S","thumb_384_1717QU449M4711bO8ylv1yeZ.jpg"
9580,100153,"M","thumb_720_2786STmwmq7hDeBf47gjhGXT.jpg"
9581,100153,"S","thumb_384_5193MWqvqWl1dsEZuYZlfiks.jpg"
9582,100153,"S","thumb_384_93137l0wPwm3WlcRsn7OUbJp.jpg"
9583,100153,"S","thumb_384_1693aiQuFBPbGwG59dU5D8of.jpg"
9584,100155,"M","thumb_720_8537ok5w3AhCEIbGsiqYHrjR.jpg"
9585,100155,"S","thumb_384_7037lhbOdg85WhUuvh6qFP26.jpg"
9586,100155,"S","thumb_384_99278L2tiMeoTQzL9j6e61ZG.jpg"
9587,100155,"S","thumb_384_6131s6kibGCohZVrMd0bzXN5.jpg"
9588,100156,"M","thumb_720_2015WXhYtnaUF4IfYeFjIZqw.jpg"
9589,100156,"S","thumb_384_2690s4oECSMPsZ81Gg4u8gWs.jpg"
9590,100156,"S","thumb_384_6923T1jxBx69fjZjgDgc5Djk.jpg"
9591,100156,"S","thumb_384_2501ybfmzJDVK0l6qDT6Mcqf.jpg"
9592,100157,"M","thumb_720_4171F1hFJPWjyR98neEXsjS4.jpg"
9593,100157,"S","thumb_384_0334X027W0mY7hGUd32mJbLY.jpg"
9594,100157,"S","thumb_384_6783vgeQjpbrTGSOYnS666ga.jpg"
9595,100157,"S","thumb_384_9421Ak9X9AYveLCowWy5POgh.jpg"
9596,100158,"M","thumb_720_8690LowFLoKdIEO7vZvJ2aIP.jpg"
9597,100158,"S","thumb_384_5202bPxOQS3YUSlmDCmGjN99.jpg"
9598,100158,"S","thumb_384_3421TwfObKBRQjav83ZkhtcL.jpg"
9599,100158,"S","thumb_384_7562snxLYN3v1dpiTEs4Wi76.jpg"
9600,100159,"M","thumb_720_6716aPrRZEdV4muNLE3n51L6.jpg"
9601,100159,"S","thumb_384_9039jZI47QBa9vjEMDsJvOOB.jpg"
9602,100159,"S","thumb_384_49712ciB9hy6p3bnyWx3WpZT.jpg"
9603,100159,"S","thumb_384_7197uKw4sNN5LQf00NGRxb4R.jpg"
9604,100160,"M","thumb_720_1943e8E4NlctY3joljpiMai5.jpg"
9605,100160,"S","thumb_384_1871inRwXyOoTI7P34uPQQUs.jpg"
9606,100160,"S","thumb_384_575842Q4seqjVDoLgXYURdeR.jpg"
9607,100160,"S","thumb_384_32766CstUwdwXx82al2qtcIw.jpg"
9608,100161,"M","thumb_720_1949jpzDdgDYzIg3oGjOiarW.jpg"
9609,100161,"S","thumb_384_68256TnnOBWD4zhuF2lAX5Sl.jpg"
9610,100161,"S","thumb_384_347912ToC801DWNZPxOjmtiJ.jpg"
9611,100161,"S","thumb_384_8432THfX3y8Ul6TuNTiWWRyV.jpg"
9612,100162,"M","thumb_720_16959FdnxYivmIbAfGaSEU3I.jpeg"
9613,100162,"S","thumb_384_6717162g7pVFEY8rn6SznYa5.jpeg"
9614,100162,"S","thumb_384_7882FrOAbZ0J1sw3ssU4eeow.jpeg"
9615,100162,"S","thumb_384_1076ogsurmt0GoRlgIOeLxIZ.jpeg"
9616,100163,"M","thumb_720_5013zRGmN9VHZlN6KTk7FRft.jpg"
9617,100163,"S","thumb_384_2336dQ5pTzl4Az7ZlKCfaaJe.jpg"
9618,100163,"S","thumb_384_0853jHmXlA2L9URf66XMw5By.jpg"
9619,100163,"S","thumb_384_9670AbNyFxOTB9oxBNxWZiXR.jpg"
9620,100164,"M","thumb_720_8540zC8aEbG5N8XmF9BE2upf.jpg"
9621,100164,"S","thumb_384_671203a1d59c3GQGdtUNKftX.jpg"
9622,100164,"S","thumb_384_7876EWFIdWP2l6gTo6vInml7.jpg"
9623,100164,"S","thumb_384_2114r2sW87MPIQAUnDRa0HCA.jpg"
9624,100165,"M","thumb_720_6096WJ9LNLWVQN8piKWU5rdM.jpg"
9625,100165,"S","thumb_384_5864IQOU14nYrM014ES8DAgU.jpg"
9626,100165,"S","thumb_384_495054zzEvauVNxhLyDEdzZV.jpg"
9627,100165,"S","thumb_384_65397bvQtLMJYIYCdSKkZbBs.jpg"
9628,100166,"M","thumb_720_9037rhgmbh99KjcX9zsWG27a.jpg"
9629,100166,"S","thumb_384_8738l3phRE20lxPlbflt4uKc.jpg"
9630,100166,"S","thumb_384_5207DEHHtlrnxCzBJkLbvYUU.jpg"
9631,100166,"S","thumb_384_68168PmRSpqySHah3tfgwTwF.jpg"
9632,100167,"M","thumb_720_4521m6bPeMR1FQeyncOpr3HA.jpg"
9633,100167,"S","thumb_384_9961Klc3LajoRtFGwidwjO2R.jpg"
9634,100167,"S","thumb_384_6618sk3NSuWU9Aiuq4P44P6o.jpg"
9635,100167,"S","thumb_384_0329JTzGf8gdnKC8TAwQx08f.jpg"
9636,100168,"M","thumb_720_6630zpCRIiK3f2Hd8KDEk0AR.jpg"
9637,100168,"S","thumb_384_9337qHPQ8eaKmGEiUA89Aswp.jpg"
9638,100168,"S","thumb_384_95602NTUt37a7QKyVyngbpdh.jpg"
9639,100168,"S","thumb_384_4012AqCP9CD6a3EIrVsBRvF3.jpg"
9640,100169,"M","noimg.jpg"
9641,100170,"M","thumb_720_3769zp8WTVOdf7djxux1ya0r.jpg"
9642,100170,"S","thumb_384_8855j1Ed7C6dj1FIm58YzNIM.jpg"
9643,100170,"S","thumb_384_3157lpiTDN929SsGl1dmWXCR.jpg"
9644,100170,"S","thumb_384_8639zo3kIT4xhaVQfIH9MaRl.jpg"
9645,100171,"M","thumb_720_97783VzPB47SjQlocvc9Ne1d.jpg"
9646,100171,"S","thumb_384_0538KBYcJSG2UxjyYExexEHf.jpg"
9647,100171,"S","thumb_384_8896IIs40u7jAt3VLdXAlhIi.jpg"
9648,100171,"S","thumb_384_5279jFrCrmfBM6ddeUw6LUuf.jpg"
9649,100172,"M","thumb_720_6813zNso1kVkt1t07yikZYax.jpg"
9650,100172,"S","thumb_384_4710zb08d8f2O4vD4ULfPf4v.jpg"
9651,100172,"S","thumb_384_20812QtuSar7zz14jE58hOcx.jpg"
9652,100172,"S","thumb_384_6817XTQpP0ElnKd2zNyyk1Kr.jpg"
9653,100173,"M","thumb_720_20176Q3RQlf0dD36X5jVmOuw.jpg"
9654,100173,"S","thumb_384_4509wymdQEkuk7it825n5HTZ.jpg"
9655,100173,"S","thumb_384_3167WJGcJ3kQfyvlQf9ezEVb.png"
9656,100173,"S","thumb_384_2975qvcJDWVeHyCpQwcuucXJ.jpg"
9657,100174,"M","thumb_720_32761cQdzxr3D93AhXQZQF2J.jpg"
9658,100174,"S","thumb_384_7545w2e9lYDT9RcSzOLnapjy.jpg"
9659,100174,"S","thumb_384_41587vvPHJK7q0BSelZ068Rp.jpg"
9660,100174,"S","thumb_384_2468pHZrKPdJ6tUXy0qItXoD.jpg"
9661,100175,"M","thumb_720_10343P7PbjKHPkFJUB1M17Kh.jpg"
9662,100175,"S","thumb_384_2303qb5gGCQd4dEjPn6FUdjw.jpg"
9663,100175,"S","thumb_384_7248pDRynRfSs4VnMcXyz2Gl.jpg"
9664,100175,"S","thumb_384_1010WKbQHlobNQKF88aRfEyP.jpg"
9665,100176,"M","thumb_720_0368UkURq5VT2hcfdDaB8fo2.jpg"
9666,100176,"S","thumb_384_3421LS3Hq6tpyhgS8rlmm2Uy.jpg"
9667,100176,"S","thumb_384_7534JF9wNocv70QFhnjKtroN.jpg"
9668,100176,"S","thumb_384_2397XCepqCiceQ9JICqQPrQO.jpg"
9669,100177,"M","thumb_720_4765KHt95RHJsGX6CPmZWqD5.jpg"
9670,100177,"S","thumb_384_4894wPVcxukhIuXvTYytpvl0.jpg"
9671,100177,"S","thumb_384_4951mI1486PAddFoKO9eYy3a.jpg"
9672,100177,"S","thumb_384_9168NlnnMkdEut5QcJrS028V.jpg"
9673,100178,"M","thumb_720_1244BEXxohV7arP60OHSeMoI.png"
9674,100178,"S","thumb_384_14393YYRhmnpJXaGXrCmMOLR.jpg"
9675,100178,"S","thumb_384_33206eSQFAJwHUMMHqkFMMr8.jpg"
9676,100178,"S","thumb_384_5392PDmzcyvwKEP8IXjMTXRG.jpg"
9677,100179,"M","thumb_720_0268EjGzRSCVzeGc6mzlXj7y.jpg"
9678,100179,"S","thumb_384_2304mzluwetLl2ZS6OrgHxu4.jpg"
9679,100179,"S","thumb_384_2657EYShVqK1OfuwDvJ9oEs2.jpg"
9680,100179,"S","thumb_384_0257m9bJCxFqivnQZ2qcOEib.jpg"
9681,100181,"M","thumb_720_26812fK5Mv8MVZ5g1jfnp7oC.jpg"
9682,100181,"S","thumb_384_67403veepLJ3z4h43I26p5Fi.jpg"
9683,100181,"S","thumb_384_34892lzRH8xbrROO9W0RX5Tj.jpg"
9684,100181,"S","thumb_384_7660ePmDmGEVUj2QnMH2iDx2.jpg"
9685,100182,"M","thumb_720_6581ufIgBo10uXWWqcuQL9AB.jpg"
9686,100182,"S","thumb_384_5224SIeRorRDkpC9MMbtoWBs.jpg"
9687,100182,"S","thumb_384_6380f1FAYsYNUkvllGdtxt4D.jpg"
9688,100182,"S","thumb_384_7168ONXuSzIvWH3CfzjvkhJm.jpg"
9689,100183,"M","thumb_720_5468clszlFwrSDn7oSCJO7uX.jpg"
9690,100183,"S","thumb_384_49297NpQuE8l8ZyCKCf0w0Iw.jpg"
9691,100183,"S","thumb_384_3657oTPnjI4jZksHHKByEsHx.jpg"
9692,100183,"S","thumb_384_5790zWAWdtrhNuFMQIIDn8md.jpg"
9693,100184,"M","thumb_720_5656VkVBlBTwkdZdZOuYjf6I.jpg"
9694,100184,"S","thumb_384_1647SbkLQ6eYOCZXYm3marou.jpg"
9695,100184,"S","thumb_384_9924QsbOSCnzQRj8krbCPMAs.jpg"
9696,100184,"S","thumb_384_4233Hcgh4nbkxgz3hD5GLPEw.jpg"
9697,100185,"M","noimg.jpg"
9698,100186,"M","noimg.jpg"
9699,100187,"M","thumb_720_9399DcrWhhTDsdGP0J7oEN3y.jpg"
9700,100187,"S","thumb_384_3308fSOwocazhBcAZHQPJdvS.jpg"
9701,100187,"S","thumb_384_6346xAf6qc4DchZyBn8V4YBS.jpg"
9702,100187,"S","thumb_384_3370mqKzpFx1wtsnCE2vt2Y5.jpg"
9703,100188,"M","noimg.jpg"
9704,100189,"M","thumb_720_2060td3aW8fPzCgrkEHHImZ5.jpg"
9705,100189,"S","thumb_384_87860epyd5qZaaTrfmrLC1hX.jpg"
9706,100189,"S","thumb_384_0095vyTY9jwJDCYNKfMhnUK6.jpg"
9707,100189,"S","thumb_384_39290yJ8PKGj2DANtXLYeTUf.jpg"
9708,100190,"M","thumb_720_73792DHoqtAKbBaadIzk9fPk.jpg"
9709,100190,"S","thumb_384_33041rEzgg7XiXobziPZb7Ei.jpg"
9710,100190,"S","thumb_384_1564dvM30oZc9V7HKSo6Citv.jpg"
9711,100190,"S","thumb_384_0945m5Sidkyj5bGcgDPQb1Sd.jpg"
9712,100191,"M","thumb_720_55813QLR6gQ8wxGwG7C76mQj.jpg"
9713,100191,"S","thumb_384_2575TMxjMH9C3pxZABbEGxCO.jpg"
9714,100191,"S","thumb_384_7642FPWvN0jOeHsaIGQqg7CW.jpg"
9715,100191,"S","thumb_384_35655fwxXaHoBovPjNw77KHe.jpg"
9716,100192,"M","thumb_720_66121s6Ssefk4Odnt2GYWxmw.jpg"
9717,100192,"S","thumb_384_8002NKzTJxikneyPAyOSU7bA.jpg"
9718,100192,"S","thumb_384_2464tffUDfMtDQqG7uYcgXm8.jpg"
9719,100192,"S","thumb_384_1301QWH1pfZiJoM58e6CUsvU.jpg"
9720,100193,"M","thumb_720_02321tB7RbjvfYxJdFG4HP5e.jpg"
9721,100193,"S","thumb_384_6722bRe7UScCNGAnf9SdNrzx.jpg"
9722,100193,"S","thumb_384_0620J9V3Wv9R8dd5dZMqczWO.jpg"
9723,100193,"S","thumb_384_2124HeLI4dtiP3mqEQOCuqBQ.jpg"
9724,100194,"M","thumb_720_1836NBL1hGcaiiZlIASO67id.jpg"
9725,100194,"S","thumb_384_2181oYXy9d3D1blxmhuEvpi6.jpg"
9726,100194,"S","thumb_384_3937YSocEXkcARdBJuE0jUyF.jpg"
9727,100194,"S","thumb_384_4907FzJwoEBZmniDon23bBvc.jpg"
9728,100195,"M","noimg.jpg"
9729,100196,"M","thumb_720_31567o5YSxlqo6VdAqvLYUAX.jpg"
9730,100196,"S","thumb_384_0901LIZHbQ0658GpebgBUGQA.jpg"
9731,100196,"S","thumb_384_51474uf9KuxQVOp9ON39Zz91.jpg"
9732,100196,"S","thumb_384_84867rjPdBjCuruainl7eLFx.jpg"
9733,100197,"M","noimg.jpg"
9734,100198,"M","thumb_720_07734IcENf6mkpjuMAsrDSzV.jpg"
9735,100198,"S","thumb_384_5505Sw6aZmeCbMet0D7Venp9.jpg"
9736,100198,"S","thumb_384_94716lWV62YIxluhsH1jrenO.jpg"
9737,100198,"S","thumb_384_6943iLcwhJri2jLaJpfxYi48.jpg"
9738,100199,"M","noimg.jpg"
9739,100200,"M","noimg.jpg"
9740,100201,"M","thumb_720_5913TTGIzTmKzZKumuhLZ2VK.jpg"
9741,100201,"S","thumb_384_6683FxBBSNLykRCLQyQwQvmw.jpg"
9742,100201,"S","thumb_384_8502RQ8WJme0VBWbMwecwHZ6.jpg"
9743,100201,"S","thumb_384_4585te9e9ncDWYjkJXe2Qq8Z.jpg"
9744,100202,"M","noimg.jpg"
9745,100203,"M","thumb_720_56056hCySldO8OxtYFBB0Mpy.jpg"
9746,100203,"S","thumb_384_3718tWkfpmjIqDgAY6YDf1uG.jpg"
9747,100203,"S","thumb_384_00344aquwjSJ6mmDLRePOwUl.jpg"
9748,100203,"S","thumb_384_7737WYKnTHM8POAUiOe1GjkB.jpg"
9749,100204,"M","noimg.jpg"
9750,100205,"M","thumb_720_5146sVIxysltFQJKXaSfXh5a.jpg"
9751,100205,"S","thumb_384_6435gjPixLwDBMMs2EerHJhC.jpg"
9752,100205,"S","thumb_384_1704q6s6k8cx5f1sOK3gAzCJ.jpg"
9753,100205,"S","thumb_384_8737jOMFlZsOJccwhf764Xia.jpg"
9754,100206,"M","thumb_720_5229exjz7O4vzOf4rmTPsb7z.jpg"
9755,100206,"S","thumb_384_3260YVZedOPlihj2tYghsYEJ.jpg"
9756,100206,"S","thumb_384_1778ur3HQS6JN7Yir4HYrwdb.jpg"
9757,100206,"S","thumb_384_6773egAQszKCSMO7trhJ7z9s.jpg"
9758,100207,"M","thumb_720_8045cutwNmvJnkgoPmLlJmhp.jpg"
9759,100207,"S","thumb_384_0079Swot4y1m1bPno9ezad3t.jpg"
9760,100207,"S","thumb_384_1852PjNvUZmOuqrlBnlLFzma.jpg"
9761,100208,"M","thumb_720_7948Cv6iPsUWliYzj2oDMbBG.jpg"
9762,100208,"S","thumb_384_0773yj45T4Xmvl9SJ7j3uvVZ.jpg"
9763,100208,"S","thumb_384_9063usg6ZiN77L5CeFAP9Qpt.jpg"
9764,100208,"S","thumb_384_1974R3YZnkwYUfyKzhqsUNqY.jpg"
9765,100209,"M","thumb_720_55610YHABMqNrpVYrRFH4gOC.jpg"
9766,100209,"S","thumb_384_4074atpgbC0Euy4MUXMbmpaa.jpg"
9767,100209,"S","thumb_384_0240Dj30nHi3hIcWtXKPBfod.jpg"
9768,100209,"S","thumb_384_5913HSw3EBpLPMAR78h6RdlM.jpg"
9769,100210,"M","thumb_720_0559EJeK1oRI52F0MhvF0U2X.jpg"
9770,100210,"S","thumb_384_1766hIeJhj75CxdyWt2RWd4T.jpg"
9771,100210,"S","thumb_384_5954mZl6eXtlvgUHaw0UB9W6.jpg"
9772,100210,"S","thumb_384_1597Tb6QYuUQdHk8x9L0KIog.jpg"
9773,100211,"M","thumb_720_95766Ay8F20itzSQlAdmN04R.jpg"
9774,100211,"S","thumb_384_1091ekIfWk0DC8E3Y2CAx1kE.jpg"
9775,100211,"S","thumb_384_3535QUjbRir9LGPaOSByIJ0G.jpg"
9776,100211,"S","thumb_384_4706TpUNUibeA58rmidv4ZSU.jpg"
9777,100212,"M","thumb_720_7535XtPxC9iQHTgAJaesZ9Ip.jpg"
9778,100212,"S","thumb_384_005789TiAHcFW6JaayHMM9uk.jpg"
9779,100212,"S","thumb_384_2562NwLj3DEJD2CX7BdLarU2.jpg"
9780,100212,"S","thumb_384_01095Xz5VLksvb1Lnxap8jBe.jpg"
9781,100213,"M","noimg.jpg"
9782,100215,"M","thumb_720_35097iZgrP50ZxQqe5rKLKIV.jpg"
9783,100215,"S","thumb_384_7385oKd1bASNKVu92uqe3CPE.jpg"
9784,100215,"S","thumb_384_9617nDww3JzvvI5z6m5Fll4k.jpg"
9785,100215,"S","thumb_384_2923hopyf4ouKfzQRVo9TJuM.jpg"
9786,100216,"M","noimg.jpg"
9787,100217,"M","thumb_720_13403czFsNXQ6cxixw2IHbsN.jpg"
9788,100217,"S","thumb_384_3202CQvO5uFVUyNiEds0MhO0.jpg"
9789,100217,"S","thumb_384_07680boELFgqmhRHogC7YBWR.jpg"
9790,100217,"S","thumb_384_6209PPWCORCiPeCPBFx54UIv.jpg"
9791,100218,"M","thumb_720_8553iOCJM4HG1xS54HkAaUZJ.jpg"
9792,100218,"S","thumb_384_6834u6gwhDaqpzyBAnxIdvlp.jpg"
9793,100218,"S","thumb_384_6030Ycgd19fhk5h5AuK9KC5l.jpg"
9794,100218,"S","thumb_384_5840hPYLUKc3fqLpnHycW48L.jpg"
9795,100219,"M","thumb_720_7027ZK1dwHLS7Mr0y4JfzNQc.jpg"
9796,100219,"S","thumb_384_7825qA6cslsPEdnDs4SapEdg.jpg"
9797,100219,"S","thumb_384_1191V8GoNCgnfoVcHbxEzdmK.jpg"
9798,100219,"S","thumb_384_9618Xsjh64tUFnP1K5xg3i4e.jpg"
9799,100220,"M","thumb_720_8671RwIX131qy4avCHvifSJh.jpg"
9800,100220,"S","thumb_384_6739GuGtJETDIkP79vGWEbJJ.jpg"
9801,100220,"S","thumb_384_5893SSiVPCyMeWrFnZaZdnU7.jpg"
9802,100220,"S","thumb_384_1404pbqJNSogDeD47CmUW1KF.jpg"
9803,100221,"M","thumb_720_16697DKYzFQs28ySnVRL252h.jpg"
9804,100221,"S","thumb_384_6943mlOm0TtuAL3ojHJGl1j5.jpg"
9805,100221,"S","thumb_384_9985axDSLyOgbI7Db3pCE16j.jpg"
9806,100221,"S","thumb_384_5328c2nhy0UVVfPk8n2uoscX.jpg"
9807,100222,"M","thumb_720_2612lWaGnyf6EMvgaWBFHIF1.jpg"
9808,100222,"S","thumb_384_5724WoPbFtIcfU3PXpIg0wQm.jpg"
9809,100222,"S","thumb_384_98431A8y0gl3tFrUPcAkAcLl.jpg"
9810,100222,"S","thumb_384_1705BtbExDLkvC1HtpUpfkLn.jpg"
9811,100223,"M","thumb_720_8538nSgkwW6SjfOg1M4VKD5l.jpg"
9812,100223,"S","thumb_384_9037ljld9Sv9zz3Wl8W2NFt5.jpg"
9813,100223,"S","thumb_384_3041ukB7xdG70TJd40KIROMY.jpg"
9814,100223,"S","thumb_384_4741ra76VrRBAB3oz3fCjwtu.jpg"
9815,100224,"M","thumb_720_4495jbxnaEHIFhMGkaQIU1FY.jpg"
9816,100224,"S","thumb_384_58857rv1GC3Ar72YnPArhCb7.jpg"
9817,100224,"S","thumb_384_0113m0fJSIKqwkdRlr6JufCR.jpg"
9818,100224,"S","thumb_384_8804dljbk8OIPReAcx9aSBgG.jpg"
9819,100225,"M","thumb_720_64073Gz2SEmjXr6gdT6zyjI4.jpg"
9820,100225,"S","thumb_384_57917knzfHHIWjdDiAlGwmdV.jpg"
9821,100225,"S","thumb_384_0496upWNlVS0tsiUL8GhbnZD.jpg"
9822,100225,"S","thumb_384_42102L9BOH0k9bvDE90K25Jn.jpg"
9823,100227,"M","thumb_720_3565tjKgBbZsToRYYMHbUOcl.jpg"
9824,100227,"S","thumb_384_81111ikOj9kc13IMG5Sm3JZT.jpg"
9825,100227,"S","thumb_384_4209ZkvC2Mi10AV3kMADZPgn.jpg"
9826,100227,"S","thumb_384_81801mHwBYsB7ofiWrQbe6z9.jpg"
9827,100228,"M","thumb_720_37194s2ItQ59Zme7PLaeCP9r.jpg"
9828,100228,"S","thumb_384_86751OX92XNCluKuYNf9mmNl.jpg"
9829,100228,"S","thumb_384_2907Uknifxv3DA9wxhHufwLC.jpg"
9830,100228,"S","thumb_384_1418aNSIlsw4g3cPdcav7pUL.jpg"
9831,100230,"M","thumb_720_7930EDXhz1bwfNF80zemLt8L.jpg"
9832,100230,"S","thumb_384_0291nztJyFKfNG9llfnZRh0N.jpg"
9833,100230,"S","thumb_384_5603mIsrE2PrLcUyjDSwv1U9.jpg"
9834,100230,"S","thumb_384_83564yy0oFGsqEhsgV93h36X.jpg"
9835,100231,"M","thumb_720_5031zWs3pLvMY7zBvq7xHILf.jpg"
9836,100231,"S","thumb_384_4788d3AvtHicMdgpyMC5ftGM.jpg"
9837,100231,"S","thumb_384_6350aC1VEZOS6HlNbiKOSJAH.jpg"
9838,100231,"S","thumb_384_26682aGsnwUtLMpYhmrrdUzG.jpg"
9839,100232,"M","thumb_720_2028nRVR0W2zgsaY4kEiwWXs.jpg"
9840,100232,"S","thumb_384_6539LgHMIvvXWRC1VnGqW3dk.jpg"
9841,100232,"S","thumb_384_7674utOIOP8ONw16EEe6XBay.jpg"
9842,100232,"S","thumb_384_0675Mb8tXxLLSrO3PjUuhpDR.jpg"
9843,100233,"M","thumb_720_0102IwaZF6aUem1SMay5OcGP.jpg"
9844,100233,"S","thumb_384_7488yo5jHPkDlbTLG0QH42aG.jpg"
9845,100233,"S","thumb_384_16390Fjm7vtUriQzrKR2HioI.jpg"
9846,100233,"S","thumb_384_3147RO4sD7FYsWOgMpWEvH8K.jpg"
9847,100234,"M","thumb_720_2153uRmKRQ283E8reKpprw7M.jpg"
9848,100234,"S","thumb_384_0596tjd2DQg5kyOiqU6q1sYE.jpg"
9849,100234,"S","thumb_384_0782wQCRm288w805uIKmoXe3.jpg"
9850,100234,"S","thumb_384_50556WTa2g2RD7excwTQlX2V.jpg"
9851,100235,"M","thumb_720_0146Q9WPqZPDDgTcbvtfqb3I.jpg"
9852,100235,"S","thumb_384_0456cxFpdLjthJjehLmysAcJ.jpg"
9853,100235,"S","thumb_384_1556gHdzcyRWC4DMidJdgkjI.jpg"
9854,100235,"S","thumb_384_1014iUGLjMBTyfy5FnP25wop.jpg"
9855,100236,"M","thumb_720_73128spX0QLoXoRUTU7ZhMHP.jpg"
9856,100236,"S","thumb_384_4059uYxU8hxNuq5FTyhWJa9K.jpeg"
9857,100236,"S","thumb_384_0474MlUcYkz4tU6JiM4C1L9p.jpg"
9858,100236,"S","thumb_384_8334HrHMcQ3CU7VTrK7DGDQb.jpg"
9859,100237,"M","thumb_720_8724ke49bksuM5U1YWWW5OGK.jpg"
9860,100237,"S","thumb_384_39232vmLl1PgUb223SMsJAZj.jpg"
9861,100237,"S","thumb_384_5105JwiSv7Em2xYsmhUsLRE4.jpg"
9862,100237,"S","thumb_384_08161ARxAaQ1ILTEtZS1bT0i.jpg"
9863,100238,"M","thumb_720_3619goaGQjwFnexcGoYk6DRY.jpg"
9864,100238,"S","thumb_384_3540iqCpHDYwd8UXm0tA0QHT.jpg"
9865,100238,"S","thumb_384_5431y2gVByzWCpMqNNiJDCPk.jpg"
9866,100238,"S","thumb_384_4742suU1dRCDkqQ5aWTYIJQt.jpg"
9867,100239,"M","noimg.jpg"
9868,100240,"M","thumb_720_2235KGouStqL8KBHDrjApW9s.jpg"
9869,100240,"S","thumb_384_3220OYsdlWL5HRN84C9mfF38.jpg"
9870,100240,"S","thumb_384_3553lKmGMSrLimrRA2hdLyM0.jpg"
9871,100240,"S","thumb_384_62657A2RplIvKEtEhDtpMbY0.jpg"
9872,100241,"M","thumb_720_9586ny1wefgbpU9Kbs7nR7qZ.jpg"
9873,100241,"S","thumb_384_99660H8Hc0dP0EQvM8IE8r1c.jpg"
9874,100241,"S","thumb_384_6737QiOrbMiRRuyXkbJk0hE9.jpg"
9875,100241,"S","thumb_384_9745xE3tIilFIA5e3KPKtuxk.jpg"
9876,100242,"M","thumb_720_1705NDIBDxpEobifP2a9wONV.jpg"
9877,100242,"S","thumb_384_6825xTaYGqZIVIws7e9PdHtZ.jpg"
9878,100242,"S","thumb_384_7446PPVXv2ufuHqI2yS00aCT.jpg"
9879,100242,"S","thumb_384_7580C5kFQAv876vUAzMZtAEV.jpg"
9880,100243,"M","thumb_720_47202siceTi5DvqYwHW2107l.jpg"
9881,100243,"S","thumb_384_6896N183DwoTJxjBpRurdyGD.jpg"
9882,100243,"S","thumb_384_4390aJa0xUaTEX3dzlyeFvBP.jpg"
9883,100243,"S","thumb_384_724659xns4AwsywRBgwZCXFY.jpg"
9884,100244,"M","thumb_720_1763dMxRZS3aF7u9xyCjKeF4.jpg"
9885,100244,"S","thumb_384_9067x5ETsxy8IS69vlmLPP2Z.jpg"
9886,100244,"S","thumb_384_89322XBNE2m24DSemW3xsM9r.jpg"
9887,100244,"S","thumb_384_729676yY7jq94i6VoyHpvnbx.jpg"
9888,100245,"M","thumb_720_66242riH3dK07nkw9sP7jU39.jpg"
9889,100245,"S","thumb_384_3880pKjZvq2hBaZxcFtnTQCp.jpg"
9890,100245,"S","thumb_384_4410TSfwdAc21TwZNIBeeiQY.jpg"
9891,100245,"S","thumb_384_306051gh55fUVcpg6ZIR2kqc.jpg"
9892,100246,"M","thumb_720_3429r2RobieJmbs4JdD8l4n2.jpg"
9893,100246,"S","thumb_384_4374mcBugTQ2DGFhwCul1UN2.jpg"
9894,100246,"S","thumb_384_2016MRgbFIc8SBWzDcM92bzy.jpg"
9895,100246,"S","thumb_384_0897ptZcypochx0UTr5UoBhR.jpg"
9896,100247,"M","thumb_720_4573U29cCzGcTmCTIhb84p0P.jpg"
9897,100247,"S","thumb_384_3756T6paIhDcR2kK9ryGcMCp.jpg"
9898,100247,"S","thumb_384_40883iejN1JPmhBJ6ZV8o86P.jpg"
9899,100247,"S","thumb_384_0225aL21BrnmUxER4wLGiFtv.jpg"
9900,100248,"M","thumb_720_09666K25yeINsvDXIuH63HEz.jpg"
9901,100248,"S","thumb_384_19324ZqX1UYZZSHEUsWLbtIV.jpg"
9902,100248,"S","thumb_384_0795L6fMTTIyPcfiQ42x8r4I.jpg"
9903,100248,"S","thumb_384_7050kkmNH2bvEWr5anTHHVH8.jpg"
9904,100249,"M","thumb_720_9869bYdaZ8aw3W85QGtZYxwq.jpg"
9905,100249,"S","thumb_384_7604uxNOixmaLnLGsZ4r8xWm.jpg"
9906,100249,"S","thumb_384_0362oJPf1KNmd28TZhHv5ba3.jpg"
9907,100249,"S","thumb_384_5796M7kyWIpGTl3eVZLrHYow.jpg"
9908,100250,"M","thumb_720_6872kEPZe4egLQ1243rH0g9l.jpg"
9909,100250,"S","thumb_384_2131y6OeBMyRU8P3CfjQjQuz.jpg"
9910,100250,"S","thumb_384_1041WYYScOWcNpDtY3s8mboc.jpg"
9911,100250,"S","thumb_384_5127UOKX2OcdcmVfFFPrhFkZ.jpg"
9912,100251,"M","thumb_720_1779YeseFYxjXnfrYPi1MaGR.jpg"
9913,100251,"S","thumb_384_0753kNwgzIVv2G4Jcrl3ecCX.jpg"
9914,100251,"S","thumb_384_2449cdtTjKGxgkhn1hbKtdcn.jpg"
9915,100251,"S","thumb_384_6171XGqkVYYXOR6FLCJRRmfL.jpg"
9916,100252,"M","thumb_720_3347EdJKyAiL1B8tLbnLm0WV.jpg"
9917,100252,"S","thumb_384_8659WRkb0Ys7htk7r1FWF6KQ.jpg"
9918,100252,"S","thumb_384_9062jtJVpZkFpyVpPbQdV6H7.jpg"
9919,100252,"S","thumb_384_2712tzdvHKHLFF1BQjlfohAQ.jpg"
9920,100253,"M","thumb_720_47931lsSUTvUNNkzFcWUZ3cX.jpg"
9921,100253,"S","thumb_384_5873IKOOv6dRYixgbAGPDyj6.jpg"
9922,100253,"S","thumb_384_1406ArzhwiBxqGeRPaOx7czJ.jpg"
9923,100253,"S","thumb_384_6227FwHlgyxs4eNragyhmH41.jpg"
9924,100254,"M","thumb_720_4977fye85rULENWb2d1tbuy2.jpg"
9925,100254,"S","thumb_384_9554IhhIoTfN7JIUiNh9UFjd.jpg"
9926,100254,"S","thumb_384_0164JVJCnGSxBhmsg4rLlsu0.jpg"
9927,100254,"S","thumb_384_2444Wx29jZHiHlY2vksBw3fg.jpg"
9928,100255,"M","thumb_720_7874UZrgIg3KGTvaHbREUtfT.jpg"
9929,100255,"S","thumb_384_7519REbaiSqUgUFYq4HVRCsW.jpg"
9930,100255,"S","thumb_384_8522i4BlvwmT5fZdvaFjBnxm.jpg"
9931,100255,"S","thumb_384_553550xWU2qH747eYSCGphjY.jpg"
9932,100256,"M","thumb_720_15955sTcKDExKpD4vg1cp7uk.jpg"
9933,100256,"S","thumb_384_7198Lf388Il6e4aaGnggxYtc.jpg"
9934,100256,"S","thumb_384_5465miGqnVQqiWlHlAlnOJT2.jpg"
9935,100256,"S","thumb_384_2544kRMyrIHwbw5cjBu8aNyU.jpg"
9936,100257,"M","thumb_720_0811vXus1m8ylXKYFOzXZnmP.jpg"
9937,100257,"S","thumb_384_0254Oy3yczVsgCUJd3WouD6B.jpg"
9938,100257,"S","thumb_384_0726pvndLN4ix4PgtEEeQQJ1.jpg"
9939,100257,"S","thumb_384_4360UasCf858FMpMC1bs2rMf.jpg"
9940,100258,"M","thumb_720_0570pmwbOa5rrSwdaumyN1xt.jpg"
9941,100258,"S","thumb_384_8038aboBLucLXuB0VEuVFuAh.jpg"
9942,100258,"S","thumb_384_6407s3UZTxDdbzYPejxrzGmq.jpg"
9943,100258,"S","thumb_384_0894wSAN1TeFZUbhIemryBOB.jpg"
9944,100259,"M","thumb_720_0275hla9UCKeq6frlzPN9qDY.jpg"
9945,100259,"S","thumb_384_3529U6PhYljGp3IMTg6NDgVF.jpg"
9946,100259,"S","thumb_384_2124ZCs7V7fEV4g3g3vYuG1k.jpg"
9947,100259,"S","thumb_384_3953Lx2lkWgxO8mXkGcvQBTk.jpg"
9948,100260,"M","thumb_720_0329ihBu5VUWxYr7FAe0HJkx.jpg"
9949,100260,"S","thumb_384_1774OFZpngtU48JbuiQ9N2V9.jpg"
9950,100260,"S","thumb_384_1695zBToWZCX0QqSfTsZvAP1.jpg"
9951,100260,"S","thumb_384_7844oIqPRMQJmWHKkHmnacyB.jpg"
9952,100261,"M","thumb_720_24744ZfK7WJZsndhJRQKfdMY.jpg"
9953,100261,"S","thumb_384_35307nH86RcHk5FFrHUDUmiN.jpg"
9954,100261,"S","thumb_384_5159FE0PwOw8hhr4wGAADdhl.jpg"
9955,100261,"S","thumb_384_2504FkSHG4fWu5lH4VcfwcuD.jpg"
9956,100262,"M","thumb_720_8144UAU4ARCQhK5lZdiNqqPp.jpg"
9957,100262,"S","thumb_384_2438inKqYuSgcbdiEH0LEgj9.jpg"
9958,100262,"S","thumb_384_8818R88qdH9ftLVau2BBDi0O.jpg"
9959,100262,"S","thumb_384_7884OwV3qmBGF8gywIN8eSI9.jpg"
9960,100263,"M","thumb_720_62785SE0uAXuwnaf0vLxeehH.jpg"
9961,100263,"S","thumb_384_5766QOhogKqSMay1byLvXlye.jpg"
9962,100263,"S","thumb_384_6142BhhUEEqsENb5QAOcgreC.jpg"
9963,100263,"S","thumb_384_9875jw8kcShvX4WohhvhV6fV.jpg"
9964,100264,"M","thumb_720_7172IuzNJCgjnyZhSz4Ez05s.jpg"
9965,100264,"S","thumb_384_7137AABnwQPoTbet55FpuuAf.jpg"
9966,100264,"S","thumb_384_67559dnc7osUsrfRXDJyhjet.jpg"
9967,100264,"S","thumb_384_9022ySQy3dZsht1qXDPVrx5h.jpg"
9968,100265,"M","thumb_720_96982g7aPUS9MYvixLZ80HZl.jpg"
9969,100265,"S","thumb_384_6398KFXJaFjFGvodAv9BJIgC.jpg"
9970,100265,"S","thumb_384_1669UlQDcbhmtKDpx0ENjtuZ.jpg"
9971,100265,"S","thumb_384_1656xJOgAjOxXtkml9kB6y2X.jpg"
9972,100266,"M","thumb_720_709161VG8de77a47aMxBP8P8.jpg"
9973,100266,"S","thumb_384_5622kaiij4C2cE7M0OKAvRju.jpg"
9974,100266,"S","thumb_384_2391ulWgdR5vlijfXo3LswiR.jpg"
9975,100266,"S","thumb_384_2919T5Gl0i0ISlsLgWVP31Tv.jpg"
9976,100267,"M","thumb_720_7297yvlBay4odujtUArs2DYa.jpg"
9977,100267,"S","thumb_384_4234nCZ06LkNZL8h16RSimak.jpg"
9978,100267,"S","thumb_384_7114VzK3DjurAPotYEzAay6f.jpg"
9979,100267,"S","thumb_384_8597wAoXgPcmg93CBJIdUG5N.jpg"
9980,100268,"M","thumb_720_9530K0K51sVpcajYrwAQ5KQo.jpg"
9981,100268,"S","thumb_384_2116TnfUzKSrtVXMgrP14Xd6.jpg"
9982,100268,"S","thumb_384_02794zLH8tQUkpmRlT9ngrft.jpg"
9983,100268,"S","thumb_384_937465H3Zj2RvcfidYUDEFMd.jpg"
9984,100269,"M","thumb_720_6313OMyUcX7DWa4n1HKSBshA.jpg"
9985,100269,"S","thumb_384_9046ZiW3GsJEQNQkuPpL7H5O.jpg"
9986,100269,"S","thumb_384_48475C28buSvhoxFObI8bu1d.jpg"
9987,100269,"S","thumb_384_5652SWDOS2EaVo6fNsHhJ7bz.jpg"
9988,100270,"M","noimg.jpg"
9989,100271,"M","thumb_720_2252LGI7ScYEW2l2tkMXLI61.jpg"
9990,100271,"S","thumb_384_4928jCFU2PdiOss9EGcYojI0.jpg"
9991,100271,"S","thumb_384_30742GMwvKSheBaQzJgJzZ5Q.jpg"
9992,100271,"S","thumb_384_1817TTwG1xX2VuZa900X6Xoq.jpg"
9993,100272,"M","thumb_720_7077LzDzAylQ98NKRCAfArBT.jpg"
9994,100272,"S","thumb_384_40784uNckIiobeamG04JNEsS.jpg"
9995,100272,"S","thumb_384_7241GV3xhC0DJCC6NqkDjXdC.jpg"
9996,100272,"S","thumb_384_6557tnvpmLStXiKR23tNCFKJ.jpg"
9997,100273,"M","thumb_720_4666GPp3ZDpSVPVpYn6Au6R6.jpeg"
9998,100273,"S","thumb_384_4495RJUv9udFbsKrd2q49pfC.jpeg"
9999,100273,"S","thumb_384_0531S9aggZC1ajIMbuEi6YBZ.jpeg"
10000,100273,"S","thumb_384_5440Fl2F9MHZug4Rrt4EIsDB.jpeg"
10001,100274,"M","thumb_720_2001gf28pO3LpGsQM32iL9ap.jpeg"
10002,100274,"S","thumb_384_0600UhrGcM6TdBzE0h7vZZXz.jpg"
10003,100274,"S","thumb_384_0699KSOBPCJI8lphvDY0E8L5.jpeg"
10004,100274,"S","thumb_384_4960WU5UIcgIOgsxCAZOpsiH.jpeg"
10005,100275,"M","thumb_720_7674aWcu6VRUzYBzOBIef12v.jpg"
10006,100275,"S","thumb_384_3657KFl72IM3BcI2RTNKQCU4.jpg"
10007,100275,"S","thumb_384_4945KsQF9sejAUkKA5xpXBAr.jpg"
10008,100275,"S","thumb_384_6730yGS5rg3GCSEmwyHaI2tF.jpg"
10009,100276,"M","thumb_720_2793dhoUwiHOzdYFCB2ElhOF.jpg"
10010,100276,"S","thumb_384_0048U9MS1fqeiWXjYwA6j2F4.jpg"
10011,100276,"S","thumb_384_2753wCNm6N4v2UK8Oo1FzgIa.jpg"
10012,100276,"S","thumb_384_3864ySjNYIohu5pSTOoyg8xP.jpg"
10013,100277,"M","thumb_720_9835oxj55MSlzYBmloj5VeFs.jpg"
10014,100277,"S","thumb_384_9232AETWEARbA8dCoWohV0N3.jpg"
10015,100277,"S","thumb_384_2535EleUbs8WAuQo9bm9u1Qv.jpg"
10016,100277,"S","thumb_384_3808zvqmpb2WMDChY66qTGoi.jpg"
10017,100278,"M","thumb_720_8695SJ5qdGgA0euGkO700fbr.jpg"
10018,100278,"S","thumb_384_29388dI2MZfNf0ZlPVgsJIMq.jpg"
10019,100278,"S","thumb_384_0812YgNCvNg5564ewlDvRx3w.jpg"
10020,100278,"S","thumb_384_3065TTp6XwzVMVdTQXH9OqPW.jpg"
10021,100279,"M","thumb_720_6820aKvDoSvyylN44E18JyDD.jpg"
10022,100279,"S","thumb_384_8126tNVIkEZVoEELuR92gst9.jpg"
10023,100279,"S","thumb_384_9702qirkkC0UtPi9Z6ZdtYQ2.jpg"
10024,100279,"S","thumb_384_4286xF2eVf7wgNM9TE9A4Zgh.jpg"
10025,100280,"M","thumb_720_3477HPHobRZ5pKbVlWbuQIcC.jpg"
10026,100280,"S","thumb_384_5205zJ0iBSIVFeOWvjLMP4GB.jpg"
10027,100280,"S","thumb_384_5656LbRXLJiH8nuab5hPqzMx.jpg"
10028,100280,"S","thumb_384_9117LJyaD6xbKhm1Kuc9gmag.jpg"
10029,100281,"M","thumb_720_2166fj2zIEwXQ1JPyS2YSxqD.jpg"
10030,100281,"S","thumb_384_0075uzN2qR2bKUPrwWe83WwY.jpg"
10031,100281,"S","thumb_384_4724LsmQJOJd0XnNN6tqVieV.jpg"
10032,100281,"S","thumb_384_8174iX3PANLSxcQbXPGRzJiP.jpg"
10033,100282,"M","thumb_720_2210BhaHuHaBxzQhr9qevlkt.jpg"
10034,100282,"S","thumb_384_3462W7zZaxDaFxag66rG6q91.jpg"
10035,100282,"S","thumb_384_1849iMulJ4HimwWGgWvbxLZN.jpg"
10036,100282,"S","thumb_384_0828evH2gcIoNINlSlRerRuO.jpg"
10037,100283,"M","thumb_720_1551i98RcmM9Oy2X4tOVO2Bh.jpg"
10038,100283,"S","thumb_384_9313Mtr2jV8oR5Gph7nvV6Ic.jpg"
10039,100283,"S","thumb_384_3355h8wpMnq860oE10QRvhDa.jpg"
10040,100283,"S","thumb_384_6837OlmblcMLj6suEej8PqUJ.jpg"
10041,100284,"M","thumb_720_3221N3re3gsrKz8peXtD5I89.jpg"
10042,100284,"S","thumb_384_86424BlG5XppP3LkP27vlIJn.jpg"
10043,100284,"S","thumb_384_5973Jtw6RTqhSlrBygwcG8DX.jpg"
10044,100284,"S","thumb_384_4756eTFEMKaoan6zSdRjkwyu.jpg"
10045,100285,"M","thumb_720_9246hk1JLEChdoHnBQf2V160.jpg"
10046,100285,"S","thumb_384_4248gxFFApmJPj0L7zHCZ0ho.jpg"
10047,100285,"S","thumb_384_3074bbnSeT0nkmaTUtsArnuv.jpg"
10048,100285,"S","thumb_384_5959Ndt9GmpY5d38DXFchm3U.jpg"
10049,100286,"M","noimg.jpg"
10050,100287,"M","thumb_720_5425wesMNlmaUJnDtboHnRcE.jpg"
10051,100287,"S","thumb_384_4502PAey8dF1X0ntZSa1VtNg.jpg"
10052,100287,"S","thumb_384_7536D301CYoRu1nBjddssIoB.jpg"
10053,100287,"S","thumb_384_2016PbnqpmfUeWfDCEMVCKaj.jpg"
10054,100288,"M","thumb_720_2918gKj5MbvJbexnZ4IbLVIL.jpg"
10055,100288,"S","thumb_384_0248WsBeSHqLRgEwbz4p3VwM.jpg"
10056,100288,"S","thumb_384_0882gALYhsFXugQzIlXacoxC.jpg"
10057,100288,"S","thumb_384_4535yLJNBiWhielBPVJiwrIT.jpg"
10058,100289,"M","thumb_720_2034N2GrEznnuL8zlpVbDPSC.jpg"
10059,100289,"S","thumb_384_0947JWbeknz8gAepwJi7VbPo.jpg"
10060,100289,"S","thumb_384_9927SaFivvUeKPoRFYuyxGa2.jpg"
10061,100289,"S","thumb_384_5159Hmufo5rstG0A7wjXru8V.jpg"
10062,100290,"M","thumb_720_3186VZGs9KYx0jGepFODwQuX.jpg"
10063,100290,"S","thumb_384_4982hhBisvWoYCTVMIup69eO.jpg"
10064,100290,"S","thumb_384_6830BIcPsGNVaB0wtPqbE39S.jpg"
10065,100290,"S","thumb_384_8455wms0tkF4r6VrWvoUcsN1.jpg"
10066,100291,"M","thumb_720_57582SuDFs1X9SgVHY6N6hWZ.jpg"
10067,100291,"S","thumb_384_9411eIFw6Q0YPYtMeFt2BN05.jpg"
10068,100291,"S","thumb_384_1716Le7riAmfKqRJkB77sWvf.jpg"
10069,100291,"S","thumb_384_0428etbuLR0oM9qRBphKZytw.jpg"
10070,100292,"M","noimg.jpg"
10071,100293,"M","thumb_720_8356wJgDEevJS8XgGWfvnwWs.jpg"
10072,100293,"S","thumb_384_2600BBYAx4XgYc2ruFTOEVHP.jpg"
10073,100293,"S","thumb_384_0507v8UGCpWvO2Sgx63dpfBF.jpg"
10074,100293,"S","thumb_384_5618aAcGhtRXwdzYA7fLDCcz.jpg"
10075,100294,"M","thumb_720_3658YJ4QkQYwLW0PzsshNg4v.jpg"
10076,100294,"S","thumb_384_5062eufVnyfPrP7sxEY92wPk.jpg"
10077,100294,"S","thumb_384_0411I5Ob2SfJQxIjHDuTu59h.jpg"
10078,100294,"S","thumb_384_2092woV2YfzRxQsHaesRmcC6.jpg"
10079,100295,"M","thumb_720_56211ClFJSTI1SPVXMQEWXGr.jpg"
10080,100295,"S","thumb_384_1002FYUznvjC5mBBTZLjEOyG.jpg"
10081,100295,"S","thumb_384_1205zRwfoaEXvUUwegHK3Q6p.jpg"
10082,100295,"S","thumb_384_7421lZs4iNmzBUkKuGA4GvEg.jpg"
10083,100296,"M","thumb_720_9203G2zsQNvJHIC9ZrKY5y8j.jpg"
10084,100296,"S","thumb_384_0905LX04GP1avujmq6o25mUK.jpg"
10085,100296,"S","thumb_384_9372ZBA13JXv6lS50JHxgQ7c.jpg"
10086,100296,"S","thumb_384_9357GnNhqvsgim0GNB3BS7I9.jpg"
10087,100297,"M","thumb_720_2364feDMhcqXb5GjEk1pfKxN.jpg"
10088,100297,"S","thumb_384_2286LaiCZrAwW5ujOB61zAma.jpg"
10089,100297,"S","thumb_384_5814HHlQk0gYuDkULoEfxNCv.jpg"
10090,100297,"S","thumb_384_0682lhiBjKxFjwwIB6PDNBgC.jpg"
10091,100298,"M","thumb_720_200701XcWJ7LMwvso2JHho5s.jpg"
10092,100298,"S","thumb_384_9774HcdLI9tCh4VHlE7ZHa03.jpg"
10093,100298,"S","thumb_384_9298i8quTnr1yKe2GBIBAUdl.jpg"
10094,100298,"S","thumb_384_7636sPRBINVlFzAoPX9Ub9dJ.jpg"
10095,100299,"M","thumb_720_5147qPQ7WYuIfWo24zTj3Kyp.jpg"
10096,100299,"S","thumb_384_5987MBzzWwxl23XYYo6R5bw0.jpg"
10097,100299,"S","thumb_384_1929wGbSNnhtgo7KRqRbL3Rh.jpg"
10098,100299,"S","thumb_384_2806wx4cepm9wBN2ka7dnfCl.jpg"
10099,100300,"M","thumb_720_5003LMFgpFUOpZ8EMpqn2C1u.jpg"
10100,100300,"S","thumb_384_63338Yh2c3e8WxpiuZovjSZz.jpg"
10101,100300,"S","thumb_384_58783IcDi5H8ZuKSTLYhelRS.jpg"
10102,100300,"S","thumb_384_05673Zt4paETB9I2P1SdMET4.jpg"
10103,100301,"M","thumb_720_9442fWMNxLkpXOkeMBBuJ7di.jpg"
10104,100301,"S","thumb_384_4745IAl7GX2DCaN6iKG04UY6.jpg"
10105,100301,"S","thumb_384_7351H7n0HMREti04vvYx12W3.jpg"
10106,100301,"S","thumb_384_6206oeTl7xDCvt2wSTmsSbtB.jpg"
10107,100302,"M","thumb_720_13410LHunYjoHRFYLMBaZPlQ.jpg"
10108,100302,"S","thumb_384_0620sFxkA9Veht7PrZ73H1dy.jpg"
10109,100302,"S","thumb_384_07666NZwZ1nbpqFHdZHWqOvN.jpg"
10110,100302,"S","thumb_384_8404W9Gmme7c7SNY6vgv5CXZ.jpg"
10111,100303,"M","thumb_720_4593tWFW6HBc1pjBOt0BQ1z8.jpg"
10112,100303,"S","thumb_384_3322N2EcnBZFZ3nA5UyKBLJC.jpg"
10113,100303,"S","thumb_384_2104TVKcQvLq5nMKbLL9bmhv.jpg"
10114,100303,"S","thumb_384_0773lT8EUjQHB8FoP0lLShOi.jpg"
10115,100304,"M","thumb_720_39018l98CXtvS3wPFrjJSp8J.jpg"
10116,100304,"S","thumb_384_3524r1AVQUeFGW0JFYSHS5Mr.jpg"
10117,100304,"S","thumb_384_68708hmxHSQZE1KPGwdMjIyJ.jpg"
10118,100304,"S","thumb_384_8294SxCUbbRlyzSbHfStQu3k.jpg"
10119,100305,"M","thumb_720_2072vddeCL9tAi6MejtQ0QUD.jpg"
10120,100305,"S","thumb_384_4614mePn1c4KkGvldPl6e7TN.jpg"
10121,100305,"S","thumb_384_0482mvpxHAm1XtTi2FtRNwAw.jpg"
10122,100305,"S","thumb_384_3713vXEL4YTRNJLSg0prg74q.jpg"
10123,100306,"M","thumb_720_2310gzGZoHhl2GdVkbBg1Rv2.jpg"
10124,100306,"S","thumb_384_9763SLgoLlaxkUVuyBALFhDx.jpg"
10125,100306,"S","thumb_384_3047KzJcaJ0xeZdxqjhJZdUx.jpg"
10126,100306,"S","thumb_384_23587LGs3kljstolvKPWHXCp.jpg"
10127,100307,"M","thumb_720_9250VZEvCnhUlUrOGREIVASN.jpg"
10128,100307,"S","thumb_384_50635vN3FXJTnDjDZX8kqvy1.jpg"
10129,100307,"S","thumb_384_5596fnWjR40cKzL3I9JKP12B.jpg"
10130,100307,"S","thumb_384_7832nOVoTYRE8EBd7ncsEVJ1.jpg"
10131,100308,"M","thumb_720_6479bc4zQgwAstH33w4jwRsz.jpg"
10132,100308,"S","thumb_384_5153A4eXI8KbrJZJKW5R2xVq.jpg"
10133,100308,"S","thumb_384_2513UIOSVbJStsahipQxVrWX.jpg"
10134,100308,"S","thumb_384_4545IcQxMmccuSIT2BIgwExO.jpg"
10135,100309,"M","thumb_720_28145GRviknrUmAPxTO5RGPB.jpg"
10136,100309,"S","thumb_384_6832gMxFDDD5desrNHRBqJXP.jpg"
10137,100309,"S","thumb_384_1262CElLzwVNK78i1QI1xXkT.jpg"
10138,100309,"S","thumb_384_5746T6HdX1fCy9RpCyJtU2sP.jpg"
10139,100311,"M","thumb_720_7658yQuZaUJGKOIq1gY0XBo9.jpg"
10140,100311,"S","thumb_384_3628K2BmJBh53fSylAN8TLLo.jpg"
10141,100311,"S","thumb_384_6596sHR7ruuDJxIjh043dNO5.jpg"
10142,100311,"S","thumb_384_4736G0hVLiJmpZZVfGQkJHX5.jpg"
10143,100312,"M","thumb_720_6187kpFZDrPqToWy1rNww45x.jpg"
10144,100312,"S","thumb_384_2248LrC03SC339TedbfY7xte.jpg"
10145,100312,"S","thumb_384_1986A6vt0pCwveAYuZisyeyj.jpg"
10146,100312,"S","thumb_384_0874Jcu92BbhsEHeDdZBo8mI.jpg"
10147,100313,"M","thumb_720_49475Xy3k5nkC6GIhVrWmpWz.jpg"
10148,100313,"S","thumb_384_4037VBlMPS2Sq77l4DeEZFSp.jpg"
10149,100313,"S","thumb_384_2370g1jLaemd3KwQNSzHIjAR.jpg"
10150,100313,"S","thumb_384_4468f4KBsKVn5zdZK6xQIT37.jpg"
10151,100314,"M","thumb_720_5110Z4MG9GD3G7hBzc5FU2DV.jpg"
10152,100314,"S","thumb_384_4617gpmuYFrQZVxBNOHQoSBK.jpg"
10153,100314,"S","thumb_384_6464iz9ct6zfOnHinjPgnd94.jpg"
10154,100314,"S","thumb_384_99344yOinfVHEOz8XMG5bzVQ.jpg"
10155,100315,"M","thumb_720_9244efpsafWQWq7LQXO2n564.jpg"
10156,100315,"S","thumb_384_8856wE3OXeB7NFn45Mp2vE5Y.jpg"
10157,100315,"S","thumb_384_19680YdnxnFhTE01GKA4Kdln.jpg"
10158,100315,"S","thumb_384_2930AIqp1qmQVugrvEO5H7ac.jpg"
10159,100316,"M","thumb_720_7936JFIst1ly0uq16N8zy49J.jpg"
10160,100316,"S","thumb_384_0014fRQH8rbXF5cI0pWBWJ3k.jpg"
10161,100316,"S","thumb_384_17648ie96Q16Rha3rzQGyJYP.jpg"
10162,100316,"S","thumb_384_8282TNvhp6H7UfDyHgBA52mz.jpg"
10163,100317,"M","thumb_720_0664QCXLr4mFsKoxVOPxPj9O.jpg"
10164,100317,"S","thumb_384_6616FiGSxb136Egd8SC1CVVG.jpg"
10165,100317,"S","thumb_384_8873SOrxjlrBLK8wAajiE7g5.jpg"
10166,100317,"S","thumb_384_8475Bib7ROgUgkWlhIX9sV8Q.jpg"
10167,100318,"M","thumb_720_4551dd8uJCRn2zuFw7LuvT3m.jpg"
10168,100318,"S","thumb_384_9270H9RtSHuXw3ZEjCIp8tjj.jpg"
10169,100318,"S","thumb_384_0013oSiUWWh154EcfAmPJcq1.jpg"
10170,100318,"S","thumb_384_2071rwtzMEXnVB90MA8H3HDB.jpg"
10171,100319,"M","thumb_720_1797Mz5bdb5b0wnriUDGrAdg.jpg"
10172,100319,"S","thumb_384_6087NpPOBFudPPQjJjiNtfhK.jpg"
10173,100319,"S","thumb_384_6019lzqNQamQxIaKpBv4p1KW.jpg"
10174,100319,"S","thumb_384_5915ImUjyuAdBGOUWxv0c8pY.jpg"
10175,100320,"M","thumb_720_8310ngFASCJOXRp9W4e0AVxB.jpg"
10176,100320,"S","thumb_384_4872JXfJ0fvt3LXaYvhgcoi6.jpg"
10177,100320,"S","thumb_384_6024wLbMAMoPFUhhhzVqz7eq.jpg"
10178,100320,"S","thumb_384_92346flzn995l4f0kjXMOQlW.jpg"
10179,100321,"M","thumb_720_1697edOJ3vdw2pWkfKJgUZWy.jpg"
10180,100321,"S","thumb_384_6279L4HIqdWaBZK0Sb7Srvs7.jpg"
10181,100321,"S","thumb_384_8620hvMv40YBwp6UgQxqr6h5.jpg"
10182,100321,"S","thumb_384_7636q4lJ9k7voapqHcIhahc5.jpg"
10183,100322,"M","thumb_720_8913z0JieDvs5dXqWX8GKpr9.jpg"
10184,100322,"S","thumb_384_3478YuH7cvXg9fMdQllVhHOw.jpg"
10185,100322,"S","thumb_384_0205nak093ZUp2WfPHqTwDPx.jpg"
10186,100322,"S","thumb_384_3175qriuSYhtVCEDe2OCnkbW.jpg"
10187,100323,"M","thumb_720_1736rpIlFEuiPJ40wlwSx3Qd.jpg"
10188,100323,"S","thumb_384_3734fC7mNdAtykZG6NgsxXZT.jpg"
10189,100323,"S","thumb_384_1324cWGVxlqBgy1wgsPSmjCm.jpg"
10190,100323,"S","thumb_384_8242C0gVJJ4WsbmTsw6S1Dd1.jpg"
10191,100324,"M","thumb_720_4993dyi1eFLAKGv5HGGLR0I7.jpg"
10192,100324,"S","thumb_384_2583UicnoAHJj6CJYSXqegak.jpg"
10193,100324,"S","thumb_384_06551x7JtnYG4Ku6ftoZAfLo.jpg"
10194,100324,"S","thumb_384_9308gwKeCqztTlihuGfyf5yf.jpg"
10195,100325,"M","thumb_720_6880biyOEAKmOKqM0L6SoSRT.jpg"
10196,100325,"S","thumb_384_2864JMqjmyA02bVLqGqdNiAg.jpg"
10197,100325,"S","thumb_384_374322qPV6VXysjuNumqtAFW.jpg"
10198,100325,"S","thumb_384_3161h54bfYYIBTYu7TGpCV8O.jpg"
10199,100326,"M","thumb_720_3183Dt6jugI1hFwmrxPp6ofI.jpg"
10200,100326,"S","thumb_384_5181oMUpb6P3T7pFDkYgE1Lq.jpg"
10201,100326,"S","thumb_384_5674qyWZAJVWhJLDhXSzMEhi.jpg"
10202,100326,"S","thumb_384_6932z0EXPfjYGV89rNdFvbOt.jpg"
10203,100327,"M","thumb_720_04285R84YjYUGsI8BsJZXf2l.jpg"
10204,100327,"S","thumb_384_196748rP7EY454FW8QklAqbh.jpg"
10205,100327,"S","thumb_384_5928hiDDxaEltlomRX5lmLZs.jpg"
10206,100327,"S","thumb_384_0426FW6Mv6903l1OOGXEEvHb.jpg"
10207,100328,"M","noimg.jpg"
10208,100329,"M","thumb_720_6014S7PvLvbcc77uR0JyFkfp.jpg"
10209,100329,"S","thumb_384_9481p7i7BIdkCDDGfselWXZA.jpg"
10210,100329,"S","thumb_384_6754njMmh8maeIkcNQ9gYSAA.jpg"
10211,100329,"S","thumb_384_2067VmGSMuQ78iNfNsNNElje.jpg"
10212,100330,"M","thumb_720_6026BEGjfUJgG6gAvLNirP41.jpg"
10213,100330,"S","thumb_384_1616shgSuflU8TJsUuL3Ipf0.jpg"
10214,100330,"S","thumb_384_4572qKkWnAXBpwJBTK4EhG33.jpg"
10215,100330,"S","thumb_384_1574pWV91pXgiBaDX1wJdmce.jpg"
10216,100331,"M","noimg.jpg"
10217,100332,"M","thumb_720_84955FvqNWY66YTA1wlgxtpR.jpg"
10218,100332,"S","thumb_384_7645uSjJ00unt5oZTEgHyYIZ.jpg"
10219,100332,"S","thumb_384_29729gBHHmQdYlBxxWWtZOOZ.jpg"
10220,100332,"S","thumb_384_8054ofL9Q66pmYRALnTyYYJM.jpg"
10221,100333,"M","thumb_720_9119KO1sT8aQdLUd3qvQ3epo.jpg"
10222,100333,"S","thumb_384_66575Qz7HElScbUoEC673tnv.jpg"
10223,100333,"S","thumb_384_2667UpeH0d0MpThb5StvSi7k.jpg"
10224,100333,"S","thumb_384_3715zJGP7QyyhikxlndMxCtR.jpg"
10225,100334,"M","thumb_720_29345nTPOxxw6U8Niknr8xY6.jpg"
10226,100334,"S","thumb_384_2429FXebsjukPfudz8oCcya8.jpg"
10227,100334,"S","thumb_384_2520QR60oE4nG9ddcCQffoea.jpg"
10228,100334,"S","thumb_384_348949coq9PdYedEPzH3dfuM.jpg"
10229,100335,"M","thumb_720_5591RQVfBaj7bM9FMughZR4o.jpg"
10230,100335,"S","thumb_384_85836r3PGCkBj08hfiGVRw58.jpg"
10231,100335,"S","thumb_384_1299sT8lM7d2leL6iA8gTuyq.jpg"
10232,100335,"S","thumb_384_8280Is9em9LfHDMRl2b5K2Rt.jpg"
10233,100336,"M","thumb_720_6954j45GciIr5aJim4E0GX1s.jpg"
10234,100336,"S","thumb_384_7816U4lSqHg7gIIPIV2XSuPb.jpg"
10235,100336,"S","thumb_384_0337yTUozgpOcLIzhGckrgDI.jpg"
10236,100336,"S","thumb_384_7941XciQ264XjJikCcf8SWdH.jpg"
10237,100337,"M","thumb_720_8885FqorAofEE9kog4f2e7yr.jpg"
10238,100337,"S","thumb_384_7196qAcsM6D8yTrzzEWkFHqp.jpg"
10239,100337,"S","thumb_384_7993puikufPDSr6rsFrxvYpv.jpg"
10240,100337,"S","thumb_384_3407ObEdxLupQx98gXx0yerv.jpg"
10241,100338,"M","thumb_720_88024orbdV9smNRLBFeDikhs.jpg"
10242,100338,"S","thumb_384_0510vkJF6PqErxdhlEZoiq3E.jpg"
10243,100338,"S","thumb_384_7391AH5TlffIoAQyFCSidsXm.jpg"
10244,100338,"S","thumb_384_3560km7q8e3U2TLmrzhNozYt.jpg"
10245,100339,"M","thumb_720_9783BbevC5GFifgwVWzaib7M.jpg"
10246,100339,"S","thumb_384_87806TlMfzoikWShsV0jOlQV.jpg"
10247,100339,"S","thumb_384_9867NxI2Yv466EB71wQhBJER.jpg"
10248,100339,"S","thumb_384_04219f4ncw0vcn5OAqi0jatw.jpg"
10249,100340,"M","noimg.jpg"
10250,100341,"M","thumb_720_4932gjZ6mIatHVftszEkh9DY.jpg"
10251,100341,"S","thumb_384_8826Zu1CK5nWXb46vSENbkmz.jpg"
10252,100341,"S","thumb_384_7055TyMr7FcbTVkdwYWJKS2E.jpg"
10253,100341,"S","thumb_384_82251HFNdXCUAQYnlCuzwQXJ.jpg"
10254,100342,"M","thumb_720_0782vtXgGV3r7SUlLzXB30bp.jpg"
10255,100342,"S","thumb_384_0316ZESmS8F2ZKePdXQWjvN7.jpg"
10256,100342,"S","thumb_384_5216MgbuVkOxHGMzxeHbds3D.jpg"
10257,100342,"S","thumb_384_0159Vv3wzlkRRKJvpUuxfRKe.jpg"
10258,100343,"M","thumb_720_2641CYCtyw2tTvyZH980RcYV.jpg"
10259,100343,"S","thumb_384_8713tEIgPB2rydLy7LdSYcJW.jpg"
10260,100343,"S","thumb_384_6397EGOUkeuEc1nWNOHuTsRd.jpg"
10261,100343,"S","thumb_384_6951dTRorAZXRSVDMBNNEzLl.jpg"
10262,100344,"M","thumb_720_7260KH49vUmslK0DAUCfyQh5.jpg"
10263,100344,"S","thumb_384_3910eYh5KUutlh2xVnkcZy2y.jpg"
10264,100344,"S","thumb_384_3729XnLTdDPYMdp6vioA9RwB.jpg"
10265,100344,"S","thumb_384_87598lrwRMU6JHcJZzcqcNBp.jpg"
10266,100345,"M","thumb_720_7768Ixl9k4HPTDY00zj2wQbx.jpg"
10267,100345,"S","thumb_384_2880Xu36ednj7QO06VfoKblw.jpg"
10268,100345,"S","thumb_384_2385rm354TJy3u8N7MJmUUSX.jpg"
10269,100345,"S","thumb_384_97706AHGWKumTmFspenvVCWD.jpg"
10270,100346,"M","thumb_720_5516XIauiYYyvKk4EJabITIW.jpg"
10271,100346,"S","thumb_384_9424uPsZUK1aR6YTcsGqi5nM.jpg"
10272,100346,"S","thumb_384_6251EgyRWvw9WkfgOGDGWl4F.jpg"
10273,100346,"S","thumb_384_3429qZKBw2h7IxObFk80oS2o.jpg"
10274,100347,"M","thumb_720_9548X798XSinYQh5qshTeuM7.jpg"
10275,100347,"S","thumb_384_9634UyZ46lwF3pRwRXdjJE4k.jpg"
10276,100347,"S","thumb_384_3799I9rWK6Gy0byLDAa70XCy.jpg"
10277,100347,"S","thumb_384_0699YElBUBhVUQ90VYv6K0X1.jpg"
10278,100348,"M","thumb_720_8129td5VFKhQcad1rfAzaJTB.jpg"
10279,100348,"S","thumb_384_4672trAs4tgPXeIMtGqRiVEt.jpg"
10280,100348,"S","thumb_384_4684aUkyqXjOSljkkyQcG3CU.jpg"
10281,100348,"S","thumb_384_2223WLZQPM7R3UdJKXlQwIcj.jpg"
10282,100349,"M","thumb_720_9769OjpFTnHAXGpHrzrl2lzf.jpg"
10283,100349,"S","thumb_384_9873iwXORrPM0QotLiqVlQsu.jpg"
10284,100349,"S","thumb_384_4317KFjigYtR42EAPzzR7v36.jpg"
10285,100349,"S","thumb_384_3151bMic74k4NcsXpIwb20rt.jpg"
10286,100350,"M","thumb_720_96026HV6lqcUvLs5h5IWtc9M.jpg"
10287,100350,"S","thumb_384_1395DitRVOsTPjUJ3jcMFEuq.jpg"
10288,100350,"S","thumb_384_8659rYsvaIdWktcU2YZXKa5Y.jpg"
10289,100350,"S","thumb_384_37018agMkGjJZzUVoz7ZJdw6.jpg"
10290,100351,"M","thumb_720_0449Rdseh5bggYuTqbPwDo1R.jpg"
10291,100351,"S","thumb_384_2094Veb6M984hdSwUkooZDY6.jpg"
10292,100351,"S","thumb_384_6063g5bvrAFiijkjxtYgYiNo.jpg"
10293,100351,"S","thumb_384_5941OnNhitORRM7qCVTOsXK9.jpg"
10294,100352,"M","noimg.jpg"
10295,100353,"M",""
10296,100353,"S","thumb_384_6350d7DMflqTlPBCLAn7OwcZ.jpg"
10297,100353,"S","thumb_384_3385KWXYbnYc3Ud3gA6Z06BT.jpg"
10298,100353,"S","thumb_384_4632cSffqpmgN3Q155XY72aF.jpg"
10299,100354,"M","thumb_720_78591weBOeQnigJml12Df7TN.jpg"
10300,100354,"S","thumb_384_48978AtKrD9jusfZ8Py6G87T.jpg"
10301,100354,"S","thumb_384_9902RzRnfYpPuAqfpusX1Lzi.jpg"
10302,100354,"S","thumb_384_0415xoNgwKtqro0sxWcELrK7.jpg"
10303,100355,"M","thumb_720_211572sMjAgiPbzKDEDsS52L.jpg"
10304,100355,"S","thumb_384_23279IEPUWHaxhwdNbKWXDkG.jpg"
10305,100355,"S","thumb_384_1971V53epgrLD3XXBrPx4z35.jpg"
10306,100355,"S","thumb_384_1638flaoBvHJEXIs1RxJhsPr.jpg"
10307,100356,"M","noimg.jpg"
10308,100357,"M","noimg.jpg"
10309,100358,"M","thumb_720_3006GPoZLjm1dpqwhevGKAPR.jpg"
10310,100358,"S","thumb_384_7134cRrGME43RUeYoESZQ7FZ.jpg"
10311,100358,"S","thumb_384_94859x7IXGVeQDPfAfyjAjzQ.jpg"
10312,100358,"S","thumb_384_8616rsNZyApyGlg67Rb58QQ3.jpg"
10313,100359,"M","thumb_720_3808CFbcSzQAz3PX5U1ISMMy.jpg"
10314,100359,"S","thumb_384_4537i9d8WxKfDqprH9Je0LZ9.jpg"
10315,100359,"S","thumb_384_9257EClLu2a9ufotm9e7R69p.jpg"
10316,100359,"S","thumb_384_7765M7tr2PsDPF9dhQerXVU1.jpg"
10317,100360,"M","thumb_720_6242VJBMbW0H8xSLiFnsexNp.jpg"
10318,100360,"S","thumb_384_8547TWo0eUH59Z4JiffWgeXw.jpg"
10319,100360,"S","thumb_384_4543v2bIB9IeW01rGAfx7tYe.jpg"
10320,100361,"M","thumb_720_8952PRIu4JTidsLbe75wIVmm.jpg"
10321,100361,"S","thumb_384_5670lkhMzdwOxrlVfb2eVsyO.jpg"
10322,100361,"S","thumb_384_6670P1SyMi5p2B8egdJOfU83.jpg"
10323,100361,"S","thumb_384_4846O2qhRXeLXiHRFwcl9Q4t.jpg"
10324,100362,"M","thumb_720_20400VVgAMFDtYcopZUY4ho3.jpg"
10325,100362,"S","thumb_384_0834HSM0YREW51hPgKS9e7ex.jpg"
10326,100362,"S","thumb_384_1169arQHzZqYPABNFTKWF0pC.jpg"
10327,100362,"S","thumb_384_8255WMnXHlLTm4lrXZWnlX3H.jpg"
10328,100363,"M","thumb_720_7504W1qm11euqAi4OpMV2fmm.jpg"
10329,100363,"S","thumb_384_3198jBAJu7oFo02vL673Qdlj.jpg"
10330,100363,"S","thumb_384_9782hN5dFuYLa8GHRK63v6rq.jpg"
10331,100363,"S","thumb_384_4881axLbydxpmxggElkngxwC.jpg"
10332,100364,"M","thumb_720_2476hsLSI3ZpEhvbOwCaxyxN.jpg"
10333,100364,"S","thumb_384_6974bkbK0ZaFpjR6oaUJINwq.jpg"
10334,100364,"S","thumb_384_8170DsjTZXSNYn5KGGMbttaS.jpg"
10335,100364,"S","thumb_384_7051BpGqvoN0XkH0g5gwWbWU.jpg"
10336,100365,"M","thumb_720_3333i2mXg0Ao9M9KvdLOTz21.jpg"
10337,100365,"S","thumb_384_960713CewVG7J5DCZ7jYo0j8.jpg"
10338,100365,"S","thumb_384_9591DcgcbKFa6CfyPtyK73J3.jpg"
10339,100365,"S","thumb_384_4970EWWn2rnjnhCjRuK40rcn.jpg"
10340,100366,"M","thumb_720_1210AmaQbq30STC4SBESqP0l.jpg"
10341,100366,"S","thumb_384_3161aLEnVsGZnNMzwmS75GDU.jpg"
10342,100366,"S","thumb_384_6888dWtUbisPSezf6UTI6Cjo.jpg"
10343,100366,"S","thumb_384_1649sdny94f7UE6tJsbETuyY.jpg"
10344,100367,"M","thumb_720_5447y5n7SLMmf1NWAwuLkykG.jpg"
10345,100367,"S","thumb_384_08896qfdF0Ic6jGov01FYUyD.jpg"
10346,100367,"S","thumb_384_40782G3ORJ6mStAXEOfISNCb.jpeg"
10347,100367,"S","thumb_384_4895Y5EuzzhKcw6r4mCquIXB.jpg"
10348,100368,"M","thumb_720_4764cNzMT2I1XpGxMQ51Ynwq.jpg"
10349,100368,"S","thumb_384_0708ZBO3HyNJaYshgEfdnVXI.jpg"
10350,100368,"S","thumb_384_3236aP9vMOzaByKeDchpBPYZ.jpg"
10351,100368,"S","thumb_384_8634sQO39gQzydpCALWC7bk8.jpg"
10352,100369,"M","thumb_720_6708LqLgmBjYwuWZv2VhW4gy.jpg"
10353,100369,"S","thumb_384_3248Jngq9H2WuAmKqEVlEEKy.jpg"
10354,100369,"S","thumb_384_4612051T52HRlgEMTA7rJZEP.jpg"
10355,100369,"S","thumb_384_1904FIEKO456tDth1PfXXPyA.jpg"
10356,100370,"M","thumb_720_0325CNmZ6adMro6NmqfqZSEc.jpg"
10357,100370,"S","thumb_384_6757ig4960NVNAYSMRbGeI61.jpg"
10358,100370,"S","thumb_384_57602tRo8VhVNuEZlVwXWRNH.jpg"
10359,100370,"S","thumb_384_53127XqHg4qQqfTMhN0UK8Yo.jpg"
10360,100371,"M","thumb_720_30257KmOqapPm0BI8B5oRNJm.jpg"
10361,100371,"S","thumb_384_9334RHh5FP2l0M7qaqDQe8iW.jpg"
10362,100371,"S","thumb_384_6450fEhYqHWZDFkvBPIQIXIt.jpg"
10363,100371,"S","thumb_384_54331tzkB9GcvkEmrOoe4ttA.jpg"
10364,100372,"M","thumb_720_2102EBLCsMhFCbh8m2TWwmzJ.jpg"
10365,100372,"S","thumb_384_4700KpjZ2aHz7bP0qqqDLOK4.jpg"
10366,100372,"S","thumb_384_4974msW39wKnZub6H8VIxGvq.jpg"
10367,100372,"S","thumb_384_3390s2kBc8DJ9kGXnud8btdH.jpg"
10368,100373,"M","thumb_720_5748UPvSBsFsGcZAcnUptMyu.jpg"
10369,100373,"S","thumb_384_2084ho9UL2tQxsyiSSk1cCS3.jpg"
10370,100373,"S","thumb_384_8887o6efibhiZNvaip5qPXhm.jpg"
10371,100373,"S","thumb_384_2727PweBkopM66F706Tn4B81.jpg"
10372,100375,"M","thumb_720_5623F9etjgF5bk68IAfg11ss.jpg"
10373,100375,"S","thumb_384_6906bBHDAgzcGWzqGAyr7Ozs.jpg"
10374,100375,"S","thumb_384_3381VB6br1oqpViETXUz4eRB.jpg"
10375,100375,"S","thumb_384_4709jNvkAX7M0WNX3Eg15qGB.jpg"
10376,100376,"M","thumb_720_0130dJYhTHoN8XYwROhMYf3J.jpg"
10377,100376,"S","thumb_384_3138LdXeqiuOJ5IbDJs38GBz.jpg"
10378,100376,"S","thumb_384_8315KE9uPLpALhePZdAdMdXi.jpg"
10379,100376,"S","thumb_384_3426Tz0W3TYnXGqNgu4F9mkC.jpg"
10380,100377,"M","thumb_720_6045Co06qLB7Bg3VjcLeRSZx.jpg"
10381,100377,"S","thumb_384_2289qgZMY2zEXgTk95v1i3Xk.jpg"
10382,100377,"S","thumb_384_8148dsvByf9BLTTmTecL8aOQ.jpg"
10383,100377,"S","thumb_384_2630rzhFQqTJ45O4BAXTMWvA.jpg"
10384,100378,"M","noimg.jpg"
10385,100379,"M","thumb_720_2322IvN7xGAnorFMzGff7LcJ.jpg"
10386,100379,"S","thumb_384_5648BsjzV1fS8sOhhbBsQNoR.jpg"
10387,100379,"S","thumb_384_9153g06Li30QS27Pu2Ot44Mo.jpg"
10388,100379,"S","thumb_384_9308qfchlgbdewBhJ1JOXCuo.jpg"
10389,100380,"M","thumb_720_9492272fX9V63xK51qCVDJxr.jpg"
10390,100380,"S","thumb_384_2217OeHdqXXOeuu28ts62Zuz.jpg"
10391,100380,"S","thumb_384_3547WNnD9j9cqQdSePUTINZW.jpg"
10392,100380,"S","thumb_384_86057mUFhI0Mcs1tgr3Z1xNu.jpg"
10393,100381,"M","thumb_720_6847XTKQzk5PyBZboac1lWgG.jpg"
10394,100381,"S","thumb_384_2068DDmhDJS2ZbT4RJ8cX0jW.jpg"
10395,100381,"S","thumb_384_8435Qjzhxn7nBAcDGTK9RC22.jpg"
10396,100381,"S","thumb_384_1441rWjozhZuTgOAJSxCYptz.jpg"
10397,100382,"M","thumb_720_0117p96GsNHoNGupzWEUniTh.jpg"
10398,100382,"S","thumb_384_0480MwTevXTRSDU1QJdkRR0C.jpg"
10399,100382,"S","thumb_384_124273TSlrKoUbaNVB4ilU5U.jpg"
10400,100382,"S","thumb_384_0544XnBWnfR5prU9ZTkhbHcp.jpg"
10401,100383,"M","thumb_720_7604qPHalACQCAyQFvFIZ0vL.jpg"
10402,100383,"S","thumb_384_8045BEbgMSGrzplGIYqVlD1t.jpg"
10403,100383,"S","thumb_384_8348jpyiWa12GrDPuqnwufwT.jpg"
10404,100383,"S","thumb_384_33334wUwUKKL7hSlUMxXStfZ.jpg"
10405,100384,"M","thumb_720_9271QUfnrMkfQRMhKDN6c68A.jpg"
10406,100384,"S","thumb_384_9085ukUexFsr9IkwIvQ10SkU.jpg"
10407,100384,"S","thumb_384_0136R2gnt6gJ8Sili28sO556.jpg"
10408,100384,"S","thumb_384_2123BuvQpFCLtJIpG1sMdQfl.jpg"
10409,100385,"M","thumb_720_0565n92V0O6zqhGmKcaEzn3t.jpg"
10410,100385,"S","thumb_384_90715JlsYTVdhfavCRIPipD0.jpg"
10411,100385,"S","thumb_384_7745WfMQ7KKGKI4E98jgDT0q.jpg"
10412,100385,"S","thumb_384_2392n8HK8pPZ2gSxPnCsg3Os.jpg"
10413,100386,"M","thumb_720_0920xMsjOcF0qVjuJfZyVa5I.jpg"
10414,100386,"S","thumb_384_4941KniaUXbVgItparDwLNVF.jpg"
10415,100386,"S","thumb_384_5901imxC6qQ1WRaZzXzo0eJr.jpg"
10416,100386,"S","thumb_384_66605lszr6ZREdQHEdEeYeEy.jpg"
10417,100387,"M","thumb_720_28484wn11RkmCWBIDb6dI1yv.jpg"
10418,100387,"S","thumb_384_7590tyNFnAAxTUu7DZzEyItB.jpg"
10419,100387,"S","thumb_384_8524CKgsRuKJbg4YUyTGDOcM.jpg"
10420,100387,"S","thumb_384_1511UQWBBJGCLGpqMF3dWtMU.jpg"
10421,100388,"M","thumb_720_5176k1eoGJQkJRmsFCui6tbL.jpg"
10422,100388,"S","thumb_384_5577lapiPfat8gzM7zW2Tsis.jpg"
10423,100388,"S","thumb_384_8183tAoR9fCDHDKnrYhmGaDv.jpg"
10424,100388,"S","thumb_384_8473owOx0tyuM0OTJ7fsiN00.jpg"
10425,100389,"M","thumb_720_1650ZoGgK2PkkrGUwirSSSEO.jpg"
10426,100389,"S",""
10427,100389,"S","thumb_384_7867054atX8FKSHkOVJC1Dwu.jpg"
10428,100389,"S","thumb_384_6439eJMUvPlI2J6cMFYFD0wH.jpg"
10429,100390,"M","thumb_720_21973PbeKwIlpqWtzAJxIYL2.jpg"
10430,100390,"S","thumb_384_8721WyqO3vCaQYQQN57RYpa3.jpg"
10431,100390,"S","thumb_384_0206Zp05VxMc8SwlRKcEUQIB.jpg"
10432,100390,"S","thumb_384_0689UwW6KGQx3Lk7j3YIxnvh.jpg"
10433,100391,"M","noimg.jpg"
10434,100392,"M","thumb_720_1301EaMsrW8zjHqpdDNpvHQd.jpg"
10435,100392,"S","thumb_384_9217oMoWMnyZ7PPl6HlKNUli.jpg"
10436,100392,"S","thumb_384_1507duhq6iurVrU9HJ5ghh6V.jpg"
10437,100392,"S","thumb_384_3896eA77xClnqzMhLTRyRCZo.jpg"
10438,100393,"M","thumb_720_7388nLa8NoXiC6X278wDnzMR.jpg"
10439,100393,"S","thumb_384_00409FVZshMt3Bls9zRz0go8.jpg"
10440,100393,"S","thumb_384_6455aiBTtjZmHi0wwT0uYPpK.jpg"
10441,100393,"S","thumb_384_4434n7GTXRNUsShRqi8Su4x2.jpg"
10442,100394,"M","thumb_720_7921OdI1yMCypzTNRQ32Wx7u.jpg"
10443,100394,"S","thumb_384_6877ycSmFukrUjJKwnh715St.jpg"
10444,100394,"S","thumb_384_4028AuxLYyZfvZnxfujJcbWt.jpg"
10445,100394,"S","thumb_384_2196vyoyBPvk1mP3kd8zJ6sZ.jpg"
10446,100395,"M","noimg.jpg"
10447,100396,"M","thumb_720_3131O2DTfVP7ddSmDVYnBTBr.jpg"
10448,100396,"S","thumb_384_66456T6fZveQqhmEI7EEcR49.jpg"
10449,100396,"S","thumb_384_095099BCnITzqMRFGpuu0c00.jpg"
10450,100396,"S","thumb_384_8515PWy1hqfCiEOoYA9NSPCk.jpg"
10451,100397,"M","noimg.jpg"
10452,100398,"M","thumb_720_9494DIWyrXG0btvY3yXgW8ld.jpg"
10453,100398,"S","thumb_384_7852tnYKhlCCcrElMd6QkDuJ.jpg"
10454,100398,"S","thumb_384_9521Xi4HJhH35xAx0xSSFOXl.jpg"
10455,100398,"S","thumb_384_1458hyJ4TQU9e4H7Vp3Tzp5n.jpg"
10456,100399,"M","thumb_720_0002hS5PTUjH4LyAsfn4orif.jpg"
10457,100399,"S","thumb_384_2466INzIzEifdKtQoR3sYJDE.jpg"
10458,100399,"S","thumb_384_6015WSXWPrqpQ43ODbW70P9o.jpg"
10459,100399,"S","thumb_384_6824eQiOIYFtqStzsf0wiBgV.jpg"
10460,100400,"M","thumb_720_8456bzuSE8hPVCM36uDHMxd8.jpg"
10461,100400,"S","thumb_384_5958yd05XMItmyGiCYpZxZ6X.jpg"
10462,100400,"S","thumb_384_69099LLgfOPlUb1e3jw1lYfa.jpg"
10463,100400,"S","thumb_384_4084KACt2HZ6YbJsHxJtOqLr.jpg"
10464,100401,"M","thumb_720_7889wlEUQkWgrxYjQPTHsVAz.jpg"
10465,100401,"S","thumb_384_2844EPmLJUME6A1Xfz0ItSoN.jpg"
10466,100401,"S","thumb_384_8128apGqKRgQ14f5wgHDGEX6.jpg"
10467,100401,"S","thumb_384_33005vlLEeIXujQU08cNGh1Z.jpg"
10468,100402,"M","noimg.jpg"
10469,100403,"M","noimg.jpg"
10470,100404,"M","noimg.jpg"
10471,100405,"M","thumb_720_5323WjzBf7BlzFUOjxF3wIEx.jpg"
10472,100405,"S","thumb_384_1469Zebw6IBYOZmZGRWV5vYM.png"
10473,100405,"S","thumb_384_8676O50LH3hh5qIDbunQ8L1K.jpg"
10474,100405,"S","thumb_384_5396wThrv1Q41DpI0C8fZuVF.jpg"
10475,100406,"M","noimg.jpg"
10476,100407,"M","noimg.jpg"
10477,100408,"M","noimg.jpg"
10478,100410,"M","thumb_720_68834acS3obgr9Rsj2MsYlHR.jpg"
10479,100410,"S","thumb_384_7764QIp7cekEdFxm2vxYQwao.jpg"
10480,100410,"S","thumb_384_0429wvxzz1S0X4CGRnIpgaD5.jpg"
10481,100410,"S","thumb_384_1686c5ilptyjtw1h5lb2tSqW.jpg"
10482,100411,"M","thumb_720_5805ZLZtGy5oNEdNMb72pO5J.jpg"
10483,100411,"S","thumb_384_8792ahcKxuTNXrcXRWhPEh87.jpg"
10484,100411,"S","thumb_384_22463rUkuyURSHwErPLVvLlm.jpg"
10485,100411,"S","thumb_384_9139pXnVzS2mYs8KV4qjbfVZ.jpg"
10486,100412,"M","thumb_720_0674Rci3mYxIf1zgHCVm6kN1.jpg"
10487,100412,"S","thumb_384_5471zMQX7uM60VaENPOTxFYb.jpg"
10488,100412,"S","thumb_384_8702chijbTNmw51r2hvVg2uA.jpg"
10489,100412,"S","thumb_384_7950WSKd0408zP87SVZr9j53.jpg"
10490,100413,"M","thumb_720_62977zzlYg8JFNJpIbmAxuZ3.jpg"
10491,100413,"S","thumb_384_2501R2qXX8SYCuom50eYzbMg.jpg"
10492,100413,"S","thumb_384_4731vozsKOUYpIt5GWfTRK84.jpg"
10493,100413,"S","thumb_384_5400GaT7SuP2W6x58A4riMj9.jpg"
10494,100414,"M","thumb_720_7981HR5lnevHPGs3QHyDSil2.jpg"
10495,100414,"S","thumb_384_0814AzTjVS1QLGAmWBzGpTlb.jpg"
10496,100414,"S","thumb_384_8208vm2kNcK33q9qgK7xzMAr.jpg"
10497,100414,"S","thumb_384_9791KTMLuCpCVBV6xvCNAdPt.jpg"
10498,100415,"M","thumb_720_4734zQo3ySaTgNdDLDfon6DY.jpg"
10499,100415,"S","thumb_384_8291eBNlE180CdtyWghVdxIT.jpg"
10500,100415,"S","thumb_384_6001NPSI3957Qwz48oyPRy2V.jpg"
10501,100415,"S","thumb_384_4170DDpxUgAo1keMGD16AoKu.jpg"
10502,100416,"M","thumb_720_5584zhuRD8xkAAJubtqpgZjd.jpg"
10503,100416,"S","thumb_384_0531pK44f36zmz5hLpuYj1qs.jpg"
10504,100416,"S","thumb_384_7664bUv3CVp5IhBBCqsSr4fd.jpg"
10505,100416,"S","thumb_384_6413EDBpWubJTi2YHvehSWjq.jpg"
10506,100417,"M","thumb_720_3793FUom1FpXyWMwSKWkFCmg.jpg"
10507,100417,"S","thumb_384_4355qrretWOU5dCDyUebZaEL.jpg"
10508,100417,"S","thumb_384_01633Ea4reOXJr0TurOxp1UW.jpg"
10509,100417,"S","thumb_384_7757qZ0BDNE4fW2u8ebl7Zam.jpg"
10510,100418,"M","thumb_720_2997NJRHXf3K1MIbOG4rdlMj.jpg"
10511,100418,"S","thumb_384_09532W4VH4mFR7YTZnU4bHYU.jpg"
10512,100418,"S","thumb_384_99091wUy8Zrx7gHuH0D6m2ok.jpg"
10513,100418,"S","thumb_384_5773Bk4jszg5PaEnvpi2DrPx.jpg"
10514,100419,"M","noimg.jpg"
10515,100420,"M","thumb_720_8722nqak86fp0EfKY9cSnPQT.jpg"
10516,100420,"S","thumb_384_2402jWjwgOH2nmZag7XHUzGe.jpg"
10517,100420,"S","thumb_384_9425l8jytXHl7s8rkN0O2ozv.jpg"
10518,100420,"S","thumb_384_1426barr2IbVx7ESvGHcjZ3J.jpg"
10519,100421,"M","thumb_720_5162GEeCAXtWbMLL6oqjkSg2.jpg"
10520,100421,"S","thumb_384_7877CNSxR5TpMxrWl6duxWcy.jpg"
10521,100421,"S","thumb_384_6940OdOrIMnuSX6tA3mQlXhW.jpg"
10522,100421,"S","thumb_384_8696OhvB6rnfRaVHo2itpc77.jpg"
10523,100422,"M","thumb_720_0341BJTW1i99fIHjD8Aw6hU7.jpg"
10524,100422,"S","thumb_384_6744x4lXIIe9jKDQvZaXWMdV.jpg"
10525,100422,"S","thumb_384_8360DFRAPHeeI5C5XnRMIpo6.jpg"
10526,100422,"S","thumb_384_4959NkU6ilnTvpx0QWYF5YfQ.jpg"
10527,100423,"M","thumb_720_3667YJMkpwaXxliccgpYcKEF.jpg"
10528,100423,"S","thumb_384_8813hw02WN7wIk4s50ZwZmMi.jpg"
10529,100423,"S","thumb_384_3247GLITcQR25t0ldK784gQV.jpg"
10530,100423,"S","thumb_384_9693QHNY8Zj2a2tsASAlJ8hT.jpg"
10531,100424,"M","thumb_720_0599Q2ih7n3l03OyasxHJZta.jpg"
10532,100424,"S","thumb_384_5313Q7RJYDcmo76rQy9i2KwS.jpg"
10533,100424,"S","thumb_384_7419668Hw5oxZznftdqYxDYk.jpg"
10534,100424,"S","thumb_384_0297FSLro10FPCeD8KgtnlbY.jpg"
10535,100425,"M","thumb_720_18671eEGAwEDYIEcf7GTwluL.jpg"
10536,100425,"S","thumb_384_6390z8rbO8UXLsqJFXspeyoP.jpg"
10537,100425,"S","thumb_384_9401ohouNQn7XaF00kjxGZJk.jpg"
10538,100425,"S","thumb_384_2397N5s1nuJ2YIy2d6Hymqsl.jpg"
10539,100426,"M","thumb_720_1206dRtscTi2n9yr6LlPiBdB.jpg"
10540,100426,"S","thumb_384_143798c9pGSuFljkWEShnKIG.jpg"
10541,100426,"S","thumb_384_0484bVDQUwsuJ6f2mk5bM8Bg.jpg"
10542,100426,"S","thumb_384_68819CabiS79W768LxhUunCu.jpg"
10543,100427,"M","thumb_720_4908ZE4lzxeaefx71GtcTzG7.jpg"
10544,100427,"S","thumb_384_3012sj0TU5ae7bJC4tDvj6sN.jpg"
10545,100427,"S","thumb_384_4688RMs91Nm5uSJNTAAu15bz.jpg"
10546,100427,"S","thumb_384_8276BeT53mKkjlJSTXEFeIyj.jpg"
10547,100428,"M","thumb_720_7181YGXCLqLmPKvbQQanVrJY.jpg"
10548,100428,"S","thumb_384_9487rgOYDmADFGqpEJd1oKG4.jpg"
10549,100428,"S","thumb_384_3082epZXwSKpdiisImFE9QXd.jpg"
10550,100428,"S","thumb_384_1343Ze4Z3gOPKDHyQ7wJJ7LI.jpg"
10551,100429,"M","thumb_720_3970iudfFeLepjQqzARrF3lq.jpg"
10552,100429,"S","thumb_384_8367dl5B7hrdd2Dd3PsZu8DE.jpg"
10553,100429,"S","thumb_384_9890LuRpzNCTlLYlHm8eciWG.jpg"
10554,100429,"S","thumb_384_9907dvvEAfTQmyxLgmTzivJs.jpg"
10555,100430,"M","noimg.jpg"
10556,100431,"M","thumb_720_6229fmcfyLeS0jcNMExy3PGU.jpg"
10557,100431,"S","thumb_384_1698vVveSg5FDCCP25nijXsu.jpg"
10558,100431,"S","thumb_384_18668gwVUMqjqQ7AvTfVGJOo.jpg"
10559,100431,"S","thumb_384_353944JPwDVFR85D2MjjvPS4.jpg"
10560,100432,"M","thumb_720_9239arXF4KPD20pikEYqmuck.jpg"
10561,100432,"S","thumb_384_7159XWCdgIsWlXS0gkaWltZK.jpg"
10562,100432,"S","thumb_384_70363x5KadgdLZtrUn1xn8c4.jpg"
10563,100432,"S","thumb_384_9320MgGveA6ONFPSoLWoWCBS.jpg"
10564,100433,"M","thumb_720_5371OEO0ZcEeMuzqIP241ctu.jpg"
10565,100433,"S","thumb_384_5293th8NIlcqKisbE0tVo5GR.jpg"
10566,100433,"S","thumb_384_1862eeku4EdwtOWrpkuy0AJ1.jpg"
10567,100433,"S","thumb_384_1719ksNt8y1y3sVKwkwQFR0K.jpg"
10568,100434,"M","thumb_720_6310noowevCkisnnQqoc9ESi.jpg"
10569,100434,"S","thumb_384_30978bZVG2y9hRnoJmRNCyU0.jpg"
10570,100434,"S","thumb_384_3376dASAsy8Ml5S1jpJtbAnp.jpg"
10571,100434,"S","thumb_384_0247S27SGlGc0lj6FDAFAzdR.jpg"
10572,100435,"M","thumb_720_28556Zm0DfaAQPkwGktcPXQK.jpg"
10573,100435,"S","thumb_384_3724xhiLF38QayETKPRurfrE.jpg"
10574,100435,"S","thumb_384_0485a6kUT4XCHUacc8LUVsWG.jpg"
10575,100436,"M","thumb_720_0123KmKn8XIEOc2JHC0Jy4PR.jpg"
10576,100436,"S","thumb_384_5720tKwo99kd5eOmsmV2Ti27.jpg"
10577,100436,"S","thumb_384_3287p5q6lwpSilHMJ4vYTwQX.jpg"
10578,100436,"S","thumb_384_5600nPHIkvHAT6lHAZt4pqKw.jpg"
10579,100437,"M","thumb_720_8859HrwKi6hGtMiljOpR4g1Y.jpg"
10580,100437,"S","thumb_384_22023V7J8OA5jbcYWEajq8yq.jpg"
10581,100437,"S","thumb_384_0902NgF954ywHrcBWRzrKm1Y.jpg"
10582,100437,"S","thumb_384_8785TlS6v0fOXuc1JA9TYFSA.jpg"
10583,100438,"M","thumb_720_1169AB42zyo0a1u1DRp6AHSD.jpg"
10584,100438,"S","thumb_384_2015l3BdeynikXDsMfajMmkW.jpg"
10585,100438,"S","thumb_384_6342JaRFfDrX58RNH50BJjT7.jpg"
10586,100438,"S","thumb_384_7660Ou1fK9MPxejazas8vX81.jpg"
10587,100439,"M","thumb_720_74497v9sYE7yeqAOfLO8zClQ.jpg"
10588,100439,"S","thumb_384_4482Upz39Lnj9PEZPatws4NE.jpg"
10589,100439,"S","thumb_384_7862WIQsaXadiH54Eai6SkM9.jpg"
10590,100439,"S","thumb_384_5976JIvbPOd4ti2Nz2lZqWfD.jpg"
10591,100440,"M","thumb_720_4660lyqOBm5XWSdr0ibfgnPF.jpg"
10592,100440,"S","thumb_384_2711x5in0JWS9yUt3WLMdXqT.jpg"
10593,100440,"S","thumb_384_5868urjBgdxrNVwpsjEylSLK.jpg"
10594,100440,"S","thumb_384_2451nzS8beHh09krbTG0Rliz.jpg"
10595,100441,"M","thumb_720_0691FYr1Go1PVMXrAJtwa9r8.jpg"
10596,100441,"S","thumb_384_5733JNtpMmggyruUteYMcMvK.jpg"
10597,100441,"S","thumb_384_7865j9ADwX9xg2Tz1rZTQvPf.jpg"
10598,100441,"S","thumb_384_9249V3jx44tHhOXVoPBBUFVy.jpg"
10599,100442,"M","thumb_720_87341hnDrDfUU1h0889LRt0j.jpg"
10600,100442,"S","thumb_384_0973RGI9MpzmKGU3IQoL8ngK.jpg"
10601,100442,"S","thumb_384_6427H5hiGdDZcZFSd1rEKzw0.jpg"
10602,100442,"S","thumb_384_5872GPoLDvZ5jJIjemnxlKqs.jpg"
10603,100443,"M","thumb_720_8330lwNPvyQs2uGwMLZKajBA.jpg"
10604,100443,"S","thumb_384_3663IL9jelhf1yS9KVTVU6PU.jpg"
10605,100443,"S","thumb_384_02710r9zdpFMQ2hNWOhKsMYZ.jpg"
10606,100443,"S","thumb_384_9889SL9jhZb8OEHnMqY8KGV4.jpg"
10607,100444,"M","noimg.jpg"
10608,100445,"M","thumb_720_1274PM2LAW7GxIIhAVthzR0m.jpeg"
10609,100445,"S","thumb_384_04861x9dYLeG3PUTCHdoBYpm.jpg"
10610,100445,"S","thumb_384_9260gCQlXMCRfCJtWwPJZKez.jpg"
10611,100445,"S","thumb_384_11009x9tYJ7RTQzDHo1dj5VR.jpg"
10612,100446,"M","thumb_720_6460ZfNZfoPmKIvVa4O3oTpe.jpg"
10613,100446,"S","thumb_384_84922QaSPYk2IJHR2Rq5u8EZ.jpg"
10614,100446,"S","thumb_384_3651IrzPoDhWDLcvW4p6rN7F.jpg"
10615,100446,"S","thumb_384_450504D7hbkkNkkGZHLIyGM7.jpg"
10616,100447,"M","thumb_720_7387UyNMselwsUKhYEB9ZMkk.jpg"
10617,100447,"S","thumb_384_5122rBEcC80ufG9KtTqgVlf8.jpg"
10618,100447,"S","thumb_384_1528iCHfv5UYdRastMZyczla.jpg"
10619,100447,"S","thumb_384_6817sqxOOXEiEkxls7lhjoBE.jpg"
10620,100448,"M","thumb_720_90363T9U4Sk6KlToXnbG05Zk.jpg"
10621,100448,"S","thumb_384_5395bBklRmPMafo5qrfk6B01.jpg"
10622,100448,"S","thumb_384_1961VhhiGxoBG1NJcpQL7tYw.jpg"
10623,100448,"S","thumb_384_22842luhXMjg0yOUfkfI3638.jpg"
10624,100449,"M","thumb_720_9838UyLI2wazgtHhpn6OInsv.jpg"
10625,100449,"S","thumb_384_2891dH3wKEUgHmI9fBL78GLI.jpg"
10626,100449,"S","thumb_384_0626QFdT7RLBBweOkukedxTa.jpg"
10627,100449,"S","thumb_384_6208tr84sExhpplDeqrvnnfc.jpg"
10628,100450,"M","thumb_720_0645Qs59ELCxLYbzLPfoyEGm.jpg"
10629,100450,"S","thumb_384_1831tCMhbRSZxQA6gTjlswew.jpg"
10630,100450,"S","thumb_384_1849I7O2OlBOh7dVPmzPL2er.jpg"
10631,100450,"S","thumb_384_2768Hsl8dhmsP0Rp84VOb0HL.jpg"
10632,100451,"M","thumb_720_1833SDJbxcoJRsYKlaXRur1G.jpg"
10633,100451,"S","thumb_384_0745G8h9xLuHl5XoSpoDgedc.jpg"
10634,100451,"S","thumb_384_1970Yj99W5Ua7NB0d0mnT27o.jpg"
10635,100451,"S","thumb_384_0714LW3QVG8kdATwAZIVRXc9.jpg"
10636,100452,"M","thumb_720_6162BCLNrjqZJvZNUQvMOKcx.jpg"
10637,100452,"S","thumb_384_34864QckovFzo8nfWSCISyNV.jpg"
10638,100452,"S","thumb_384_6948NZYkjxShNBDXDUYDxOch.jpg"
10639,100452,"S","thumb_384_1680snNtLSs0nldYrLMxaQkF.jpg"
10640,100453,"M","thumb_720_90895GdkTGBEtlvpcQUmOuzV.jpg"
10641,100453,"S","thumb_384_3738kytZkIhBkfQdCXYJfCn4.jpg"
10642,100453,"S","thumb_384_3133FihbfwFNb6B2kcAv9fUX.jpg"
10643,100453,"S","thumb_384_3246myOvzJfmvXqrILFmyHEL.jpg"
10644,100455,"M","thumb_720_5110Z6KUqJv2zx03NZQHMuQL.jpg"
10645,100455,"S","thumb_384_0962Ccf4lGy9FOxXBUAanGSq.jpg"
10646,100455,"S","thumb_384_9023tlg5aBk7wGcORtqJUWe7.jpg"
10647,100455,"S","thumb_384_88527N4nL1sBtjA23bxAnMUG.jpg"
10648,100456,"M","thumb_720_1808iqwVGPiRfk24c2AU5ARd.jpg"
10649,100456,"S","thumb_384_78233VjejK1Jpa3WEJcyWR1O.jpg"
10650,100456,"S","thumb_384_3066FzlYEiyJRaqxtLEHZRF0.jpg"
10651,100456,"S","thumb_384_8409L2FbpaV9uT8HuwM3Vz45.jpg"
10652,100457,"M","thumb_720_0219caaaOFqaeACNFJoy2ImN.jpg"
10653,100457,"S","thumb_384_3292YzxXktqjvrL1p2FDQaO9.jpg"
10654,100457,"S","thumb_384_17901j9RBGOZkLAKLU8u38aF.jpg"
10655,100457,"S","thumb_384_2350ErbK20XVrCzJ5SlUlWaY.jpg"
10656,100458,"M","thumb_720_6775KyBpm3MBIKYH0AhrHsm8.jpg"
10657,100458,"S","thumb_384_4035KdpOlEquBUd2OJzCnfmO.jpg"
10658,100458,"S","thumb_384_68856EGaZ1937Xp84LVgPLLC.jpg"
10659,100459,"M","thumb_720_91439bAbFmBSgMm0sCAZXVb1.jpg"
10660,100459,"S","thumb_384_3794UEKT9HAwvqNYFeOAkBAz.jpg"
10661,100459,"S","thumb_384_6129cF2cEDE8PjkYT8v7Q5Ag.jpg"
10662,100459,"S","thumb_384_6749AJ2PWzetRZJwRVUdMzC9.jpg"
10663,100460,"M","thumb_720_0610mnP8StiNtgWRh1FYJRwq.jpg"
10664,100460,"S","thumb_384_1585fcvN9jIa4wBiY54YAuwe.jpg"
10665,100460,"S","thumb_384_4009QIXcfEHrkG9V688stfWr.jpg"
10666,100460,"S","thumb_384_1600PBLYUu1npZKrLHfxbPtE.jpg"
10667,100461,"M","thumb_720_1022sZR9a8Rs4DDeSP2R3yCF.jpg"
10668,100461,"S","thumb_384_2105aASTD7Duz82mUWuCqBf2.jpg"
10669,100461,"S","thumb_384_9924s7RB7CGlPtCujF1sVA67.jpg"
10670,100461,"S","thumb_384_7969QAR67HvIfzoPj1iWyYt9.jpg"
10671,100462,"M","thumb_720_8152pns0KIbhlu4IXrz36iL2.jpg"
10672,100462,"S","thumb_384_8668xivzmP9SsVa0763c0oFs.jpg"
10673,100462,"S","thumb_384_5322Ai4jyP3vK0RFS5hGmLZH.jpg"
10674,100462,"S","thumb_384_4889DSyNCnyNm1vLUC9AjoIP.jpg"
10675,100463,"M","thumb_720_7936SlXSmy78LhrB3hc3Hlt5.jpg"
10676,100463,"S","thumb_384_65521UQMEVxjHHgIKnsLjInj.jpg"
10677,100463,"S","thumb_384_15437N9QA6JpA3XfHm6YD8pP.jpg"
10678,100464,"M","thumb_720_33104csvDChBO86DeGMGo0kw.jpeg"
10679,100464,"S","thumb_384_65532dt24qie9MKmG1toasMy.jpeg"
10680,100464,"S","thumb_384_4832rFKaAABTubRZfQn9ojgK.jpeg"
10681,100464,"S","thumb_384_2689WyM9iYJHNq9KQsa4r8bW.jpeg"
10682,100465,"M","thumb_720_0910RWxYChbesyFBJaVnjxWo.jpg"
10683,100465,"S","thumb_384_4694wClBlTlsTUnVn2hmA0LU.jpg"
10684,100465,"S","thumb_384_1348XBFFWDuNS9vKdCy0dBaX.jpg"
10685,100465,"S","thumb_384_97698bNhl0Tj3aDuIFBRjkld.jpg"
10686,100466,"M","thumb_720_5658nJRR0xR2QWLoOgmL66A4.jpg"
10687,100466,"S","thumb_384_1531wuNTYC3yhYvNiSif3MDn.jpg"
10688,100466,"S","thumb_384_21892DyxZAvWhJORV7KCInCR.jpg"
10689,100466,"S","thumb_384_9231jujp3HHMB2O11fT5yILv.jpg"
10690,100467,"M","thumb_720_3106MdMBaRFaWLWjle0KdX0s.jpg"
10691,100467,"S","thumb_384_47440of3KJDnYTeNGnLZ5JE4.jpg"
10692,100467,"S","thumb_384_0039Fya2IohHes29pwdpPGl2.jpg"
10693,100467,"S","thumb_384_6681fK53NTx24sXVKziWGgPd.jpg"
10694,100468,"M","thumb_720_8304nEvIfU90F15UZyZ1hoDh.jpg"
10695,100468,"S","thumb_384_3946WcOFAEE6xACv40sLIfYr.jpg"
10696,100468,"S","thumb_384_1890aJ1RSKoud9oFeVvbQJN5.jpg"
10697,100468,"S","thumb_384_2511Y92alMrJFUPE060bhC01.jpg"
10698,100469,"M","thumb_720_8321VXs0Efy2KdOCDrrS5ncp.jpg"
10699,100469,"S","thumb_384_1364BRkNS1Bak1Objk74hTOi.jpg"
10700,100469,"S","thumb_384_5192KNj8I4O1kymzKStUxeQI.jpg"
10701,100469,"S","thumb_384_6006JXYBN568ochYFqLy0LOQ.jpg"
10702,100470,"M","thumb_720_9396DSb87jI2hnTyO3HWxxGC.jpg"
10703,100470,"S","thumb_384_6901q4cRwCnMvGt7lAOSbnCC.jpg"
10704,100470,"S","thumb_384_8962P1poSFhlWoY6zDJprFn1.jpg"
10705,100470,"S","thumb_384_6474p1B0yXBHarIeqcE7yebI.jpg"
10706,100471,"M","thumb_720_4449XofR4Tp6u7qfrw5blIVr.jpg"
10707,100471,"S","thumb_384_7385mRNA07ULZJh83feHJQEo.jpg"
10708,100471,"S","thumb_384_1378q96rHHcXTrQ9w8txSoUq.jpg"
10709,100471,"S","thumb_384_3349j3ub7dRj2aRJdhik2sVw.jpg"
10710,100472,"M","thumb_720_7677EIvR6HzuKEJeRT5vVx6y.jpg"
10711,100472,"S","thumb_384_6874kWUJ1gzYmhnL1xlgOgYd.jpg"
10712,100472,"S","thumb_384_8934Kk5iN7wPbkniyxT7FHEH.jpg"
10713,100472,"S","thumb_384_6362gu8tOpwv2XeF8PEm2OfO.jpg"
10714,100473,"M","thumb_720_7462gbp4SUjUBU1jl3I9LNcU.jpg"
10715,100473,"S","thumb_384_7805hhd32M0dApTyQz4PAmV4.jpg"
10716,100473,"S","thumb_384_0649IuZCD9cNMFcRhFdvS9c5.jpg"
10717,100473,"S","thumb_384_3548r3pIhFO4i9cZFWVG1TXw.jpg"
10718,100474,"M","thumb_720_9787WuDP2hvDVMXo1fm5hX3o.jpg"
10719,100474,"S","thumb_384_7425UdQchUEzlKxong6axkAH.jpg"
10720,100474,"S","thumb_384_5648hESTbTJeoBorVDFG9QCN.jpg"
10721,100474,"S","thumb_384_15181GeCpEauuzpHc8VtDpuw.jpg"
10722,100475,"M","thumb_720_6769eioi5NqqQmI7rmgCKjD1.jpg"
10723,100475,"S","thumb_384_67915hGzNOiKBt18J2xBZUaD.jpg"
10724,100475,"S","thumb_384_7154DjErknWbHa9qmzkVpfn4.jpg"
10725,100475,"S","thumb_384_866195mdfe2rn7I09RCyBaPw.jpg"
10726,100476,"M","thumb_720_7225p8EYhYVCViNR81LUBT9d.jpg"
10727,100476,"S","thumb_384_5456HemRYabHNiMbXjKnJljY.jpg"
10728,100476,"S","thumb_384_3649XKB7KfJbR82P5KxA8uc9.jpg"
10729,100476,"S","thumb_384_6744MMKO3vBdOapvsmPxNNYN.jpg"
10730,100478,"M","thumb_720_8211cgch3jBpiSu3pDVcqbrC.jpg"
10731,100478,"S","thumb_384_9796oOQkzhNYXRJm4mKe00mz.jpg"
10732,100478,"S","thumb_384_4690rvq8Lqj0worNcl7zIV04.jpg"
10733,100478,"S","thumb_384_3414aofr5JEdSaDk7ko36MPz.jpg"
10734,100479,"M","thumb_720_8319BF2Cwaa9955tKUQIvt7a.jpg"
10735,100479,"S","thumb_384_82215awdZVI5uOdaV9FX3ytZ.jpg"
10736,100479,"S","thumb_384_4393RUED22gmVohjBJ5CeZot.jpg"
10737,100479,"S","thumb_384_4382jSEBUrx4mvaqdyKJOfk8.jpg"
10738,100480,"M","thumb_720_8471aoQJD9LKJajoUvkB6zoj.jpg"
10739,100480,"S","thumb_384_58229xqeKxhSUVlw6mI81lxD.jpg"
10740,100480,"S","thumb_384_6559fevqYhhIqUL0Y5LghnKX.jpg"
10741,100480,"S","thumb_384_9226L22raNsJVkt0iBLNghfR.jpg"
10742,100481,"M","thumb_720_95198bstYzIWbH76m6G8zAfp.jpg"
10743,100481,"S","thumb_384_11607Uteb80eCQyqccm4SzP3.jpg"
10744,100481,"S","thumb_384_7296g2XI6MIatTUGSS5jsj21.jpg"
10745,100481,"S","thumb_384_1541CRyTlULnGoqUSPOLmZf1.jpg"
10746,100482,"M","thumb_720_64975jIOkwkg6DvqesHcwE1B.jpg"
10747,100482,"S","thumb_384_8935szBJAgwGFAFnPS6SFfpb.jpg"
10748,100482,"S","thumb_384_9785Ms3NirgFUigeDlenILsk.jpg"
10749,100482,"S","thumb_384_5095SLexwzqS3qlxBvTs4kyY.jpg"
10750,100483,"M","thumb_720_3285wrzxCBOClzJ4I6dPe2nP.jpg"
10751,100483,"S","thumb_384_5840v0OjY9VmpxKiYbt1q8hV.jpg"
10752,100483,"S","thumb_384_4198dSkbqY2BxKSJC9HmQ5Z7.jpg"
10753,100483,"S","thumb_384_4872F5IXpVLHzwRhBE8bDZ5H.jpg"
10754,100484,"M","thumb_720_2230uLrDTG455KtpcFxNeXrs.jpg"
10755,100484,"S","thumb_384_7835G2qgGku9EkQj4BjDTiHb.jpg"
10756,100484,"S","thumb_384_5698EG56rli6rhtQMtay7F1g.jpg"
10757,100484,"S","thumb_384_91057HF8SSFPSNMSRJaxTnQ8.jpg"
10758,100485,"M","thumb_720_2561Dq4RixrPDgOpel0AubMh.jpg"
10759,100485,"S","thumb_384_0529Azsk8uIIH0Hrdirf8Kjg.jpg"
10760,100485,"S","thumb_384_8649lsTKXwQCo4KBwrCdq4Jf.jpg"
10761,100485,"S","thumb_384_5273WHBrvugyld1OCCfnHevN.jpg"
10762,100486,"M","thumb_720_8564rn7pwlNqAz8X3u1zSqY8.jpg"
10763,100486,"S","thumb_384_9248PiPEzYL4XY2qCu7sCFQ8.jpg"
10764,100486,"S","thumb_384_9823BWy7RKUL21WnbYqMz0xF.jpg"
10765,100486,"S","thumb_384_313163ceUA35k3grgaG7wdm4.jpg"
10766,100487,"M","noimg.jpg"
10767,100488,"M","thumb_720_47885gxjtwxvK5KtSba1Xhsu.jpg"
10768,100488,"S","thumb_384_0304pCSGRbKdFCrmAAssn57V.jpg"
10769,100488,"S","thumb_384_1182TdteXrqwofoFdXPLH38E.jpg"
10770,100488,"S","thumb_384_0564J19wFZdegwfRIrIg7lXe.jpg"
10771,100489,"M","thumb_720_9355sXHzi1CeYVueDdJ9bVcq.jpg"
10772,100489,"S","thumb_384_1586skrQfqok8cdBtdVIxzkO.jpg"
10773,100489,"S","thumb_384_5408l2aQRO7NN4xnX1Ak2WVJ.jpg"
10774,100489,"S","thumb_384_2778D7XWz71fwKBPVT7p3L4G.jpg"
10775,100490,"M","thumb_720_9617h7XVNsHBjMdUno2C7Qxv.jpg"
10776,100490,"S","thumb_384_8886J0cOOSwCJs0HAgPMwtq1.jpg"
10777,100490,"S","thumb_384_3762dLcXEEN7sAT4eJilt94i.jpg"
10778,100490,"S","thumb_384_552897RBzS7c3MOPsRNX8NNX.jpg"
10779,100491,"M","thumb_720_1908rT7o72iMSC797jsIAmUo.jpg"
10780,100491,"S","thumb_384_991766sqs1FyV9UhLYmC7wl1.jpg"
10781,100491,"S","thumb_384_1293mN1fXTW4aw28q4uaC44Y.jpg"
10782,100491,"S","thumb_384_2352MZ9qV85LaECkiZLrBl4x.jpg"
10783,100492,"M","thumb_720_0596k2AO6N6gXX0ux8Eh8tIV.jpg"
10784,100492,"S","thumb_384_6764rxrZA5lbNHLYlaKHYZdr.jpg"
10785,100492,"S","thumb_384_64252OjCq7a7g5qwLvb8gMqH.jpg"
10786,100492,"S","thumb_384_1779rLanMVqzzIKrhQDJbTQf.jpg"
10787,100493,"M","noimg.jpg"
10788,100494,"M","thumb_720_0774qSppxwBShihvwMyWZwML.jpg"
10789,100494,"S","thumb_384_9623mNvZTy3EaxPnHlEx8E6M.jpg"
10790,100494,"S","thumb_384_9351iYGAgTkNoqBMRz122yX3.jpg"
10791,100494,"S","thumb_384_0470OlY4XZBxQWQRKNu0V0FN.jpg"
10792,100496,"M","thumb_720_8501qxGDY6WjQGlirIZXL5Py.jpg"
10793,100496,"S","thumb_384_5026elSQTLnEtsS0H6SXDqyh.jpg"
10794,100496,"S","thumb_384_33659FDQsI4JZoS14CeHCR91.jpg"
10795,100496,"S","thumb_384_3699sEldRHcHUbwldaLTAIWr.jpg"
10796,100497,"M","noimg.jpg"
10797,100498,"M","thumb_720_05465yO21WSvg2EW6XpzQJeJ.jpg"
10798,100498,"S","thumb_384_9945TyBGi5zzpugjeYqFNWNo.jpg"
10799,100498,"S","thumb_384_0741a7bTH4maL1xRRp0uOgT5.jpg"
10800,100498,"S","thumb_384_6867pE2VQJFFhOzr6Dy9JmqZ.jpg"
10801,100499,"M","thumb_720_4221MVnqsm1pGiCHtfci1CKl.jpg"
10802,100499,"S","thumb_384_3060F9ZavvpNATOMuiBQzs5e.jpg"
10803,100499,"S","thumb_384_65861LpHO1tuEcQC54xi1zFf.jpg"
10804,100499,"S","thumb_384_8070zufFfXZrKHFgbIGEhxua.jpg"
10805,100500,"M","thumb_720_1103eewN53CQZgnZrEBPCBCN.jpg"
10806,100500,"S","thumb_384_8573Cprs9luofNoOo0Jr3A7c.jpg"
10807,100500,"S","thumb_384_7520A3Ir7n4vmnD9J3Pqdhed.jpg"
10808,100500,"S","thumb_384_7591nk7ZnhcB78TBTXSdXUJw.jpg"
10809,100501,"M","noimg.jpg"
10810,100502,"M","thumb_720_73262VS5LfLtKasRztLpbBJd.jpg"
10811,100502,"S","thumb_384_5104pIoLUyioaVBvAmWpfhsa.jpg"
10812,100502,"S","thumb_384_4185ONIRZqhxZNn6JWnll4zL.jpg"
10813,100502,"S","thumb_384_9296tN97wshdCu7Spm7M7R7H.jpg"
10814,100503,"M","thumb_720_3168GVEkonNgmynzDcLZfoLx.jpg"
10815,100503,"S","thumb_384_0348QZMK0zh7Ao6qLKwINhG2.jpg"
10816,100503,"S","thumb_384_0011eVzD3OgX0RKNAGbK9Ig3.jpg"
10817,100503,"S","thumb_384_9963F3l5il8qcmyfBSQ92uyj.jpg"
10818,100504,"M","thumb_720_70812QPUxzgryPeH34Nm6t9S.jpg"
10819,100504,"S","thumb_384_3039qVNxhIBNJHsNpJUwh0Jd.jpg"
10820,100504,"S","thumb_384_7162pQfRstLAsUHqbKP88qmA.jpg"
10821,100504,"S","thumb_384_0829c3QVA7yyXb8p364uV8Uo.jpg"
10822,100505,"M","thumb_720_6135GJJcRdybpX5e3yj4wrEI.jpg"
10823,100505,"S","thumb_384_1269m194yQDI900xbUVKiZgf.jpg"
10824,100505,"S","thumb_384_7595Ss1VPQgPMbJhNX1MRCPU.jpg"
10825,100505,"S","thumb_384_5904hMoZstHGX1KicagLGrsm.jpg"
10826,100506,"M","noimg.jpg"
10827,100507,"M","thumb_720_3250DZdHMEBP6OHEcbG242Ng.jpg"
10828,100507,"S","thumb_384_7453SSJWOPVD56MsNKqZXGPX.jpg"
10829,100507,"S","thumb_384_8725KhV0MnN7eQQr49dWEOpr.jpg"
10830,100507,"S","thumb_384_9197AVeRbzn4JbAtegGWDWmr.jpg"
10831,100508,"M","thumb_720_1763k944Vt0eqdU8PPtyhkbs.jpg"
10832,100508,"S","thumb_384_4913rk1ctbOQLCAZ2c3wiJ7g.jpg"
10833,100508,"S","thumb_384_7774wHRedHAYj4Tu4xCpTVdJ.jpg"
10834,100508,"S","thumb_384_4599R2Yga8Rf2ymavgKc424D.jpg"
10835,100509,"M","thumb_720_5871wRaE0H07o9Gcb734MYI5.jpeg"
10836,100509,"S","thumb_384_86626No37pRSRaeiAE3m0XCL.jpeg"
10837,100509,"S","thumb_384_1834OucebN9JA3fVNIljPgqD.jpeg"
10838,100509,"S","thumb_384_2157JgxqfdmDxK4xug8NLlwi.jpeg"
10839,100510,"M","thumb_720_1513o6A3OzHrCiFVw62ySuKK.jpg"
10840,100510,"S","thumb_384_784073NWEbCTHtUTwfXQ8krK.jpg"
10841,100510,"S","thumb_384_2104Dk3tnP8zp2lB5tGI6tGj.jpg"
10842,100510,"S","thumb_384_5257Q4Ls6SJfbdffGG43jUYs.jpg"
10843,100511,"M","thumb_720_25814tMyd4BS6eDn5ZJzfOIZ.jpg"
10844,100511,"S","thumb_384_2365JmTKXdX5Bi0XzqDp6UIL.jpg"
10845,100511,"S","thumb_384_2141qiSDV5nkt4HlMwIovn1v.jpg"
10846,100511,"S","thumb_384_81053FqFXQCP1btTM0PFHY8M.jpg"
10847,100512,"M","thumb_720_5084UheKiNhzANs8tsyf2UAN.jpg"
10848,100512,"S","thumb_384_0143Qwod8lAfK6rmAIfbGR8X.jpg"
10849,100512,"S","thumb_384_6387odfQ1CB7dlzggvVFYpyG.jpg"
10850,100512,"S","thumb_384_7995kouhICQX0NDPMkjdzeVn.jpg"
10851,100513,"M","thumb_720_7617zajnheqfTQVoq1MkzxZV.jpg"
10852,100513,"S","thumb_384_3416XYnxAYd5FaFw3kQfHdzr.jpg"
10853,100513,"S","thumb_384_4724RxwAyEetsd8uccxjFtxZ.jpg"
10854,100513,"S","thumb_384_4373QqyePuDnLmFdaTOQ29Tu.jpg"
10855,100514,"M","thumb_720_9451a6g9q6o4zgJoR4IsICoc.jpg"
10856,100514,"S","thumb_384_9168zdLq4JYxG6FarMIRMuqz.jpg"
10857,100514,"S","thumb_384_6598w5ibWUrvg8WmzBzKT6g6.jpg"
10858,100514,"S","thumb_384_3443IxnTg3m9VZCaEx5VaFwR.jpg"
10859,100515,"M","thumb_720_1408flmVaPLHltR0FVufwWvS.jpg"
10860,100515,"S","thumb_384_0341I8n4sOWJbT2dBabI2xpD.jpg"
10861,100515,"S","thumb_384_47794Ux668hhczNqzBeARsBe.jpg"
10862,100515,"S","thumb_384_4723L41fp6xEr7FI8T81BRqZ.jpg"
10863,100516,"M","thumb_720_6601p12UI7potQeTbGUQ3nj0.jpg"
10864,100516,"S","thumb_384_4145XTcXzdUfgFopDLZW6XcH.jpg"
10865,100516,"S","thumb_384_20075N1t7vel8QdQjsNsnRDa.jpg"
10866,100516,"S","thumb_384_5048KZqiHwBIA5AKqUKBT8iA.jpg"
10867,100517,"M","thumb_720_714584ThOIIORbBY8olf6dQW.jpg"
10868,100517,"S","thumb_384_3746FO71yuLN8l1IEMTVU2Br.jpg"
10869,100517,"S","thumb_384_8736lL6J5AZQr0vA9QMjBq2o.jpg"
10870,100517,"S","thumb_384_0119Z9lJxOYBgmDCkrXarP08.jpg"
10871,100518,"M","thumb_720_0613Dytb11GSrXOUgW314YEY.jpg"
10872,100518,"S","thumb_384_3186AS2mdsyKrE8SUhNxCUgK.jpg"
10873,100518,"S","thumb_384_04339uYy5VKr4BH4S9Bo0k4G.jpg"
10874,100518,"S","thumb_384_9726nHYlTBRfmA8nKgJLHRqU.jpg"
10875,100520,"M","thumb_720_3355kXbvn7ZvE0MAYmH3kNvp.jpg"
10876,100520,"S","thumb_384_2300GMbY9R2c9abulqf7A8P7.jpg"
10877,100520,"S","thumb_384_6038R6LzdvgUNy1xWuxDmvUO.jpg"
10878,100520,"S","thumb_384_1572iGK15rlGErGwU06jBGga.jpg"
10879,100521,"M","noimg.jpg"
10880,100522,"M","thumb_720_3800UYiqnFlQnkapUruXcpaV.jpg"
10881,100522,"S","thumb_384_11939mu7DmnoP8vPAT6Z6lts.jpg"
10882,100522,"S","thumb_384_8132SRFjFQayVBe3GJAr1fD9.jpg"
10883,100522,"S","thumb_384_2567wnDF7KyXRsADjtLdfZdC.jpg"
10884,100523,"M","thumb_720_3761HKHB2n71qWJHPEasY3wK.jpg"
10885,100523,"S","thumb_384_9908qVF9vcmAkrx4hfQs4UFS.jpg"
10886,100523,"S","thumb_384_33701Daf6zxJ49TUqRYRX8tr.jpg"
10887,100523,"S","thumb_384_5859oYeRTkfexEZzQ63E3nMH.jpg"
10888,100524,"M","thumb_720_6329eJNwyAzh6LitFDswpWdo.jpg"
10889,100524,"S","thumb_384_1079AoNCt6ZeGHPkB7vVxsVw.jpg"
10890,100524,"S","thumb_384_2317H2SBl0AKn4IlJEUND1ou.jpg"
10891,100524,"S","thumb_384_492335gN60XWyxgMxHzFHSpf.jpg"
10892,100525,"M","thumb_720_9714T27bDxeOYvJWB2x4h8z4.jpg"
10893,100525,"S","thumb_384_4262U85RKzWGCjbtgbqeKzgn.jpg"
10894,100525,"S","thumb_384_8403lIGmmD36WcM8edMwqoFa.jpg"
10895,100525,"S","thumb_384_6735Oi7lJR5ELWMxizEiaixb.jpg"
10896,100526,"M","thumb_720_2224Fg0Y4M3apYG4r4GEgGpw.jpg"
10897,100526,"S","thumb_384_8805YVHFZELXKdYI1pytkl1M.jpg"
10898,100526,"S","thumb_384_7980MEvoNQbFHL39qL9mkV4k.jpg"
10899,100526,"S","thumb_384_4124hKCfEXcKZF8TLZ7PMHqf.jpg"
10900,100528,"M","thumb_720_2076TzsoSYGCz18d91je76bO.jpg"
10901,100528,"S","thumb_384_6215Og2P3V4SZ6XGdL0mVNYc.jpg"
10902,100528,"S","thumb_384_0893KarMgz7nRS6u2rT37wa5.jpg"
10903,100528,"S","thumb_384_1178NWLZr8X1H904WLijxh93.jpg"
10904,100529,"M","thumb_720_7401lovwuXV9GehqT9sK8bK8.jpg"
10905,100529,"S","thumb_384_1168NHDJIop1dI5rmvIMRrOs.jpg"
10906,100529,"S","thumb_384_10584ATn0zxzyINsWbb7uUWP.jpg"
10907,100529,"S","thumb_384_5491NUTIHeyLaGgOlSAZJ0VG.jpg"
10908,100531,"M","thumb_720_9180U8X6ReNaYmDPjiI8nQ6D.jpg"
10909,100531,"S","thumb_384_5353hinPTL9f99NOy6boI2zK.jpg"
10910,100531,"S","thumb_384_9931hojoOGthtYbmW6uDhfwR.jpg"
10911,100531,"S","thumb_384_2040jOvXyUB7dqYszmXp3b8k.jpg"
10912,100532,"M","thumb_720_84630Cdf53pxlrPlWhbJ1igB.jpg"
10913,100532,"S","thumb_384_5668e5ZMVxSyfI7PbDb66qc7.jpg"
10914,100532,"S","thumb_384_10587KjGbN53Qsr31x7r61e2.jpg"
10915,100532,"S","thumb_384_7802JJKnguG3yehQEAatoKut.jpg"
10916,100533,"M","thumb_720_9893bF1FqayDpcGcCaV5lSNB.jpg"
10917,100533,"S","thumb_384_3374j0oZ05RCovnEeP1BSZRv.jpg"
10918,100533,"S","thumb_384_3082So2ilT3dIf5kBnoLX7sz.jpg"
10919,100533,"S","thumb_384_5372hVFwpVAFF3d0diN5HPHd.jpg"
10920,100534,"M","thumb_720_0164OQoUFkcSSbhJfnms5WZo.jpg"
10921,100534,"S","thumb_384_56173obPJp1tVBJoq4gxVMG2.jpg"
10922,100534,"S","thumb_384_0903e3FiEVtJg5OCrxtlN6dx.jpg"
10923,100534,"S","thumb_384_5677lcr6Cen9NGsB030FONQS.jpg"
10924,100536,"M","thumb_720_27730Ba8y5eLqILa3qZMu9Nx.jpg"
10925,100536,"S","thumb_384_54591N6nMdtxsR0rDaba40vA.jpg"
10926,100536,"S","thumb_384_90819jkg1BUmfCE01SO4QbHk.jpg"
10927,100536,"S","thumb_384_96729ED83KikTTTlMeJAYaZ9.jpg"
10928,100537,"M","thumb_720_9891KHyZJvo0G6eBDppwmjIF.jpg"
10929,100537,"S","thumb_384_8951TqlxDqqJqgv6weCuoWFJ.jpg"
10930,100537,"S","thumb_384_8357zcTpVgS3PsDilsDFQJvY.jpg"
10931,100537,"S","thumb_384_0212lkusKk2JE8pNt3dPDIIB.jpg"
10932,100538,"M","thumb_720_1049ifsul3ZhIAYFHE8enJ7S.jpg"
10933,100538,"S","thumb_384_6655s1Gsd8s6wqU4IDUp00ly.jpg"
10934,100538,"S","thumb_384_3592LnowZCH0SaauYvQYcEeH.jpg"
10935,100538,"S","thumb_384_5584FJWYJamXY7Blc5V74cPQ.jpg"
10936,100539,"M","thumb_720_8544iTYtq1vuu00NajqYoUZn.jpg"
10937,100539,"S","thumb_384_1892zO6CuKhbmT6NRM9dztbc.jpg"
10938,100539,"S","thumb_384_12655bQrlD2Nckm9vzly9Str.jpg"
10939,100539,"S","thumb_384_9703AH7qNjadINDqkVIKGc54.jpg"
10940,100540,"M","thumb_720_4625jAUhisUxXpkG5lcRxHxi.jpg"
10941,100540,"S","thumb_384_8080g6cmMXYhOyQzrL3kMU5H.jpg"
10942,100540,"S","thumb_384_0410BOOzm3wykUGSSlQQFtN6.jpg"
10943,100540,"S","thumb_384_1537C0ZTHbdDK3TPHKnef5VT.jpg"
10944,100541,"M","thumb_720_5793fdX0k6OO8k9R01gfbK9r.jpg"
10945,100541,"S","thumb_384_9496w1FY8whEixhBTRyMXUcM.jpg"
10946,100541,"S","thumb_384_09450YizCX5L6noLusKkjoFC.jpg"
10947,100541,"S","thumb_384_1058bqYdtWc5sfcPu4jlZ2pF.jpg"
10948,100542,"M","thumb_720_0842SnAkx0SnMkzMCke6yXNq.jpg"
10949,100542,"S","thumb_384_15826GvmXmuS9WQtBeBuvbW3.jpg"
10950,100542,"S","thumb_384_0772MO3EhG5nFTxp0Y99v4zQ.jpg"
10951,100542,"S","thumb_384_2516qxw7FDDmCOSOFyKmsE3A.jpg"
10952,100543,"M","thumb_720_5952REGXPw5QYEgi50QbgYwi.jpg"
10953,100543,"S","thumb_384_96857lPqF0J6RiI2NV7agvby.jpg"
10954,100543,"S","thumb_384_1922hn8mqFpwdKopwI1IIUVr.jpg"
10955,100543,"S","thumb_384_5052TRUJEjUyfjyPRyNGUJir.jpg"
10956,100544,"M","thumb_720_0898CUIq5JF2rLDCMcUEixmS.jpg"
10957,100544,"S","thumb_384_9554J0G2YMrozPRdYyeYAE7t.jpg"
10958,100544,"S","thumb_384_1006Rve7538pEUPwIAF5Ww5L.jpg"
10959,100544,"S","thumb_384_841410ePJjcf0Av2kdsyFh27.jpg"
10960,100545,"M","thumb_720_1233PnfunxFL2pG4AUYSDPpZ.jpg"
10961,100545,"S","thumb_384_65874wefQ4Z8MyRhreY6h2b9.jpg"
10962,100545,"S","thumb_384_3080GOtAwLJ4BPC2hxAKa8Vt.jpg"
10963,100545,"S","thumb_384_5005DC0OqjBSuHZC00awrFfC.jpg"
10964,100546,"M","thumb_720_86325k5x5uT1HqR6jT4HmiOr.jpg"
10965,100546,"S","thumb_384_2340zrVWyrjRMJWSTW9Qah0E.jpg"
10966,100546,"S","thumb_384_2211L2mJsokiBzyutp8DxdgZ.jpg"
10967,100546,"S","thumb_384_9547qH584TexjZ7EE2AbaZOP.jpg"
10968,100547,"M","thumb_720_83184itRjcOcaLQZUnXJ611P.jpg"
10969,100547,"S","thumb_384_34206nLgXiHFBIoBnyy0BAKK.jpg"
10970,100547,"S","thumb_384_4829xtn24rnQvMLoWEWm9MuJ.jpg"
10971,100547,"S","thumb_384_7047tMBuSmQaCxdUB7xHNs9m.jpg"
10972,100548,"M","thumb_720_5298LXJwLDoCNkqQ2IgsWwLR.jpg"
10973,100548,"S","thumb_384_4532yaXsge1nPZVhN4mNyEkA.jpg"
10974,100548,"S","thumb_384_2969RKCUViUasBB0eRCaCOoT.jpg"
10975,100548,"S","thumb_384_4214TpTSZOPvbzhwUGJfOD42.jpg"
10976,100549,"M","thumb_720_74939GavEyignCjYkvaycwn1.jpg"
10977,100549,"S","thumb_384_0430pXR2e2XegfFEuDOFfcU1.jpg"
10978,100549,"S","thumb_384_21585DvgnhN5zRlLs8dQ6Rmc.jpg"
10979,100549,"S","thumb_384_0099lvbqooN6bttbgEOlIi46.jpg"
10980,100550,"M","thumb_720_5267COZowU3bGc2JgjwuYSFV.jpg"
10981,100550,"S","thumb_384_8724IMMGCfirBTnD2cl1AtGG.jpg"
10982,100550,"S","thumb_384_23941Cnz2EzqnPEnLQWkDile.jpg"
10983,100550,"S","thumb_384_4828UosmwaLK525P5uqDK34H.jpg"
10984,100551,"M","thumb_720_1957KTOH88R58645JU4h7Mdx.jpg"
10985,100551,"S","thumb_384_8608XcqEocSMAOsGxwcBP88f.jpg"
10986,100551,"S","thumb_384_0225AASwIMUSKn9WSgNjyPh8.jpg"
10987,100551,"S","thumb_384_6883y0NestoUVsQwvjzz0xmZ.jpg"
10988,100552,"M","thumb_720_2857ivUgiluVyPa2tIBpH0ol.jpg"
10989,100552,"S","thumb_384_2188jJduCC3cLGmjrI5yCRw4.jpg"
10990,100552,"S","thumb_384_1451KP66lgJIIrCtUeiBcx5F.jpg"
10991,100552,"S","thumb_384_0470jxQ6vml5skDCJGpqYKYf.jpg"
10992,100553,"M","noimg.jpg"
10993,100554,"M","thumb_720_5185y2xm4Bv9rVgeURXtLt9f.jpg"
10994,100554,"S","thumb_384_0268L931T4IM4pFSkuoK29RK.jpg"
10995,100554,"S","thumb_384_0438qzaCMQ0MxXMPC1JPLa4E.jpg"
10996,100554,"S","thumb_384_5792Q5SOCZQMGcbqB6DeBRWg.jpg"
10997,100555,"M","thumb_720_7012tIOEerhhZBugfncp9dl9.jpg"
10998,100555,"S","thumb_384_7191bWr8SvQ52Td5dYG5AqlE.jpg"
10999,100555,"S","thumb_384_5955GsfkAHRuUNPIuYw3xbmc.jpg"
11000,100555,"S","thumb_384_18193K8jxaYymQBNGDIJnm3L.jpg"
11001,100556,"M","thumb_720_8378PApOfMsSqeSF9yfqHWOm.jpg"
11002,100556,"S","thumb_384_2449yY89TS4INzQQxsL5c4P3.jpg"
11003,100556,"S","thumb_384_0880eDlIL3shNaHugHpWtYTt.jpg"
11004,100556,"S","thumb_384_8904MfH4scHmU3fICUT3RA00.jpg"
11005,100557,"M","thumb_720_44677vN16e88OWqh25JC115j.jpg"
11006,100557,"S","thumb_384_1175BO8eD3SZ30jxNAv8UB0K.jpg"
11007,100557,"S","thumb_384_4710U1Qcqd5ASxpAzkZY6CvL.jpg"
11008,100557,"S","thumb_384_5317W2Vn40GewMJ6PY3VzZdY.jpg"
11009,100558,"M","thumb_720_8155hIljSMUbIUYxLBiLIoFa.jpg"
11010,100558,"S","thumb_384_8786OAlBzT7iSLXYkWk5DbSp.jpg"
11011,100558,"S","thumb_384_3351Gx2wDNkXp23iOkzLLjke.jpg"
11012,100558,"S","thumb_384_711520qdmRHNIbegdsGHckLS.jpg"
11013,100560,"M","thumb_720_04128OIp1kemjJyfHtrvw1H7.jpg"
11014,100560,"S","thumb_384_3350o3oyzor9FN7fxkZaiGNF.jpg"
11015,100560,"S","thumb_384_3686Q7ARFtTS3rBssSUbTXdd.jpg"
11016,100560,"S","thumb_384_5386NrB6cxOUDymJAvmlFfYB.jpg"
11017,100561,"M","thumb_720_8189xVAmnEC7fmK10XzPQZ9y.jpg"
11018,100561,"S","thumb_384_2388spEyXTeuYz7Snvyoisgm.jpg"
11019,100561,"S","thumb_384_0412dPBfHzdAl2MOf7lAtPja.jpg"
11020,100561,"S","thumb_384_2246XsclURYRwF0RhoDnfPkM.jpg"
11021,100562,"M","noimg.jpg"
11022,100563,"M","noimg.jpg"
11023,100565,"M","thumb_720_2892OhGQqq00Ci4r3irOmiwZ.jpg"
11024,100565,"S","thumb_384_1032U25VJjEf9pltg3Pb5rfv.jpg"
11025,100565,"S","thumb_384_8850mwBEZAQ4wzu0DqLitvPI.jpg"
11026,100565,"S","thumb_384_4088QzokbTohIJhEZJlDYEkn.jpg"
11027,100566,"M","thumb_720_7887L8IMcUaczN2XOIbcX15b.jpg"
11028,100566,"S","thumb_384_11824tuCyW7gEmYvRr6EoQMf.jpg"
11029,100566,"S","thumb_384_7505ertSxpYGacKMRd0yxyOF.jpg"
11030,100566,"S","thumb_384_8533huVqkdlPrKs9kwlEAuJ0.jpg"
11031,100568,"M","thumb_720_9513Pgitrju1X36Kap1cteSZ.jpg"
11032,100568,"S","thumb_384_2136JH3RlmuqQfHmHOKFUvmU.jpg"
11033,100568,"S","thumb_384_6298zfW52pQV6kFzJY8mM2mL.jpg"
11034,100568,"S","thumb_384_4501cHyEDQAa0YZZNJluc0GD.jpg"
11035,100569,"M","thumb_720_585702tfGV4B2q2TVqC3X1FI.jpg"
11036,100569,"S","thumb_384_9035YbYNkVy6URxa4QHhFbs3.jpg"
11037,100569,"S","thumb_384_95731tcg5wrseqWRWtIPTigP.jpg"
11038,100569,"S","thumb_384_37322qDKvubVOfq50YZhi4NQ.jpg"
11039,100571,"M","thumb_720_4304gYHOCJF5zY3LstaiA5LT.jpg"
11040,100571,"S","thumb_384_83220kNYD3fSDwA9Q3jutmnw.jpg"
11041,100571,"S","thumb_384_0780JYiEdiMt7RwgbVq0pubw.jpg"
11042,100571,"S","thumb_384_6961ys9CR3QCjtNIWiGI3OAW.jpg"
11043,100572,"M","thumb_720_72175Zc85PAcr0amPvvVrekY.jpg"
11044,100572,"S",""
11045,100572,"S",""
11046,100572,"S","thumb_384_6868IBZhyYd9IiQyci63CnDS.jpg"
11047,100573,"M","thumb_720_3818UfxXOxauHB0XS2CIPtmA.jpg"
11048,100573,"S","thumb_384_8459Rva6CiQk56uyVeG6H4wt.jpg"
11049,100573,"S","thumb_384_3653lCJsXjfNhZTcTyqSNIxE.jpg"
11050,100573,"S","thumb_384_4940sgMZMOxVxSEJwVYlocZK.jpg"
11051,100574,"M","thumb_720_6555vtM3xayw7ttM403EteUM.jpg"
11052,100574,"S","thumb_384_0139uAQiWL7Q51uneK0Hn9vh.jpg"
11053,100574,"S","thumb_384_8761Wpuylds8EvP2jBhpsKMo.jpg"
11054,100574,"S","thumb_384_1532zuXw6oPCIViqzlBiUDpu.jpg"
11055,100575,"M","thumb_720_1045qzfjmhSmGN1rl5rQxZiJ.jpg"
11056,100575,"S","thumb_384_1069GSXlznAzV56tuk8E5qpP.jpg"
11057,100575,"S","thumb_384_4250FEshrC0RHz2md03VKIcC.jpg"
11058,100575,"S","thumb_384_0750H6nmdASRA5ZYqWTPnyMx.jpg"
11059,100576,"M","thumb_720_6131vmJIyX4AohYOTUeLXazb.jpg"
11060,100576,"S","thumb_384_5242x6LjkkMCko2jLM5siFmh.jpg"
11061,100576,"S","thumb_384_8886VbsFC0rS1On3pSiY49yl.jpg"
11062,100576,"S","thumb_384_6117UrWVmzZNnw1WW38s4DRE.jpg"
11063,100577,"M","noimg.jpg"
11064,100578,"M","thumb_720_8884RUfng4JkSfZ7Uq1nxsgr.jpg"
11065,100578,"S","thumb_384_769311HgWOwU2TBQo5FPAeZm.jpg"
11066,100578,"S","thumb_384_2450sRkexikJ059flzgWgPox.jpg"
11067,100578,"S","thumb_384_1884AWMZZ1TDnkEqHIJsZkld.jpg"
11068,100579,"M","thumb_720_3986RcXl3ewX3QzEpxteSjgj.jpg"
11069,100579,"S","thumb_384_4139ugz1q8AaNwqsQLStM0eL.jpg"
11070,100579,"S","thumb_384_8953weqYHFbGmRpW6hBZ8b07.jpg"
11071,100579,"S","thumb_384_3424zuv9kFj7IKkyNKUXTiQO.jpg"
11072,100582,"M","thumb_720_7178AtjNibJsNODVfJ854jzN.jpg"
11073,100582,"S","thumb_384_8842hvOi63vXjK8hG7STb1JD.jpg"
11074,100582,"S","thumb_384_1897VMUPqK5GCI61SwqzP4GS.jpg"
11075,100582,"S","thumb_384_82196TspIpwUXUTNXSaenKCF.jpg"
11076,100583,"M","thumb_720_0448gFR8ofM6nFaRCl7TBFE9.jpg"
11077,100583,"S","thumb_384_7501AmsUewDicK2YGQXuVheX.jpg"
11078,100583,"S","thumb_384_08488oaRu6NP5aRkjHGduxlj.jpg"
11079,100583,"S","thumb_384_129501qozS0bNLmb1kN2vXu0.jpg"
11080,100584,"M","thumb_720_9432nsX1c2uLhfu5zsz7yMWh.jpg"
11081,100584,"S","thumb_384_277107Q1F25uGH6pI33GX92i.jpg"
11082,100584,"S","thumb_384_56076SEwIH1eDYF9dI1tUfzO.jpg"
11083,100584,"S","thumb_384_2008N9FUKQLBTkvXy2uInAGe.jpg"
11084,100585,"M","thumb_720_5542ovuAMlE0bpOotiCyHlcu.jpg"
11085,100585,"S","thumb_384_8055BDbNPkC8zKRJRsRM9bAG.jpg"
11086,100585,"S","thumb_384_7433a3RaB7YbXbKIIY5sHOu8.jpg"
11087,100585,"S","thumb_384_78215v7UlCqGaZUwhpcw3JdK.jpg"
11088,100586,"M","thumb_720_4312OelGftTJs2UspitYJs6F.jpg"
11089,100586,"S","thumb_384_61285jFw7fEBQhYOC6CBRDl7.jpg"
11090,100586,"S","thumb_384_47034VjG5vP1olC0AQvsP3mf.jpg"
11091,100586,"S","thumb_384_6428RnPZyIFoarNfP9sXybAI.jpg"
11092,100587,"M","thumb_720_3844Vuh0elLOMRyeL1vHzCvy.jpg"
11093,100587,"S","thumb_384_77253cUGUZv2coz7jbNWbMfc.jpg"
11094,100587,"S","thumb_384_6379MrSHDusoPBTC0GLDNAzn.jpg"
11095,100587,"S","thumb_384_2974mgkS5mEqXpzk6S2d8nCx.jpg"
11096,100588,"M","thumb_720_3150dbAZ5Gmr40u3VjlepNvq.jpg"
11097,100588,"S","thumb_384_3089h0EqlGVshspFXelS7DlZ.jpg"
11098,100588,"S","thumb_384_4431lSHqr2bSNw3Cuyoi26Ws.jpg"
11099,100588,"S","thumb_384_9325er6ESm0MXp4zZ2t48lS2.jpg"
11100,100589,"M","thumb_720_5437VgFkZp4k2LyQJkQWcVM1.jpg"
11101,100589,"S","thumb_384_28192s32PpSWfJG2awWBqGjh.jpg"
11102,100589,"S","thumb_384_9548UWsbIuMVjPlNFd2bx04m.jpg"
11103,100589,"S","thumb_384_0228bYXAsYpe6NpupWaoL2mw.jpg"
11104,100590,"M","thumb_720_3079vG3ao1NTrdJaeYdsafuO.jpg"
11105,100590,"S","thumb_384_0301OpPaved5obUQXXTjJT77.jpg"
11106,100590,"S","thumb_384_9905NxB7JsatqcW6xTuf9PzH.jpg"
11107,100590,"S","thumb_384_6668Qs7Zb6kOQT58lvogovgS.jpg"
11108,100591,"M","thumb_720_4568IN47kqkYbwz7FnxKaw2y.jpg"
11109,100591,"S","thumb_384_0146haR1cfbfUVAFEHUR0A4W.jpg"
11110,100591,"S","thumb_384_2442UOnzLwxjSpwYz6MTmxE3.jpg"
11111,100591,"S","thumb_384_6078fs9StZbNrCxF9T78rrue.jpg"
11112,100592,"M","thumb_720_8023I12NZN8UcyJtBxQhR8yF.jpg"
11113,100592,"S","thumb_384_09816eksjrFvit2buNPm5Rhv.jpg"
11114,100592,"S","thumb_384_5048onHBV9OddIahz73GOOJ1.jpg"
11115,100592,"S","thumb_384_7185XqIZYun3zC6oH8s9JTAM.jpg"
11116,100594,"M","thumb_720_9501JpupJLpSCpjmT7EeOTjX.jpg"
11117,100594,"S","thumb_384_0065u3IBBR9VV4b0sNUfrtkf.jpg"
11118,100594,"S","thumb_384_7526MzZVipkL788L8Dcv5KLZ.jpg"
11119,100594,"S","thumb_384_0577Dj9FDpVakn1Ay4QqzlPI.jpg"
11120,100595,"M","thumb_720_40598SS8Y75nXCwuTplZSBa1.jpg"
11121,100595,"S","thumb_384_82814nuErgR7kVuzGGQhd80q.jpg"
11122,100595,"S","thumb_384_3790uEKYMtKMjuIaXqQk2aU4.jpg"
11123,100595,"S","thumb_384_9792oz4wxUbo8dIavuaBK7AB.jpg"
11124,100596,"M","thumb_720_03738dtseflySmi9J0ebDxfa.jpg"
11125,100596,"S","thumb_384_7293l3rLIGQAIEjavkqlAe0b.jpg"
11126,100596,"S","thumb_384_2816ufGfrklKHHImmfwgUftT.jpg"
11127,100596,"S","thumb_384_9721GN2ej5njedyabFuYXEb6.jpg"
11128,100597,"M","thumb_720_23150F9wyL7oLN7jwusfZbeS.jpg"
11129,100597,"S","thumb_384_06905gOGj0QHNVvWP6pC8XZj.jpg"
11130,100597,"S","thumb_384_3713i6edmSD1SB2SeR328Z7B.jpg"
11131,100597,"S","thumb_384_4865fdcAn084ZIfeaGMSdFkW.jpg"
11132,100598,"M","thumb_720_20830YgjOQWbWpaCcllbrHse.jpg"
11133,100598,"S","thumb_384_5638axjRZe8J2CLWTiJk7Rv1.jpg"
11134,100598,"S","thumb_384_26905DMttGZmDefWGBTJHpvG.jpg"
11135,100598,"S","thumb_384_1272l5APU9IkRI4DdBVqBDf3.jpg"
11136,100599,"M","thumb_720_5125VNNUj2rSGysHmE2iHvjb.jpg"
11137,100599,"S","thumb_384_5164HMwe8fXeJV0kATlS6NhQ.jpg"
11138,100599,"S","thumb_384_9883kmoBWMb2YsJXhzDDoR5X.jpg"
11139,100599,"S","thumb_384_4023rUALtNr5C3GE2nvA22mz.jpg"
11140,100600,"M","thumb_720_3121zZUv6ogbIo7SKbwzDcwf.jpg"
11141,100600,"S","thumb_384_7144UaYtvuA6L7LNrSVYMVcA.jpg"
11142,100600,"S","thumb_384_5104uB8hthxaBTQ0yJkHgrvC.jpg"
11143,100600,"S","thumb_384_91476vebfas8WgZEvqlri1WK.jpg"
11144,100601,"M","thumb_720_6216FusOpNSmL12Z0VN3qCgb.jpeg"
11145,100601,"S","thumb_384_4482xBxSxCwmwFc7K7hfWA21.jpeg"
11146,100601,"S","thumb_384_7788nsYc2Tmq0xyLQcnizDty.jpeg"
11147,100601,"S","thumb_384_8120jL7NaLckurCskKUyAC8Y.jpeg"
11148,100602,"M","thumb_720_80575NbYuKtwjOIcBBsYruAD.jpg"
11149,100602,"S","thumb_384_2768hEmlPRg9YSu4y14wYXJB.jpg"
11150,100602,"S","thumb_384_7819kVyZ5BXmXRhKEFC2N36U.jpg"
11151,100602,"S","thumb_384_4272EXMUp9itZY7btTU2i6hR.jpg"
11152,100603,"M","thumb_720_4434ORDpUOtsFiacCbcYJ0zY.jpg"
11153,100603,"S","thumb_384_5969iMNfAf6aPXPe5CRG7ECN.jpg"
11154,100603,"S","thumb_384_5482RZN6dfEhdF5jOM1NOBvT.jpg"
11155,100603,"S","thumb_384_4342gki4fsbTXxXaTt70V1xB.jpg"
11156,100604,"M","thumb_720_8395wJ1sFkYXVj2hnZQPsnYN.jpg"
11157,100604,"S","thumb_384_0596UhHAWIzU4GQWxGppDDqk.jpg"
11158,100604,"S","thumb_384_2575mHI48oZX00Q7pJelwmSF.jpg"
11159,100604,"S","thumb_384_8086VXgbYvbM8Y3lEB6IamyK.jpg"
11160,100605,"M","thumb_720_3985AdUKJVrTn7eYgsRnbw0m.jpg"
11161,100605,"S","thumb_384_84469O0ouluQLL44CWj5XM6s.jpg"
11162,100605,"S","thumb_384_4676hDw0bql3ZWH0hl4siwyW.jpg"
11163,100605,"S","thumb_384_4242tMUyFT82MjgfasAT69FM.jpg"
11164,100606,"M","thumb_720_1008PsIFzwbhdg4AMh1OxQYj.jpg"
11165,100606,"S","thumb_384_4073BqzII9Y5bDoCZM2gmTrG.jpg"
11166,100606,"S","thumb_384_6804Y4beJJLdgZalXcCEHsks.jpg"
11167,100606,"S","thumb_384_6686bfS65itgZBqgYiPT0aRz.jpg"
11168,100607,"M","thumb_720_3068N8d2BCSGYfB89gVEdHht.jpg"
11169,100607,"S","thumb_384_7609Lsy0ol0UZJ8hgNGhia0x.jpg"
11170,100607,"S","thumb_384_0584wBIsfas3lhw6DyhoQj91.jpg"
11171,100607,"S","thumb_384_5485c96Vrj4bCEzLnigXfTPU.jpg"
11172,100608,"M","thumb_720_5910YZgJCmQK58B7SxK4KTim.jpg"
11173,100608,"S","thumb_384_5718bOXYlIQm4U2OYgYuUYkL.jpg"
11174,100608,"S","thumb_384_9423dZQGw6gjczE3rwM5RfQD.jpg"
11175,100608,"S","thumb_384_0941Rds3Cp5IA8P3Ukm3Etap.jpg"
11176,100609,"M","thumb_720_1735ySVfJuBqn7Ycaf5m7z8J.jpg"
11177,100609,"S","thumb_384_6402VCFViQBSQ3aRid3pL4C4.jpg"
11178,100609,"S","thumb_384_4649BXjs5tvltkdwEEi1A9x8.jpg"
11179,100609,"S","thumb_384_1916atrVaLzOHzfby8walan7.jpg"
11180,100610,"M","noimg.jpg"
11181,100611,"M","thumb_720_4803FwdFcgoWpEAH7mSy1jNi.jpg"
11182,100611,"S","thumb_384_4837ug5RpWxxkK86cQVDfaK8.jpg"
11183,100611,"S","thumb_384_5382FDVep0aNniWwrPgYx6s0.jpg"
11184,100611,"S","thumb_384_6891KJddUCwvtFffm77ufelV.jpg"
11185,100612,"M","thumb_720_6362vDHLmAe8MHcu9mzRR6Ug.jpg"
11186,100612,"S","thumb_384_3980RQ18kjM9ccYxcASSdZDN.jpg"
11187,100612,"S","thumb_384_5519AsFJWSbidOlzGDjTaVmd.jpg"
11188,100612,"S","thumb_384_6885qG9jpvsWDlC4RJ6sRrCg.jpg"
11189,100613,"M","thumb_720_0649tYAu7pQRyhpS6vouvIMV.jpg"
11190,100613,"S","thumb_384_7278ye6f6LUOPBdLsFpdRlhl.jpg"
11191,100613,"S","thumb_384_0109sg9v3wzn0JY59xCO2nCr.jpg"
11192,100613,"S","thumb_384_7999fck5LokwDXMcxyj9YJ4s.jpg"
11193,100614,"M","noimg.jpg"
11194,100615,"M","thumb_720_3854FEGO3NO0cNJlmYocgcQI.jpg"
11195,100615,"S","thumb_384_3071CvIDcjQn4XSzkJx8eTkd.jpg"
11196,100615,"S","thumb_384_6577sM6gWSMSCIhi9GrheYHA.jpg"
11197,100615,"S","thumb_384_90161Y8L4Lunv0UJ5aQ7VTlP.jpg"
11198,100616,"M","thumb_720_83910HeuYjf8HAnLSQBVEE8N.jpg"
11199,100616,"S","thumb_384_22648xIsuUxowyfKVmXIChr8.jpg"
11200,100616,"S","thumb_384_2120nNm3ASUuJ7vk6OVKrrS2.jpg"
11201,100616,"S","thumb_384_5343Qob0lM8W3uz1E1IQQ3gB.jpg"
11202,100617,"M","thumb_720_2331ftjSGPKJXkml62Fk9IqO.jpg"
11203,100617,"S","thumb_384_5615p2hqZOIv8E8FLnY4aGRY.jpg"
11204,100617,"S","thumb_384_2876zxkONeJUCiJUfQQyMcR9.jpg"
11205,100617,"S","thumb_384_1181pn5ppifH3DFhrvbgzAfE.jpg"
11206,100618,"M","thumb_720_3415hzAc7v3fGyU670nugso0.jpg"
11207,100618,"S","thumb_384_3208BHwI56BXToSlsG1hUFmI.jpg"
11208,100618,"S","thumb_384_1512WD0iZaI3HMvm628HymKS.jpg"
11209,100618,"S","thumb_384_28194vxvhBdIAdDvQ7LM3iy4.jpg"
11210,100619,"M","noimg.jpg"
11211,100620,"M","thumb_720_8260mx9wVv7w6s9Zi7l1tClR.jpg"
11212,100620,"S","thumb_384_0322dfOVfoxGywXMVNAtyy6r.jpg"
11213,100620,"S","thumb_384_91662rUByLa4wulqErFQSMwn.jpg"
11214,100620,"S","thumb_384_3976N3zXh4woGChjEcro8kWd.jpg"
11215,100621,"M","thumb_720_2068wlh0aUE8WPe06ksVl3Rs.jpg"
11216,100621,"S","thumb_384_99983LpPUxftDC5SL4TfzDM3.jpg"
11217,100621,"S","thumb_384_6154i4K7sVf77gQj4MCea6KV.jpg"
11218,100621,"S","thumb_384_0127Dg5w9Jqrnx7QKLwt52YB.jpg"
11219,100622,"M","thumb_720_9541TMcgO17fNQ8emUIT5Xdm.jpg"
11220,100622,"S","thumb_384_9724Uc5NjE7F06VjuiXUNYtZ.jpg"
11221,100622,"S","thumb_384_8526x0XXqG8VoT6i7ZPBG2rL.jpg"
11222,100622,"S","thumb_384_8860cCUHdM1Gxhl5A1coEjql.jpg"
11223,100623,"M","thumb_720_9472a5uSUBTsdrilBOUfFLBW.jpg"
11224,100623,"S","thumb_384_8855i2VTlBCC7lT1uzMExmF3.jpg"
11225,100623,"S","thumb_384_60024oAosoOGJG1CF2oSuJGL.jpg"
11226,100623,"S","thumb_384_0986pC2qlMR2lQQkCRC64spt.jpg"
11227,100624,"M","thumb_720_1423DnWuekVFORmoTyudhzLC.jpg"
11228,100624,"S","thumb_384_7568LaPcjdRF3s9xOrYlbS58.jpg"
11229,100624,"S","thumb_384_9112pV79pePoBUBZuiesaluz.jpg"
11230,100624,"S","thumb_384_13008hO79ZVJxMAy4Rxllqv1.jpg"
11231,100625,"M","thumb_720_1347KV8ouq2ROyu5T332754I.jpg"
11232,100625,"S","thumb_384_017686QiVtivGjgxynjthceG.jpg"
11233,100625,"S","thumb_384_7364VDFTFPR35mfZG3Yk0AZG.jpg"
11234,100625,"S","thumb_384_55887UtiNL3Dp4lQCbcnKTcv.jpg"
11235,100626,"M","thumb_720_6363DM5uHLTlyVK0rJItGp0V.jpg"
11236,100626,"S","thumb_384_18081zV0qHYJQxmGBPzYJ976.jpg"
11237,100626,"S","thumb_384_07044gVdetpRty1t9lpJHgKq.jpg"
11238,100626,"S","thumb_384_5657VGBqXA16weQIowlG5OwZ.jpg"
11239,100627,"M","thumb_720_9115v2eHVZIuVnRxranA9Osm.jpg"
11240,100627,"S","thumb_384_9647sD7JRhyw2BjUHxOK6Dh1.jpg"
11241,100627,"S","thumb_384_2707OzkQ8Ns6WGYD2yoMT9KB.jpg"
11242,100627,"S","thumb_384_1423SzyuxX0x1wLt742uYVBT.jpg"
11243,100628,"M","thumb_720_1005Xp1pcGZNjRl0nemK4azW.jpg"
11244,100628,"S","thumb_384_5754ckToy8ssrGNDgorW8u7y.jpg"
11245,100628,"S","thumb_384_30335m85xxfQVzBRgdEOpo4a.jpg"
11246,100628,"S","thumb_384_7941cEXRbnbxMvQ3c4DA05Fg.jpg"
11247,100629,"M","thumb_720_4049H24jFqHVeNB0Fo5iD81B.jpg"
11248,100629,"S","thumb_384_5956evybr7HcHT2pek2Dbe8V.jpg"
11249,100629,"S","thumb_384_03193qfyECEy4c3OfJiEk1fD.jpg"
11250,100629,"S","thumb_384_08254y9rGiHjWKFJOfwJI6g6.jpg"
11251,100630,"M","thumb_720_15934gIc0UEJcCGk0jrsnelr.jpg"
11252,100630,"S","thumb_384_2528lvKYvhGvH7i4hY8nbuUu.jpg"
11253,100630,"S","thumb_384_9008TYJMe9mXPCOv5pl6uuvT.jpg"
11254,100630,"S","thumb_384_902025H4HfhiX9SrEQsRgGS7.jpg"
11255,100631,"M","thumb_720_1759qhYSPdePxkiunR7srHFN.jpg"
11256,100631,"S","thumb_384_9553IUeRn3XgY37mNlcbF1vs.jpg"
11257,100631,"S","thumb_384_2434PRxRjHLMd9TjoldHdjOA.jpg"
11258,100631,"S","thumb_384_4111Jr5zZI4Jl5xZLoggbwYy.jpg"
11259,100633,"M","thumb_720_1675ZmV5JLFRW299gckJSE4r.jpg"
11260,100633,"S","thumb_384_1681gPmDqz5UsjzdraEiCscl.jpg"
11261,100633,"S","thumb_384_8743o8UOHpk8AikChjqF4g7t.jpg"
11262,100633,"S","thumb_384_6552YC9FlmB4328Grctn23Fs.jpg"
11263,100634,"M","thumb_720_9874x3K9t9JTa86p3jOHuypg.jpg"
11264,100634,"S","thumb_384_3664rm25Vl61BY2pF60czEYp.jpg"
11265,100634,"S","thumb_384_1889KqnwbfaehrY2XDBw7QUZ.jpg"
11266,100634,"S","thumb_384_63366KbTQZbilcn0FN5kDNPL.jpg"
11267,100635,"M","thumb_720_23998Us7Jy61L7X7JbHOOPW1.jpg"
11268,100635,"S","thumb_384_58030YgRCLswAz7j4h4QRwn2.jpg"
11269,100635,"S","thumb_384_53665tm5YpbaBCddNgT6DYDI.jpg"
11270,100635,"S","thumb_384_4926xGXKaNn6eKlmwmHzoYEw.jpg"
11271,100636,"M","thumb_720_1931pyH1QU6KGgtBb4ITa2Hj.jpg"
11272,100636,"S","thumb_384_8663hiwEJabXNNDDKRDSDwIA.jpg"
11273,100636,"S","thumb_384_0470OeynP14ctc3zjLeDfRo5.jpg"
11274,100636,"S","thumb_384_8988qRMNnNyTbUuE5UdIeqQq.jpg"
11275,100637,"M","thumb_720_08399N8FWxTjsCweDfHRi02N.jpg"
11276,100637,"S","thumb_384_9764O3NHQ4Rbh0oOtygzHVX4.jpg"
11277,100637,"S","thumb_384_8062n2eHT45Np6ZRpP9MP7nw.jpg"
11278,100637,"S","thumb_384_9307lHw5qYlgjs8RMFuqIevf.jpg"
11279,100638,"M","thumb_720_5448eFLMDTwLZGIL957oIREW.jpg"
11280,100638,"S","thumb_384_9285O752Gdr73O2E3JYrpZkU.jpg"
11281,100638,"S","thumb_384_3106Y2fAkPef7wKFDIwnktxF.jpg"
11282,100638,"S","thumb_384_8457AQdWLhV3P7qMZ0ileESs.jpg"
11283,100639,"M","thumb_720_1738JviRpzmkkwt4kbFviOyj.jpg"
11284,100639,"S","thumb_384_4541d9FzjuEBNRgjvx7MLFuG.jpg"
11285,100639,"S","thumb_384_5286LfXgdZQx5a8PDzbPYdVt.jpg"
11286,100639,"S","thumb_384_7988DgI20gi1pFDXuitbtOuR.jpg"
11287,100640,"M","thumb_720_6616xja6uqPCPTeyV6BjHe3b.jpg"
11288,100640,"S","thumb_384_07761MQxw06qcpCvKjF4iXsB.jpg"
11289,100640,"S","thumb_384_1289JBnp94sU6krv8Ty0HYqQ.jpg"
11290,100640,"S","thumb_384_2680TefRHbWX62vJ5w0REIus.jpg"
11291,100641,"M","thumb_720_2639WnahCGYWuzHPBiimDjVU.jpg"
11292,100641,"S","thumb_384_8893feD3LgrzuwxLMaOJqnst.jpg"
11293,100641,"S","thumb_384_3677emUOUQw8XqX60EQQRHwa.jpg"
11294,100641,"S","thumb_384_10500RSipApIFoB8gb6LpmOO.jpg"
11295,100642,"M","thumb_720_7564kkgOvSiPTpBeH4QGpQ08.jpg"
11296,100642,"S","thumb_384_0429i8NS5JMabSP7B7xXs3SU.jpg"
11297,100642,"S","thumb_384_2092BhIXl0OWID65FWRXYYnR.jpg"
11298,100642,"S","thumb_384_7633qEzVbywwoUusZ74OyUGR.jpg"
11299,100643,"M","thumb_720_5607To2Fv8lUE8HXIxEhd9Ue.jpg"
11300,100643,"S","thumb_384_1954Cb9vTNPPVvoeYCyrkA8j.jpg"
11301,100643,"S","thumb_384_0900ANMiKSMIHYLMQPWvjvf9.jpg"
11302,100643,"S","thumb_384_2968Ayr7QBWQBMNYxBcd1Zzk.jpg"
11303,100644,"M","thumb_720_3997yLaGb6ScDvugRXgP4Eb7.jpg"
11304,100644,"S","thumb_384_2240KE43ECDOavm3oqu7F0nM.jpg"
11305,100644,"S","thumb_384_8163WTZTCDpE89ZFwlHkGO3i.jpg"
11306,100644,"S","thumb_384_6931S1KKNO3jjra7V8hBC1EO.jpg"
11307,100645,"M","thumb_720_11240S9vPRNZqlikH2XJYVOT.jpg"
11308,100645,"S","thumb_384_1687ad87IQ1FNaOWfOXDvWVg.jpg"
11309,100645,"S","thumb_384_390192bnGwh5RfSseo5g0xbi.jpg"
11310,100645,"S","thumb_384_1823ZPctiOjDYOUNgpHgfhQX.jpg"
11311,100646,"M","thumb_720_3821VoSAlimPHZQWZ2mIvAev.jpg"
11312,100646,"S","thumb_384_45687CFGr9f9p3b8diKpZV6o.jpg"
11313,100646,"S","thumb_384_2377NZP1uplH63u22cG2QBnt.jpg"
11314,100646,"S","thumb_384_6727dg3pFxPtzT3UoHtEfSnp.jpg"
11315,100647,"M","noimg.jpg"
11316,100648,"M","thumb_720_9121QxAIhCUYMW6RaR1zVRKC.jpg"
11317,100648,"S","thumb_384_26078gLGaboRDpLiSngz0uuh.jpg"
11318,100648,"S","thumb_384_5367iV0yY391VWR39rHQZu4z.jpg"
11319,100648,"S","thumb_384_1878ErHQEdxEt6OZDwfyMJuR.jpg"
11320,100649,"M","thumb_720_8057pa1PDB3ilWprgoQkrL1u.jpg"
11321,100649,"S","thumb_384_0330JAKmdWvknm61h13UYmop.jpg"
11322,100649,"S","thumb_384_6805QK711RqhcV4eRXSMqPpN.jpg"
11323,100649,"S","thumb_384_92992GiFkfy6LtLG5LGn0Z6H.jpg"
11324,100650,"M","thumb_720_7090oUx5N59RW9GXX2Ofveds.jpg"
11325,100650,"S","thumb_384_9770ms9Q1xFJTa1Myz66RXju.jpg"
11326,100650,"S","thumb_384_9387Z4iv6Zr5xAEF6yVBMaf1.jpg"
11327,100650,"S","thumb_384_0356yu2n2xia1Cz0wHGrmi9q.jpg"
11328,100651,"M","thumb_720_2317rH6WtkRQ7HJF5zU6owtu.jpg"
11329,100651,"S","thumb_384_1041hNeRDClygQd8S29m1kgN.jpg"
11330,100651,"S","thumb_384_2592Gm8li3W7iDGAbcSRwewj.jpg"
11331,100651,"S","thumb_384_8340C6vHBAMLKQUCxVg1OkOa.jpg"
11332,100652,"M","noimg.jpg"
11333,100653,"M","thumb_720_7935uGARjh8TnrUIowZR5Q59.jpg"
11334,100653,"S","thumb_384_52290BihyfYwukgOQQa3ZSQd.jpg"
11335,100653,"S","thumb_384_5704L7IIVXFpFXSYSPSeGDLX.jpg"
11336,100653,"S","thumb_384_1988BhvuhqbelGPtcJrsjnxE.jpg"
11337,100654,"M","thumb_720_8460OkLbvv8VzQgdUJSet43g.jpg"
11338,100654,"S","thumb_384_6043ZQpg6ebIXUwnS9GQ5XNy.jpg"
11339,100654,"S","thumb_384_3855Mv3Et5CrGiFsAmGMSG3n.jpg"
11340,100654,"S","thumb_384_6443u3AcT55SGb1rnWecSRuy.jpg"
11341,100655,"M","thumb_720_7219dKV65jhzM2Px7GiKnKhk.jpg"
11342,100655,"S","thumb_384_1121SrVkbbw2Dpxk2MITDE5p.jpg"
11343,100655,"S","thumb_384_5803d8YC7EdjM2NmQYkG7kgj.jpg"
11344,100655,"S","thumb_384_2232jQeTKkSoSz6vhPyz20HY.jpg"
11345,100656,"M","thumb_720_8409qjVsrgaRwrooaShjc310.jpg"
11346,100656,"S","thumb_384_9620qx2CC6WzqBPij4p20nr5.jpg"
11347,100656,"S","thumb_384_8745unFgMeFSOqiYmtTKZOwn.jpg"
11348,100656,"S","thumb_384_1322P1UgGZIDeMnOB0n5FIQq.jpg"
11349,100657,"M","thumb_720_5958yiAGSaSqtnBXyeWw6arS.jpg"
11350,100657,"S","thumb_384_9912mxwNrCWkvGvPnnXpw2uf.jpg"
11351,100657,"S","thumb_384_4884zRs9XK7caf5QLsdqj02x.jpg"
11352,100657,"S","thumb_384_8054o7Afq3M4OorQrjZc9erk.jpg"
11353,100658,"M","thumb_720_8408ceYO0PH1zOA98J9iYJpm.jpg"
11354,100658,"S","thumb_384_4659JMe47SeA4H29kvu6Uzvz.jpg"
11355,100658,"S","thumb_384_6678jjx7wcgBUb2dNdGgBfkL.jpg"
11356,100658,"S","thumb_384_0781yNwJU9VK5VYJWC7EIHXL.jpg"
11357,100659,"M","thumb_720_3660MOO9oFGb5jnH0oSVou1B.jpg"
11358,100659,"S","thumb_384_5369HCidzwILbOFSqUCPZcz4.jpg"
11359,100659,"S","thumb_384_2607V9cKayzLGHm0DmTzCryJ.jpg"
11360,100659,"S","thumb_384_8444ChqUhEulWRwJeHaEX1DW.jpg"
11361,100661,"M","thumb_720_4058SFKeb3pm9qC0DHqyaPr4.jpg"
11362,100661,"S","thumb_384_78069rmhYFoT2ujFogGnwAsz.jpg"
11363,100661,"S","thumb_384_4464eVQD2iTEkfUP3frMrldY.jpg"
11364,100661,"S","thumb_384_0772qJQmBvlj8d2RPWJk2aTC.jpg"
11365,100662,"M","thumb_720_9121WHfVOUHjpO6Tnr6MCpNF.jpg"
11366,100662,"S","thumb_384_3982yAb1OEF6SLxyHTstVfrg.jpg"
11367,100662,"S","thumb_384_4487jSglB2jwAfcXurADr1lx.jpg"
11368,100663,"M","thumb_720_0116Pz5XCucvy20swOrUh8th.jpg"
11369,100663,"S","thumb_384_3630wx9d3h89r4IlHRYkluyn.jpg"
11370,100663,"S","thumb_384_8289QQcC0AFitfrkTFpEUoSn.jpg"
11371,100663,"S","thumb_384_5888czE4iTAubqk7lTf6GaEv.jpg"
11372,100664,"M","thumb_720_293866AQc7aHTSE8HXHfxTHk.jpg"
11373,100664,"S","thumb_384_4315Af15abFQsqLruO0jog0r.jpg"
11374,100664,"S","thumb_384_9370daW0icHXIJ0tS5w6l4Qa.jpg"
11375,100664,"S","thumb_384_97991KElE2wzoymKeOm7mkgD.jpg"
11376,100665,"M","noimg.jpg"
11377,100666,"M","thumb_720_7930XD6EQNmgvqnEar49QrWH.jpg"
11378,100666,"S","thumb_384_8674xjtddxxyHBJqTxNeYMqC.jpg"
11379,100666,"S","thumb_384_8434ccQ3h0QBF2ZXDEw4EfDo.jpg"
11380,100666,"S","thumb_384_51743qOqZ807RelG8llmbVTX.jpg"
11381,100667,"M","thumb_720_2511dUsS9x8VUb3ud4UdZvxB.jpg"
11382,100667,"S","thumb_384_7118urN6b32BsaasLTozmipJ.jpg"
11383,100667,"S","thumb_384_20667cMcjuyGuIxhvQS6p3S7.jpg"
11384,100667,"S","thumb_384_29506cHta0uK2MBxWEBurkkm.jpg"
11385,100668,"M","thumb_720_9208ePi0i4Lt1lh9sQk3Z8IX.jpg"
11386,100668,"S","thumb_384_3964vKyUHemyxTeHBUvfasJN.jpg"
11387,100668,"S","thumb_384_58463V60oG5utDFEkroU7JSe.jpg"
11388,100668,"S","thumb_384_7444mcBUKNerwoNXVvzMRXKS.jpg"
11389,100669,"M","thumb_720_9172FmtFdrTJOuwsvAADV1gA.jpg"
11390,100669,"S","thumb_384_2504gV23sNWee0y0YU2Coiaj.jpg"
11391,100669,"S","thumb_384_4785NSbUfiEcDpYH1ZSvuxjD.jpg"
11392,100669,"S","thumb_384_9825k8crg8y6WXdHQjFwo0uO.jpg"
11393,100670,"M","thumb_720_7504Y73TzvpVHLPbTlNpFOFD.jpg"
11394,100670,"S","thumb_384_6158mNQGvrLmVw3XXi5eajoo.jpg"
11395,100670,"S","thumb_384_7747daq0vLdWbZ4MeoM6HJft.jpg"
11396,100670,"S","thumb_384_6005VSgt6a78f1Tat8lX5nru.jpg"
11397,100671,"M","thumb_720_6352qzYTmSmZMPcGnParC9L6.jpg"
11398,100671,"S","thumb_384_4381a1cNo96vMlU7pF2fvJaS.jpg"
11399,100671,"S","thumb_384_19707EqTKrCZ5QsnSHjcNNXJ.jpg"
11400,100671,"S","thumb_384_26962ucsoMHZtI5bBlVRZDX6.jpg"
11401,100672,"M","thumb_720_7755fYKKgUti2nCruE7t4tlB.jpg"
11402,100672,"S","thumb_384_0500e0s9xPT1y9o6yCuOiZpr.jpg"
11403,100672,"S","thumb_384_8236xOexbM8jyDeTBK2tEbmd.jpg"
11404,100672,"S","thumb_384_63865mAnApVoMzrCx9SIPiWE.jpg"
11405,100673,"M","thumb_720_4159XSsF3mPyuMOHG8J9a0mp.jpg"
11406,100673,"S","thumb_384_3560YCyqajjKEUBn6vt0X5Z3.jpg"
11407,100673,"S","thumb_384_2007ljaUTi1ydGie5GOCcxHT.jpg"
11408,100673,"S","thumb_384_3243MUabhCIVZsdgkXYZ5ljH.jpg"
11409,100674,"M","thumb_720_8314j7Oicf07qj5AGNUD1QKi.jpg"
11410,100674,"S","thumb_384_1064yF6NzHnvI4MTVnla3gEE.jpg"
11411,100674,"S","thumb_384_60570tjF4C3boNBlLNP75unI.jpg"
11412,100674,"S","thumb_384_3700l1WKJSlGog5EQUJYYMY5.jpg"
11413,100675,"M","thumb_720_8329AzRfBwavTjDSc1lsKcB8.jpg"
11414,100675,"S","thumb_384_972244wE6L15rzII3jtO7VXB.jpg"
11415,100675,"S","thumb_384_8540BQfGzzXcePse2j3Kzl2G.jpg"
11416,100675,"S","thumb_384_7293TVNBWD5OkrJlXy9lRE0o.jpg"
11417,100676,"M","thumb_720_3921YIrfwwWkuPrgQgrBvYqK.jpg"
11418,100676,"S","thumb_384_5140AyGjSfgZq5lg2kPZXPU5.jpg"
11419,100676,"S","thumb_384_1416yFMl9lbvnCBr6xYhZgCp.jpg"
11420,100676,"S","thumb_384_2855JWdwUr6gJmi2Gp3nu97n.jpg"
11421,100677,"M","thumb_720_7871S3rczQeV9mvQtaelSYEe.jpg"
11422,100677,"S","thumb_384_95747KCnqZSoKNsmGCGu9lj8.jpg"
11423,100677,"S","thumb_384_8374xVizR4yKkepbeG6z1DwO.jpg"
11424,100677,"S","thumb_384_7660oQAYS7AlQKLEGBp3lEfO.jpg"
11425,100678,"M","thumb_720_5712YhSkUQlTR8FSMjMCffdE.jpg"
11426,100678,"S","thumb_384_76452nBkMZBcyL9kKM49arS5.jpg"
11427,100678,"S","thumb_384_0508DpZ0hKdXmIbOUKJkQAaZ.jpg"
11428,100678,"S","thumb_384_3687Iow2fK1a8jSwZtLiRJW5.jpg"
11429,100679,"M","thumb_720_5497C3Xh7N8Pw4VHqvXNPzic.jpg"
11430,100679,"S","thumb_384_8324alIQPrSHiUOt2evmdFZw.jpg"
11431,100679,"S","thumb_384_8345aWwMeo7Ia1AmBYEQbTYr.jpg"
11432,100679,"S","thumb_384_6010Xg9URbQ4hJnNalOEY1pi.jpg"
11433,100680,"M","thumb_720_9414v3nyKZ4npaeMjXZNI59l.jpg"
11434,100680,"S","thumb_384_6331CL0iaTHjfMzpfZAzAlvj.jpg"
11435,100680,"S","thumb_384_66119ipB0YnEJC7QPrhwRIec.jpg"
11436,100680,"S","thumb_384_5934TU9p9U9IfRU7lzNcl7Or.jpg"
11437,100681,"M","thumb_720_5905PocASv3VRHGLJazfslhC.jpg"
11438,100681,"S","thumb_384_016951YtHv1m5GxfMTCJPHXQ.jpg"
11439,100681,"S","thumb_384_70408RQnREoX2Wk2gXgMVacK.jpg"
11440,100681,"S","thumb_384_4848NTjACWdMTrU9ZqsJfIiJ.jpg"
11441,100682,"M","thumb_720_2061M8xPf2Z4yf4yu0JXAMjm.jpg"
11442,100682,"S","thumb_384_9306HrBZomvUIgzBIiDbIMUU.jpg"
11443,100682,"S","thumb_384_0056LtCcR1TuH4zUony77LBj.jpg"
11444,100682,"S","thumb_384_175398pAWE3OT3oYveQALFuN.jpg"
11445,100683,"M","thumb_720_8468PnteQLyJMQ9v1l6vfCRv.jpg"
11446,100683,"S","thumb_384_5462BmPRPiMaolyt02JBuCaI.jpg"
11447,100683,"S","thumb_384_2340a3IrQ8NUyqBIWxucmj08.jpg"
11448,100683,"S","thumb_384_3723ZtkvHYhLDeHlUoOIjMQB.jpg"
11449,100684,"M","thumb_720_3657ZYfNyAZ0qmyukPof5Smf.jpg"
11450,100684,"S","thumb_384_8727fTHNSip2znR2UKxoq0RY.jpg"
11451,100684,"S","thumb_384_0590twHIXZpBpYjSqARQnXa9.jpg"
11452,100684,"S","thumb_384_4644b9s0QJCfYpd74OAisbgG.jpg"
11453,100685,"M","thumb_720_0168wkOT7aDrsrJOUNODbYxu.jpg"
11454,100685,"S","thumb_384_9571lPpSvcLnEoqeveIhrUx0.jpg"
11455,100685,"S","thumb_384_8894w4kAyAxvRPaGDF7cDmIz.jpg"
11456,100685,"S","thumb_384_6041lyebzDpMkAkrbCxM4O6R.jpg"
11457,100686,"M","thumb_720_2392syZd2ipN2HtRfEczHLV5.jpg"
11458,100686,"S","thumb_384_359250V1t7EDBwzHj8dyI16V.jpg"
11459,100686,"S","thumb_384_3257GKwZXPny1bfYQq9nIpIY.jpg"
11460,100686,"S","thumb_384_2574f2UKlCxoqsaJv1Zag3Wd.jpg"
11461,100687,"M","thumb_720_3931lQLgqXAHCaYINtgxscp5.jpg"
11462,100687,"S","thumb_384_3295hXzcg9q0xwb4R68gootm.jpg"
11463,100687,"S","thumb_384_9815TF6JhGQJG5xn51ihsg5s.jpg"
11464,100687,"S","thumb_384_1280jt0enLDSD2vDVuP4V0wR.jpg"
11465,100688,"M","thumb_720_1400OoR2SLXklg9ZiSG8yiiM.jpg"
11466,100688,"S","thumb_384_5083bads401tuapsL156adTL.jpg"
11467,100688,"S","thumb_384_0338W6xH543EHN1fugrj6UDb.jpg"
11468,100688,"S","thumb_384_5143cvXd5W7MMP277IhlBuF1.jpg"
11469,100689,"M","thumb_720_3776XlWhlTPYVae2waye3UCN.jpg"
11470,100689,"S","thumb_384_1179JVvmywupLcHALvUOWqoI.jpg"
11471,100689,"S","thumb_384_5482NRZ9iEUBAN76CKx1vdzN.jpg"
11472,100689,"S","thumb_384_5368v4PgWWbkY5AN2Hcj0VDf.jpg"
11473,100691,"M","thumb_720_1697fOf5DRtq4pFxN2R9aLDq.jpg"
11474,100691,"S","thumb_384_8679qwZU1d5inlv2Cqbr57Q5.jpg"
11475,100691,"S","thumb_384_68021C9B8y7Ue69FHkBNEnfI.jpg"
11476,100691,"S","thumb_384_6941PaoVgc0MxLDZSBxEddFE.jpg"
11477,100692,"M","thumb_720_2709A7HaOIaCaSPbLPrPmwcu.jpg"
11478,100692,"S","thumb_384_204954pvNXOBvCkZh6kUs4FT.jpg"
11479,100692,"S","thumb_384_2449ffCpuIZDLG3mZUtvWfIJ.jpg"
11480,100692,"S","thumb_384_8673uKGabtmP4NlnxxPOooIz.jpg"
11481,100693,"M","thumb_720_7617zENfwANBq4vX8dM8HvZ7.jpeg"
11482,100693,"S","thumb_384_50686bTySyYcBvcOHAYQkwz1.jpg"
11483,100693,"S","thumb_384_6187egqsqIzCTEIsP3wrhRh5.jpg"
11484,100693,"S","thumb_384_3707c0pkGsfez79pNe217Cmr.jpg"
11485,100694,"M","thumb_720_2188S86kALBDmcYZtInwOaT8.jpg"
11486,100694,"S","thumb_384_6410xS8yFa8to6AgLhH4UWnG.jpg"
11487,100694,"S","thumb_384_2938IQbYjCh7Xpn3Dm2L2m70.jpg"
11488,100694,"S","thumb_384_0023w58pttQEyqq37X7rHgQm.jpg"
11489,100695,"M","thumb_720_3295hzwU7c7NnEnstqWDDw6P.jpg"
11490,100695,"S","thumb_384_2674Rsb9VHDtghBCakKDEAXP.jpg"
11491,100695,"S","thumb_384_1609QdYJcEYxIBOGveN9Flwb.jpg"
11492,100695,"S","thumb_384_36561iRFfTCOS9Jsoy4SIsSr.jpg"
11493,100696,"M","thumb_720_32575MwZLlgBx9CEWpNeN7O0.jpg"
11494,100696,"S","thumb_384_9901aWuF3Hitaztikm819b3G.jpg"
11495,100696,"S","thumb_384_9973JfUdMZxuiEiqdk7YNkKI.jpg"
11496,100696,"S","thumb_384_7994DUXkpuCP7OoKjZbxwKIk.jpg"
11497,100697,"M","thumb_720_1558mGIxGjx3ae54BmV7mLYU.jpg"
11498,100697,"S","thumb_384_3113BdGN2ukkdPd7FJqb06EF.jpg"
11499,100697,"S","thumb_384_4870M9iIELBsZj61Quo5NF6L.jpg"
11500,100697,"S","thumb_384_3420YMCA05YSrUkTy4t8r7iY.jpg"
11501,100698,"M","thumb_720_3076L26XOyvpCy0h7t65OIu9.jpg"
11502,100698,"S","thumb_384_5900YhU364nnDpsqTwvstgn7.jpg"
11503,100698,"S","thumb_384_78504pvN8T6Btam2hxLZQDQd.jpg"
11504,100698,"S","thumb_384_8930LlhdJxafMoYsJKcAHTBo.jpg"
11505,100699,"M","thumb_720_2032yftonqz7iSjAybc8qaAV.jpg"
11506,100699,"S","thumb_384_7139fVIl3x3Uv6RaQq10wsj9.jpg"
11507,100699,"S","thumb_384_4798TrcdqVBAovTMxOFdWeah.jpg"
11508,100699,"S","thumb_384_8066qi1D49i3rD43oUn2UzUD.jpg"
11509,100700,"M","thumb_720_3626xWhsSzZC2UoLa8Cu2Kn8.jpg"
11510,100700,"S","thumb_384_4366wfsVJE9dyd0fIy8BTq9M.jpg"
11511,100700,"S","thumb_384_2346jsSIZtmTPEb5QRIOhIcl.jpg"
11512,100700,"S","thumb_384_46759cnNGmnb6NzfOzrzsjn7.jpg"
11513,100701,"M","thumb_720_5935mERHQ5TmVDvdcL17rbkb.jpg"
11514,100701,"S","thumb_384_3104YVNBUDQ928VxJZxNWmpo.jpg"
11515,100701,"S","thumb_384_39008Z0ijnT9IXcHYgYFLoSD.jpg"
11516,100701,"S","thumb_384_1810NCaDsCOZPVdUw030KeVr.jpg"
11517,100702,"M","thumb_720_7773OT0W4BlNKR3a9ZrL6cGS.jpg"
11518,100702,"S","thumb_384_0660nNNwfr66d92kl4SVhJH3.jpg"
11519,100702,"S","thumb_384_5833xqJPAG6oiYJm9qpXRUq9.jpg"
11520,100702,"S","thumb_384_3703cvVOkVa4oNFYZ93xDDlL.jpg"
11521,100703,"M","thumb_720_9326mMeWxtIxoBQ0Z1wnGWDn.jpg"
11522,100703,"S","thumb_384_7368LcPMu5l1FePxj2iUUjOx.jpg"
11523,100703,"S","thumb_384_4115lfNrhV446Bg4DWfAmUOH.jpg"
11524,100703,"S","thumb_384_7437LtrkUa9O85hdPrCBYmFr.jpg"
11525,100704,"M","thumb_720_3455yavJjzbNkRM0fR7yOVtb.jpg"
11526,100704,"S","thumb_384_8982rxhPK6e1HsWQ9tV3DiqD.jpg"
11527,100704,"S","thumb_384_0487CeLBQA2O0WBABtEimJ7r.jpg"
11528,100704,"S","thumb_384_5156cL9xOxNopQWDH8XE4NjF.jpg"
11529,100705,"M","thumb_720_2601BdxI12sKcA5hw5HTNAjX.jpg"
11530,100705,"S","thumb_384_6824DPeFORnaT3ILEPS9gc1v.jpg"
11531,100705,"S","thumb_384_4163nnJLL7WEqMQksTLoI6xp.jpg"
11532,100705,"S","thumb_384_0790dqYG8mRpswywgq9zqFJq.jpg"
11533,100706,"M","thumb_720_4547xij9229sO3IpT1tBaRQf.jpg"
11534,100706,"S","thumb_384_3997opKB982Ih5LP0y9OAAbX.jpg"
11535,100706,"S","thumb_384_6317SeTtYexJFxecmlYUK4V8.jpg"
11536,100706,"S","thumb_384_4440km3gMBkNCNikaT42XduG.jpg"
11537,100707,"M","thumb_720_21750gktpgi1CPgvzLpPY9ni.jpg"
11538,100708,"M","thumb_720_4251liscxvcCexUIdHCS2YoE.jpg"
11539,100708,"S","thumb_384_0759Sk4aJKEitRNDbxHMwomz.jpg"
11540,100708,"S","thumb_384_40615qRdX3ADPELmUlEkIIeV.jpg"
11541,100708,"S","thumb_384_3772QJAPhgAO6AsqEeKPw0aR.jpg"
11542,100709,"M","thumb_720_2649l2vNab9DmmnTVk3VkLJw.jpg"
11543,100709,"S","thumb_384_5488AAm0Pw2WFUy0zjv8bzOP.jpg"
11544,100709,"S","thumb_384_1152UVcgD7sfrLalpmtvzDvP.jpg"
11545,100709,"S","thumb_384_9128Gv5Uje1qt2t5pUBIf8S7.jpg"
11546,100710,"M","thumb_720_9276rhOQo4D2ywroLwLgU5jr.jpg"
11547,100710,"S","thumb_384_6934KNqKraF2OKKHfyxTom3H.jpg"
11548,100710,"S","thumb_384_87352yU5JCRlj9LNF0PzjEWM.jpg"
11549,100710,"S","thumb_384_8357yGJeKuIJERTw4YJThDcY.jpg"
11550,100711,"M","thumb_720_5614R5auu1idWuuWDx89S9kJ.jpg"
11551,100711,"S","thumb_384_8493tveWhQpGpnsMaJF4q5hM.jpg"
11552,100711,"S","thumb_384_9357FoQ11H4pRQkEOn7VnIzj.jpg"
11553,100711,"S","thumb_384_2050Ocdklc4CW8LQuDOymWJZ.jpg"
11554,100712,"M","thumb_720_8555gmLHM8zZ6DYgMZHolkUj.jpg"
11555,100712,"S","thumb_384_4044GwxkwncjIWfXIxuXmMDb.jpg"
11556,100712,"S","thumb_384_8221FoXMyP45GEWmrzAMokwA.jpg"
11557,100712,"S","thumb_384_8312hSW62TMOqPcpF2eIwqo6.jpg"
11558,100713,"M","thumb_720_3719LmCUij5gq3lthHwKcFEP.jpg"
11559,100713,"S","thumb_384_1639GSnmZpmqAjNGn2LjcTs9.jpg"
11560,100713,"S","thumb_384_3764RvKZ0x4XPeVKmTQZi0h4.jpg"
11561,100713,"S","thumb_384_7685BoRoaonzBEfgYmWlI1KZ.jpg"
11562,100714,"M","thumb_720_5479UjTwjlEBiX0a7C2uwRU8.jpg"
11563,100714,"S","thumb_384_9822avxMzIL5oKihLpNAeZx1.jpg"
11564,100714,"S","thumb_384_9875kweABiULDKc0rnWMHFLe.jpg"
11565,100714,"S","thumb_384_0130wknH7ZbLMwUExRsIXs3y.jpg"
11566,100716,"M","thumb_720_9556wYSKzzewXHQWnvHWmrYY.jpg"
11567,100716,"S","thumb_384_7438BKk2GFxF2siOEJE2nsRh.jpg"
11568,100716,"S","thumb_384_6580pG4TrGZzEO2utGFRURuz.jpg"
11569,100716,"S","thumb_384_6061HpJj4zKrt9ElxTUoymrT.jpg"
11570,100717,"M","thumb_720_5560CF6yOCq0JbpKY4cwvDeH.jpg"
11571,100717,"S","thumb_384_2599dGyNpeXAVoiKmW4FHqpq.jpg"
11572,100717,"S","thumb_384_4466FreN2wUZa46YovJj46j3.jpg"
11573,100717,"S","thumb_384_3198odE4sFoCd0KZnvT4Bytf.jpg"
11574,100718,"M","thumb_720_7929ABa65tUaBvBlGCQyQXsO.jpg"
11575,100718,"S","thumb_384_5885V63uq9NMpnoN3cuR22im.jpg"
11576,100718,"S","thumb_384_4737h3fqwLAjKOlp6ZjaBPix.jpg"
11577,100718,"S","thumb_384_7470XnSG3gttCwL1VpljwEAH.jpg"
11578,100719,"M","thumb_720_755897cm5hh0Khr9IiTXuJcA.jpg"
11579,100719,"S","thumb_384_9549a7DzgHxs6sd4votIpXuw.jpg"
11580,100719,"S","thumb_384_6615PWfeVHNUe0sWaQaaBMtQ.jpg"
11581,100719,"S","thumb_384_1018aynYwQZhXErLiWSLjBJR.jpg"
11582,100720,"M","thumb_720_90370rbb5nDZiVg2MCEnkG2a.jpg"
11583,100720,"S","thumb_384_4590zSGPqZDnrxGfoyXVoaEu.jpg"
11584,100720,"S","thumb_384_2423Ldciqq16TD1wThZAqc9y.jpg"
11585,100720,"S","thumb_384_3548kBNJnV4XtEsBO6s1pz21.jpg"
11586,100721,"M","thumb_720_2501R5kd2C2MmS370Qdb2F7V.jpg"
11587,100721,"S","thumb_384_4855gFslbf1W9zt6DYlYQtQf.jpg"
11588,100721,"S","thumb_384_2146uzndWAPONzbhPv03C7VF.jpg"
11589,100721,"S","thumb_384_1606osib8C8QNbrhi19Dy279.jpg"
11590,100722,"M","thumb_720_5235hDpLXONqEdKc2opdS1pl.jpg"
11591,100722,"S","thumb_384_4319eDDLjvMySdIIyF8snSJU.jpg"
11592,100722,"S","thumb_384_3596ZS015FCWnEAmvW0k2XUD.jpg"
11593,100722,"S","thumb_384_9644OzNPBsxJgKOxbMvkLlQk.jpg"
11594,100723,"M","noimg.jpg"
11595,100724,"M","thumb_720_6953QvhV6cXE7GXHu5nbUmRm.jpg"
11596,100724,"S","thumb_384_3421pbvyN3lvNhj8T4C043SN.jpg"
11597,100724,"S","thumb_384_1114gCbKQVu4Pn8LB4Ze8vju.jpg"
11598,100724,"S","thumb_384_8915oiU3qebkOGRpchtktfpv.jpg"
11599,100725,"M","thumb_720_6256G6ZPWSfWhA8uQ4tDBc2l.jpg"
11600,100725,"S","thumb_384_5906FTE2NK1TyZ0ELgOKxc3Z.jpg"
11601,100725,"S","thumb_384_4858Fp6mlHPY1Z7CYPM9NoJH.jpg"
11602,100725,"S","thumb_384_4377XW1nfP0NnThXx9RZNJj4.jpg"
11603,100726,"M","thumb_720_9703q7xAXnKjm9fBzH1ueRzI.jpg"
11604,100726,"S","thumb_384_2579HWyuOznx9fcd07AMSoEq.jpg"
11605,100726,"S","thumb_384_2856CR3NsRFMWdJQobufliQJ.jpg"
11606,100726,"S","thumb_384_2694pvJCHIA2pP4R9xRmKQf4.jpg"
11607,100727,"M","thumb_720_0737MYBFI6n4M5vsC9kIOdPl.jpg"
11608,100727,"S","thumb_384_8390LI7ciFIEAAsNyYOOXJFc.jpg"
11609,100727,"S","thumb_384_3939ayZIkMxfnlQW3l7wAS7V.png"
11610,100727,"S","thumb_384_4186EsSmL0sjDC05oHzRssX0.jpg"
11611,100728,"M","thumb_720_1784SQwMuj3WxiKTpMOyENXt.jpg"
11612,100728,"S","thumb_384_6819QCfcaFA8frjDLrMKcdue.jpg"
11613,100728,"S","thumb_384_5020au023508wuA0ze9W5ojS.jpg"
11614,100728,"S","thumb_384_1001NFyyUTHjzUvlRFiqSq9K.jpg"
11615,100729,"M","thumb_720_7714qWnrw430goqCTfKpbEfj.jpg"
11616,100729,"S","thumb_384_3161qNa2Vu6eDAkXcbL1gMRL.jpg"
11617,100729,"S","thumb_384_3744uXHaZUXLWJaUb27UbOdg.jpg"
11618,100729,"S","thumb_384_6804crdUPlC4WXdPSsd9QT0e.jpg"
11619,100730,"M","thumb_720_7262INHkQxZdvsLKZ4zjhmkd.jpg"
11620,100730,"S","thumb_384_9322jYJJ7Jzk53N6eHIX65Mn.jpg"
11621,100730,"S","thumb_384_85163NUWuu99O2qds2IKbL2O.jpg"
11622,100730,"S","thumb_384_2882iC7jIyF7bJXnpVRO0Kfa.jpg"
11623,100731,"M","thumb_720_5418Uw6jryRhQ2rbK7ehzD1P.jpg"
11624,100731,"S","thumb_384_8490sNayCcGSkYocGaKjU0Ze.jpg"
11625,100731,"S","thumb_384_2245H1Ez4i2fKXkVpWzNd6j8.jpg"
11626,100731,"S","thumb_384_89108me1W13nBgvLUDyYS1T0.jpg"
11627,100733,"M","thumb_720_3513lIcQt1bLVkpyZRsPwopO.jpeg"
11628,100733,"S","thumb_384_2341BZq78l73PptedwZlZcve.jpeg"
11629,100733,"S","thumb_384_7479tpp3fSBK1SmNzo2ZkULH.jpeg"
11630,100733,"S","thumb_384_5913mHX1cMG5afTTMJrHhtjn.jpeg"
11631,100734,"M","thumb_720_5006Vlb3fOiMT6QANWuQUm5f.jpg"
11632,100734,"S","thumb_384_5003cb2ImIGlNAlAT31xc89u.jpg"
11633,100734,"S","thumb_384_9207o6JcnUUFhJMWJzB2qAYk.jpg"
11634,100734,"S","thumb_384_9842ZveHoEAWQCPTys1o7sDt.jpg"
11635,100735,"M","thumb_720_6001Rk1OLhRXFPGzWgsycqGV.jpg"
11636,100735,"S","thumb_384_1662fmhOVH5aoo7xI4WvoTbY.jpg"
11637,100735,"S","thumb_384_3320C92hWnUdclzQhW1Qf2fi.jpg"
11638,100735,"S","thumb_384_9063CfMbletSW0XhYfDmlIxN.jpg"
11639,100736,"M","thumb_720_0491NXCiD1lujMW7inryOmdS.jpg"
11640,100736,"S","thumb_384_0853uUvlioPoExBd51EBbGYx.jpg"
11641,100736,"S","thumb_384_56877GcEVVze4ciIdA5Rw8fP.jpg"
11642,100736,"S","thumb_384_5413vzLUtfEx96kYE8FhTHDd.jpg"
11643,100737,"M","thumb_720_7192NIYKxrc5jIwnzzgow0vZ.jpg"
11644,100737,"S","thumb_384_0004C15rEmbs8BA5hCRQr45h.jpg"
11645,100737,"S","thumb_384_5534a4kCNd2KYUk90BGEZySG.jpg"
11646,100737,"S","thumb_384_01064IjtE2fC1qfCeaMYhr5K.jpg"
11647,100738,"M","thumb_720_05179GiNR8Y4DNnoWCiagQqF.jpg"
11648,100738,"S","thumb_384_5527MRvHuQgypgjVdkrEQQ9z.jpg"
11649,100738,"S","thumb_384_0053TYAVfGxFXJoVbuV8xsZI.jpg"
11650,100738,"S","thumb_384_3618HRjVOvxxhJ9G7r5mBCLA.jpg"
11651,100739,"M","thumb_720_9975hgvyO98XnIO6SzZBJfSZ.jpg"
11652,100739,"S","thumb_384_6115HQTWBQJPCAFNj9Fu6o6Z.png"
11653,100739,"S","thumb_384_1747fPhFhmN7fLbWD1HuZEmt.jpg"
11654,100739,"S","thumb_384_1883C1PultVMLBw3sVqEe0J1.jpg"
11655,100740,"M","thumb_720_5224Iujuzd9s0uAow1jCgRUC.jpg"
11656,100740,"S","thumb_384_2336D7F0sRQHcEuDRerjMBCm.jpg"
11657,100740,"S","thumb_384_1042e1hZdPIMdhYdmKE0WCPz.jpg"
11658,100740,"S","thumb_384_1002C5JtRZ1gOiNBddu9nCfp.jpg"
11659,100741,"M","thumb_720_1468BTvXgVPTvlnuixJbVD2o.jpg"
11660,100741,"S","thumb_384_6348g0svkotWyoUm0o5Nqpwr.jpg"
11661,100741,"S","thumb_384_4696ROBq4LITNMgEdG0sq2CY.jpg"
11662,100741,"S","thumb_384_8588T4XqSWFzHHHqrc5BYmLh.jpg"
11663,100742,"M","thumb_720_9128HA3UUVhAsE1SbtmSdfDJ.jpg"
11664,100742,"S","thumb_384_758457pFJDlk6ZBXARGBSLyN.jpg"
11665,100742,"S","thumb_384_9717zy0mRKHYzqvbX30dtsUq.jpg"
11666,100742,"S","thumb_384_7813Scl85rHMctzVoPEtAxA3.jpg"
11667,100743,"M","thumb_720_8365aviHP8h91npNmU0c500p.jpg"
11668,100743,"S","thumb_384_0951gczeFQSYc5xmiKqmbxIN.jpg"
11669,100743,"S","thumb_384_5429NaGPB5hAbjqRm3BKNpKT.jpg"
11670,100743,"S","thumb_384_7904WAwSS5kH6bdJBADJH6XH.jpg"
11671,100744,"M","thumb_720_6512VNGvj6tQ2efA6JgKHAfn.jpg"
11672,100744,"S","thumb_384_2013G8C3gbE9l0FFABt41mz0.jpg"
11673,100744,"S","thumb_384_29159HcbOtDM8YZcFBBqggow.jpg"
11674,100744,"S","thumb_384_5124blgZysyjX2CL0qdYzq67.jpg"
11675,100745,"M","thumb_720_5943zf3xgPgu4caShseGSoXM.jpg"
11676,100745,"S","thumb_384_0515cwgr8W5cKCoHJ7F6zzz6.jpg"
11677,100745,"S","thumb_384_7872AhdtAobL0BZR12hKQDLZ.jpg"
11678,100745,"S","thumb_384_7274AYi2WsdXvzqhXsPG8MKE.jpg"
11679,100746,"M","thumb_720_2515Qlh9BiNcxZBcUJ0kAruR.jpg"
11680,100746,"S","thumb_384_3895HZMa9TGam7KAJs7iH0Xy.jpg"
11681,100746,"S","thumb_384_7338u0gPCVuveFdKoqs6lfqh.jpg"
11682,100746,"S","thumb_384_4052NlLALGgEpc79aKghwXQL.jpg"
11683,100747,"M","thumb_720_8771WiUzgNHnXqyqrmRm7fOl.jpg"
11684,100747,"S","thumb_384_8052z2RVHf91FltE88sCl2xK.jpg"
11685,100747,"S","thumb_384_8334Nqx7yqiWZzphViGg0fqQ.jpg"
11686,100747,"S","thumb_384_2608q51nkaGYoiTizimD1bEN.jpg"
11687,100748,"M","thumb_720_1853Eu0oi00Y8Myk37OiPTf7.jpg"
11688,100748,"S","thumb_384_1290OYcfMZEpdelEBWlMnCpP.jpg"
11689,100748,"S","thumb_384_7592iraXm9Ln14Per4wRvLPX.jpg"
11690,100748,"S","thumb_384_5673cdhqI4VH2agupJmSdr8E.jpg"
11691,100749,"M","thumb_720_7166yysiZN99MqrfTextgY8M.jpg"
11692,100749,"S","thumb_384_0028GFsYUa5xWfg1PojqfGxr.jpg"
11693,100749,"S","thumb_384_6386XROxGaiJOMbsL723ny8t.jpg"
11694,100749,"S","thumb_384_9727dJni5QrPVJc50oCGSkYt.jpg"
11695,100750,"M","thumb_720_9293FC4HtRNtppciHwLvA0iP.jpg"
11696,100750,"S","thumb_384_7175cNCiLlRTb7BCAlKlcbAT.jpg"
11697,100750,"S","thumb_384_2292Qmjpaed1rQFjhEFendFF.jpg"
11698,100750,"S","thumb_384_0014VdskwvZeF0rZyLfRbfMC.jpg"
11699,100751,"M","thumb_720_1018TQZ7P9apJNRVIKmnDNyP.jpg"
11700,100751,"S","thumb_384_2733AHI8A25zRpQ2UPiE6erf.jpg"
11701,100751,"S","thumb_384_5574zI7Xmv5zuk6fbZ2rgvNA.jpg"
11702,100751,"S","thumb_384_7439v46nduwfKI87A0L3LAR6.jpg"
11703,100752,"M","thumb_720_8479XBDi0TVGoTgBzGBLvOdw.jpg"
11704,100752,"S","thumb_384_5374FkvXyaGP02H0fqJkHdzB.jpg"
11705,100752,"S","thumb_384_3595pPPZIbsT46l8BmzFXvLB.jpg"
11706,100752,"S","thumb_384_2333GwDFJEfwgYyhumqREPQT.jpg"
11707,100753,"M","thumb_720_1957yGi6MN8te6RJa6rg7S7R.jpg"
11708,100753,"S","thumb_384_5676E0IdF1Yp92DfG3XDmMak.jpg"
11709,100753,"S","thumb_384_5763qGvggKFW9hA63FyMC9Jd.jpg"
11710,100753,"S","thumb_384_0532m1PzewnjIQeqJsi39HsF.jpg"
11711,100754,"M","thumb_720_026325ZMJbkQ3cBasEhoV8Yb.jpg"
11712,100754,"S","thumb_384_8171DkQGja57ibZOQur2GxMz.jpg"
11713,100754,"S","thumb_384_4358KAa3quVYcScX5FOhAmNg.jpg"
11714,100754,"S","thumb_384_1364K7jDJ8xXA5QfckzR2V57.jpg"
11715,100755,"M","thumb_720_6415LO6gyzFfy62Ltcf2xZKz.jpg"
11716,100755,"S","thumb_384_38535yUm5tWZqbU6QKB0SU1k.jpg"
11717,100755,"S","thumb_384_1218bwwl30KnLOHGcrH8dYTc.jpg"
11718,100755,"S","thumb_384_9833F1xdyPyMD99b1mwgFK7f.jpg"
11719,100756,"M","noimg.jpg"
11720,100757,"M","thumb_720_9222pu2htyW0c4knVIkJnxb9.jpeg"
11721,100757,"S","thumb_384_9778yOHukof56rhaFt6WkqCu.jpg"
11722,100757,"S","thumb_384_5769EpAdqNKHmbnWlOheEwRW.jpg"
11723,100757,"S","thumb_384_7564dz5yYJG4rQ8LHs7KLNfq.jpeg"
11724,100758,"M","thumb_720_7496EKp2YYdzI5199p8ka6Vx.jpg"
11725,100758,"S","thumb_384_7521a5J593KrljUcR6ZubycL.jpg"
11726,100758,"S","thumb_384_8694C8g57CDZxvUUnCE6jE9h.jpg"
11727,100758,"S","thumb_384_9102o7NupzXBc99ZQ3k6MHQ0.jpg"
11728,100759,"M","noimg.jpg"
11729,100760,"M","thumb_720_1260FOzSW70nUyWGL8jDE03T.jpg"
11730,100760,"S","thumb_384_9013qMp5E08VfdGlVallcP69.jpg"
11731,100760,"S","thumb_384_4515n6LbgNV9io4IE0jHksQ3.jpg"
11732,100761,"M","noimg.jpg"
11733,100762,"M","noimg.jpg"
11734,100763,"M","thumb_720_1679t6r2XkiIVKXK2KXgIvWz.jpg"
11735,100763,"S","thumb_384_5662RqCSxo0snsyxJJlKn8F1.jpg"
11736,100763,"S","thumb_384_4283VCo5bHrSSmluOcZd18mV.jpg"
11737,100763,"S","thumb_384_1007GXyZsl39zI0IOwFyxZ5H.jpg"
11738,100764,"M","noimg.jpg"
11739,100765,"M","thumb_720_9711RlxR6Q5Ho9ho75h7ZoiL.jpg"
11740,100765,"S","thumb_384_5578zjfOmKdaqXBrSAw89z99.jpg"
11741,100765,"S","thumb_384_569557d3Ma6SxEV5aNR39eSf.jpg"
11742,100765,"S","thumb_384_9062Q2NMF4CQE4J7wG7JV3jc.jpg"
11743,100766,"M","thumb_720_2176W01hX6BEp22ZStdu0GDB.jpeg"
11744,100767,"M","thumb_720_3251wyrRNb1BWlPxfZI5nnqB.png"
11745,100767,"S","thumb_384_2963zVLUjsBIF91lWwwLQI8d.png"
11746,100767,"S","thumb_384_5344kPV1bgemFYX2HMrjaon2.png"
11747,100767,"S","thumb_384_8818tvbNqsI7fILPj8FAfYTo.png"
11748,100768,"M","noimg.jpg"
11749,100769,"M","noimg.jpg"
11750,100770,"M","noimg.jpg"
11751,100771,"M","noimg.jpg"
11752,100772,"M","thumb_720_3236I073LQjq21aivRJ9QHwN.jpg"
11753,100772,"S","thumb_384_2742Fd31ITTEsqBgb2IcXJUp.jpg"
11754,100772,"S","thumb_384_4979Ra5CEYlX6lWZ05pYz4MU.jpg"
11755,100772,"S","thumb_384_4164e17AVC5T67mLKhLzJ2WO.jpg"
11756,100773,"M","thumb_720_5096AevUr3J64XLoehHpGjd3.jpg"
11757,100773,"S","thumb_384_6455KBwAxoZpwrwMcqMaIp7J.jpg"
11758,100773,"S","thumb_384_6160ve6zR3cFq44LSsnlaN3S.jpg"
11759,100773,"S","thumb_384_7147TYFEuM5fFJm5mcaoQnYc.jpg"
11760,100774,"M","thumb_720_6683ZwV0lrHnToWy1tyHJ0oo.jpg"
11761,100774,"S","thumb_384_1967GJYBEXbJYMIP6lQWug09.jpg"
11762,100774,"S","thumb_384_6133RjfvXa5YOt3CtaHWaJc8.jpg"
11763,100774,"S","thumb_384_4035iV3bo2ZQUD5nC68mmSiW.jpg"
11764,100775,"M","noimg.jpg"
11765,100776,"M","thumb_720_6836XokRcvivNiPH5wFPsDrf.jpg"
11766,100776,"S","thumb_384_1884lo4ji5VITpSecDLfTSwk.jpg"
11767,100776,"S","thumb_384_6789K6dQplJYpZxlIkmdP0CP.jpg"
11768,100776,"S","thumb_384_0885I7USSQChwiB7ex70jkjx.jpg"
11769,100777,"M","noimg.jpg"
11770,100778,"M","noimg.jpg"
11771,100779,"M","noimg.jpg"
11772,100780,"M","noimg.jpg"
11773,100781,"M","noimg.jpg"
11774,100782,"M","noimg.jpg"
11775,100783,"M","thumb_720_2100CHOh2wLRlhtKTzVLbBvy.jpg"
11776,100783,"S",""
11777,100783,"S","thumb_384_9764NaVBDQfq8MFZzwcTvo5I.jpg"
11778,100783,"S","thumb_384_8647dxVYrocCmaAYtvuBrjPE.jpg"
11779,100784,"M","thumb_720_6772fUfYtmcGAuZ1TjEvVjbw.jpg"
11780,100784,"S","thumb_384_72339Uo8OBLcbxxRutxrsAWj.jpg"
11781,100784,"S","thumb_384_2713f6dkg8WLMNOum4sxQz2t.jpg"
11782,100784,"S","thumb_384_21864ow5EKsVXcGjHACo8Qg4.jpg"
11783,100785,"M","noimg.jpg"
11784,100786,"M","thumb_720_16554uYDAZ95tilEVbbSGP6g.jpg"
11785,100786,"S","thumb_384_584048eDSnAvxEXi3U8cbCZa.jpg"
11786,100786,"S","thumb_384_1393tAygqb735OpGDh7qKKae.jpg"
11787,100786,"S","thumb_384_2831A6qLBk3XrlFXGOQUTpXh.jpg"
11788,100787,"M","noimg.jpg"
11789,100788,"M","thumb_720_2410wVzEgCYWjBy2CrFfvUyO.jpg"
11790,100788,"S","thumb_384_2518rm4VofC4gAxG7HJzQ1JX.jpg"
11791,100788,"S","thumb_384_9843CU43oHsPp6pHZdEUyTuw.jpg"
11792,100788,"S","thumb_384_6141YI0pIrIuwy6NcqgsPWLw.jpg"
11793,100789,"M","noimg.jpg"
11794,100790,"M","thumb_720_0186LGvyPakM5ia5iiIrhbpd.jpg"
11795,100790,"S","thumb_384_9374JE3PfGEFyxgyIbNeM35Q.jpg"
11796,100790,"S","thumb_384_7758Q3Ypf26LnNbqQHuY5IJO.jpg"
11797,100790,"S","thumb_384_1492yW8spughy905ATFAnhln.jpg"
11798,100792,"M","noimg.jpg"
11799,100793,"M","noimg.jpg"
11800,100794,"M","thumb_720_2199TWTh56V1BUoiPebEg3bA.jpg"
11801,100794,"S","thumb_384_6220v0vMJ8p3i3KmfdctZP2x.jpg"
11802,100794,"S","thumb_384_7580GjsYobHVVqH3ehNn0Szx.jpg"
11803,100794,"S","thumb_384_4824UubI88Pm4xTluT6vNKqw.jpg"
11804,100795,"M","noimg.jpg"
11805,100796,"M","noimg.jpg"
11806,100797,"M","thumb_720_2314d35zWP2sKCsZy1dU589U.jpg"
11807,100797,"S","thumb_384_6195y5A2q8rXZUhEMEktWSma.jpg"
11808,100798,"M","thumb_720_1842GyOUkza8jCYLZBq9kEL8.jpg"
11809,100798,"S","thumb_384_4092uJ9pQm8uTTX7fd5uGK3r.jpg"
11810,100798,"S","thumb_384_9366XJaKc789iJHYUZfYenxB.jpg"
11811,100798,"S","thumb_384_9559m9uqegIDgYnRwd7fHws3.jpg"
11812,100799,"M","noimg.jpg"
11813,100800,"M","noimg.jpg"
11814,100801,"M","noimg.jpg"
11815,100802,"M","thumb_720_84835xPVCGPyYlvDvTrMTu2T.jpg"
11816,100802,"S","thumb_384_74029nNk1f0qzw4qhijtVZFp.jpg"
11817,100802,"S","thumb_384_9505Sc8odHV2v4ldqaAruMV3.jpg"
11818,100802,"S","thumb_384_1984gd898cyTnillXrY3TICN.jpg"
11819,100803,"M","noimg.jpg"
11820,100804,"M","thumb_720_4199jICXPdiNW9xZ9aOe6Wro.jpg"
11821,100804,"S","thumb_384_0665D6ms41L3M6LAolCyC7ZA.jpg"
11822,100804,"S","thumb_384_6973q75VeH3qjKCn0oORFufv.jpg"
11823,100804,"S","thumb_384_0447ZTg9DbUCINoSoFFi7NgV.jpg"
11824,100805,"M","noimg.jpg"
11825,100806,"M","noimg.jpg"
11826,100807,"M","thumb_720_1598g14zDXSqKhva4rxapBid.jpeg"
11827,100807,"S","thumb_384_5998rgAvLt6F2hHKBAwrYOkX.jpeg"
11828,100807,"S","thumb_384_21789RggSx4JzW7mo4KBYvP4.jpeg"
11829,100807,"S","thumb_384_1209oNH7PMoVdFrWUMzF17E8.jpeg"
11830,100808,"M","thumb_720_9717o0y9Va5B0ft8efXHXt1M.jpg"
11831,100808,"S","thumb_384_1586nJ56OSRyPE6RibOvzcx7.jpg"
11832,100808,"S","thumb_384_9723XKUGt99rsxFqKvQ7NRFf.jpg"
11833,100808,"S","thumb_384_5478LK8ByDCFLnrRbRVPvHWP.jpg"
11834,100810,"M","thumb_720_3252krtnjXPPOMGM1qncHMVj.jpg"
11835,100810,"S","thumb_384_85871SdXae2wXDlAAAbcit7j.jpg"
11836,100810,"S","thumb_384_6607aaSg6m5atbcPOsg3uyX4.jpg"
11837,100810,"S","thumb_384_2237XLYhpIoNJWWW0lXDuWEY.jpg"
11838,100811,"M","noimg.jpg"
11839,100812,"M","thumb_720_7461BXLT8apSq9JmOQf1Skz1.jpg"
11840,100812,"S","thumb_384_1020vQKvB6I5RqLhO5nD018T.jpg"
11841,100812,"S","thumb_384_3768vK0jBgKyYcAiILiKUKWa.jpg"
11842,100812,"S","thumb_384_8037mI06ZajmxzkEG6OnOAQ2.jpg"
11843,100813,"M","noimg.jpg"
11844,100814,"M","noimg.jpg"
11845,100815,"M","noimg.jpg"
11846,100816,"M","thumb_720_8727as4YQW3A4yPXc9yf8xBe.jpg"
11847,100816,"S","thumb_384_2581KSIUKIrVTO2jT6PVyDsY.jpg"
11848,100816,"S","thumb_384_1546BKwjTA1H5iaDbVkDDP21.jpg"
11849,100816,"S","thumb_384_6823w5jftbE1wcVIIhzRZvHq.jpg"
11850,100817,"M","thumb_720_36937oqX4OlyunfHDuHhIQd4.jpg"
11851,100817,"S","thumb_384_5895qiq17iu6o7qPWHxuh1lz.jpg"
11852,100817,"S","thumb_384_1636Pi9Xs2Sy4jtFwgmhaYYk.jpg"
11853,100817,"S","thumb_384_7212By7aZGaUOmS4r38nBulz.jpg"
11854,100818,"M","thumb_720_1439lzURPILiSe1pAZDC3u0h.jpg"
11855,100818,"S","thumb_384_5333SPrH2GurhwkGYqNqVz65.jpg"
11856,100818,"S","thumb_384_78504hsXHIPLuDsjls0DWCGc.jpg"
11857,100818,"S","thumb_384_5081fX8y0daGz0H6QjLNxItY.jpg"
11858,100819,"M","thumb_720_1622JzIfzSxsgS1v6q9X8RMR.jpg"
11859,100819,"S","thumb_384_1606Kj3lil3rIDaeqdGAoREk.jpg"
11860,100819,"S","thumb_384_4159uHYah1nVBQKCvzRWTpOI.jpg"
11861,100819,"S","thumb_384_3171XyAPL0xbmZrSkjK4MUEb.jpg"
11862,100820,"M","thumb_720_2383noARe1pzxjHjGr8FSvkm.jpg"
11863,100820,"S","thumb_384_49723aB5cCxNboBLHLhTmHY0.jpg"
11864,100821,"M","thumb_720_8391CgrB87HdHWDe3nmeGOsa.jpg"
11865,100821,"S","thumb_384_6128Pc07ybYA01zNOSo8Kozh.jpg"
11866,100821,"S","thumb_384_6268TzY0rO4XHVoUA8W66WO1.jpg"
11867,100821,"S","thumb_384_3522N38DVkdZGTwWGhc4TP6Q.jpg"
11868,100822,"M","thumb_720_65863fwf4ZBqvEriVpnGnySf.jpg"
11869,100822,"S","thumb_384_86950WGxOMhzZvKGniUBQCo7.jpg"
11870,100822,"S","thumb_384_2729KUbHiekjpsm7dDXiwN0y.jpg"
11871,100822,"S","thumb_384_0641QD3aKYXUpyQrwGTwHEpQ.jpg"
11872,100823,"M","noimg.jpg"
11873,100824,"M","thumb_720_4761J7YEABFH3rX3kaAdPRay.jpg"
11874,100824,"S","thumb_384_3940oeknwIl35NVsiWoWqt8e.png"
11875,100824,"S","thumb_384_9622Ndldqx2mywCsvGXbwzI9.jpg"
11876,100824,"S","thumb_384_6489rCvEfhiNXXJqCyz692EW.png"
11877,100825,"M","thumb_720_2145SHVkRfJ8UYRHPZMkdUo2.png"
11878,100825,"S","thumb_384_3517vCyqMCB3RDiQCyrYHiSj.jpg"
11879,100825,"S","thumb_384_7488Lwm2XqgyGgc3oeKwVevu.jpg"
11880,100825,"S","thumb_384_2667vOjN8w8bF2J0ivdFxHzp.jpg"
11881,100826,"M","thumb_720_5219tYkh27jcnpfNPpP4HZU6.jpg"
11882,100826,"S","thumb_384_7337KoPeIzoXqj1tr8hAM2Qt.jpg"
11883,100826,"S","thumb_384_4523n5kj6ZQ4Uljm6K6T3tW1.jpg"
11884,100826,"S","thumb_384_0908FHVH0RuYZqvkohOabkkv.jpg"
11885,100827,"M","thumb_720_3295HXF65ghViUstUyKvjd53.jpg"
11886,100827,"S","thumb_384_6804gsu60zQmUh5c9wlmFQ4I.jpg"
11887,100827,"S","thumb_384_2114KwhbAUe6YgCzKPXFl1mY.jpg"
11888,100827,"S","thumb_384_43582qcx7IPPjQgLrd9NoHgi.jpg"
11889,100829,"M","noimg.jpg"
11890,100830,"M","noimg.jpg"
11891,100831,"M","noimg.jpg"
11892,100832,"M","noimg.jpg"
11893,100833,"M","noimg.jpg"
11894,100834,"M","thumb_720_9023Z8Wc2UimUohzVIC28kCK.jpg"
11895,100834,"S","thumb_384_9750URVQd4xzhhE5LmpVC3qM.jpg"
11896,100834,"S","thumb_384_3338fb4UNoM6tsqjyrncWINe.jpg"
11897,100834,"S","thumb_384_0606Xp1rFFpB5e0in5aVQUlO.jpg"
11898,100835,"M","noimg.jpg"
11899,100836,"M","noimg.jpg"
11900,100837,"M","thumb_720_2165JMCNeIphpiyvaLinpAGt.jpg"
11901,100837,"S","thumb_384_1494Pr6ur97k1dRRDMi5sSXg.jpg"
11902,100837,"S","thumb_384_3341XV9SXm4sPorkiJR3cYFq.jpg"
11903,100837,"S","thumb_384_5959Gk0a46eOLY8U7646gEIP.jpg"
11904,100838,"M","thumb_720_8251Sma2Ug3UZVeCL3lSFAdj.jpg"
11905,100838,"S","thumb_384_9990uypTA1u9wNQhcNTGMTEt.jpg"
11906,100838,"S","thumb_384_4255QWWoUcncTAuPojRgw2UU.jpg"
11907,100838,"S","thumb_384_0249V9NK7mfQdqOz6keLOVBI.jpg"
11908,100839,"M","thumb_720_4004F9ifA7R4hC2RTSHrmb1d.jpg"
11909,100839,"S","thumb_384_9711igENyIIDhRhrkgC7kbaG.jpg"
11910,100839,"S","thumb_384_0140CTCo2rTFg1q2MIrl2uGe.jpg"
11911,100839,"S","thumb_384_1108bF0ut2VXmLA7X2gYPcnj.jpg"
11912,100840,"M","thumb_720_5152Yzlgyydszn1FuaactSjA.jpg"
11913,100840,"S","thumb_384_8943zeW2wb6khe5O1YRdC1Yv.jpg"
11914,100840,"S","thumb_384_5897uGIqwyItfycCsCiT8P7s.jpg"
11915,100840,"S","thumb_384_8798Nah1mbFN9MuU5lHn3YuH.jpg"
11916,100841,"M","noimg.jpg"
11917,100842,"M","noimg.jpg"
11918,100843,"M","thumb_720_55654VzV5PWHP5fScXbVY5ed.jpg"
11919,100843,"S","thumb_384_5175eu5F6AN6pXNipgiltnE9.jpg"
11920,100843,"S","thumb_384_8226ntvEi6AMmCnqYSdPUYTP.jpg"
11921,100843,"S","thumb_384_8937hVFT00nTyofpUvGpNA4y.jpg"
11922,100844,"M","thumb_720_5734TEqST9HEIpDZRygWlDeu.jpg"
11923,100844,"S","thumb_384_5422Cs5oLJfUswkbEsiT7jp6.jpg"
11924,100844,"S","thumb_384_9728ZqzRO94WZcxBQBoah3hP.jpg"
11925,100844,"S","thumb_384_9394Rf41ArOvaXv5iyByW3NY.jpg"
11926,100845,"M","noimg.jpg"
11927,100846,"M","thumb_720_6749Xevt0EZGR2KmgsjAS5UN.jpg"
11928,100846,"S","thumb_384_4524cfzjyT41GrkDwVArV0JB.jpg"
11929,100846,"S","thumb_384_1897a1u371Bsg1WW7gXFsKqa.jpg"
11930,100846,"S","thumb_384_5518itH9MY6O9O2NbX3rBgDq.jpg"
11931,100847,"M","noimg.jpg"
11932,100849,"M","thumb_720_54518zeghkwgJvsFzPpfAYuz.jpg"
11933,100849,"S","thumb_384_8391Zi0IiUgX1w2gPVojWxyz.jpg"
11934,100850,"M","noimg.jpg"
11935,100851,"M",""
11936,100851,"S",""
11937,100851,"S","thumb_384_78724zeBTSYeZgDD2YVEqOTb.jpg"
11938,100851,"S","thumb_384_2421J9w3wRlz54M6Bt9QUdPZ.jpg"
11939,100852,"M","noimg.jpg"
11940,100853,"M","thumb_720_9357U42E0iiL0BRUXtANqAYN.jpg"
11941,100853,"S","thumb_384_9194xJprf5DHjVkmMjO9TrwV.jpg"
11942,100853,"S","thumb_384_71654gNgDvvtv5MEd88WwOlq.jpg"
11943,100853,"S","thumb_384_9476i0kDm3ltx39MB9CaZbxE.jpg"
11944,100854,"M","thumb_720_2968bKb5100l6pfrRupHqQAt.jpg"
11945,100854,"S","thumb_384_602067BNuL0f3M1EoKDKIUmG.jpg"
11946,100854,"S","thumb_384_9150LdPQJjRIQpakEMl5xcM8.jpg"
11947,100854,"S","thumb_384_3441hsuBizy3D1V3YHowpac7.jpg"
11948,100855,"M","thumb_720_96178xeCK4qV8fMvIERovCU7.jpg"
11949,100855,"S","thumb_384_3664Ats32zWVKwly5djwSaum.jpg"
11950,100855,"S","thumb_384_4107ZSNeH3N3MwNkJEbYgI8O.jpg"
11951,100855,"S","thumb_384_4394Tr2QackBsl9NxGds1LHk.jpg"
11952,100856,"M","noimg.jpg"
11953,100857,"M","thumb_720_3201Oh021AxrmTfBysSrv6Ya.jpg"
11954,100857,"S","thumb_384_1873TTvPRWx4jRPcPOlLJ844.jpg"
11955,100857,"S","thumb_384_2580q4k6pn0Z4PCyH9sGHeTw.jpg"
11956,100857,"S","thumb_384_4591R6r2macixszjrH5jD5ym.jpg"
11957,100858,"M","thumb_720_8214Skw8AKpHCnGyKzzbvCG2.jpg"
11958,100858,"S","thumb_384_0246Blzmh6kF3vNsX55MtHM8.jpg"
11959,100858,"S","thumb_384_2165hpRCk5oH6AN6AJoXVMbN.jpg"
11960,100858,"S","thumb_384_4450PAmBOeiu2ZigVhJOe4hP.jpg"
11961,100859,"M","thumb_720_5728gTgkQgKMgTmD3LDAExSE.jpg"
11962,100859,"S","thumb_384_2113gAnn2Irf9nPjbcUUeMkl.jpg"
11963,100859,"S","thumb_384_23473clJLJUm2J9DPRKBIOkP.jpg"
11964,100859,"S","thumb_384_2035AsOdXDU5fOKMPjWn6fH4.jpg"
11965,100860,"M","noimg.jpg"
11966,100861,"M","thumb_720_9277jgtbAkI6SUqKiMSXkKe4.jpg"
11967,100861,"S","thumb_384_94861dUgNGJhQIEEMRVjIUeP.jpg"
11968,100861,"S","thumb_384_7955BtDAQB9hoRiGgiQRaBPZ.jpg"
11969,100861,"S","thumb_384_3808eRbLyy4OUaWkpREn807H.jpg"
11970,100862,"M","thumb_720_9359YDXntXFRZhuW7bX56Ymm.jpg"
11971,100862,"S","thumb_384_1306ZXtE1dMqALYi57rBmoP3.jpg"
11972,100862,"S","thumb_384_0336XSn1qnVqg1y8Jbyba1FU.jpg"
11973,100862,"S","thumb_384_7114wWGhbbXUG7kLpMzCoTb6.jpg"
11974,100863,"M","noimg.jpg"
11975,100864,"M","noimg.jpg"
11976,100865,"M","thumb_720_2104qz3JtnuupIxTikOWfwJS.jpg"
11977,100865,"S","thumb_384_97336QL6AjPrs5OE8jyhobsa.jpg"
11978,100865,"S","thumb_384_9192ybu4f6gDRK6LLhpxOBG6.jpg"
11979,100865,"S","thumb_384_6705XtC3xrsVffC1deY63n0j.jpg"
11980,100866,"M","noimg.jpg"
11981,100867,"M","noimg.jpg"
11982,100868,"M","thumb_720_4508KcqMDLu0pkcySW3D3u1Y.jpg"
11983,100869,"M","thumb_720_8133H9Wm0WLxtwV1F9TQaSZ5.jpg"
11984,100869,"S","thumb_384_0048S2S52qMWlDnkeu9wQCk8.jpg"
11985,100869,"S","thumb_384_6599Gmv7TzjcgJvUaCjAbWo5.jpg"
11986,100869,"S","thumb_384_65040JreKLKegjqPZpQ7fI9D.jpg"
11987,100870,"M","noimg.jpg"
11988,100871,"M","noimg.jpg"
11989,100872,"M","noimg.jpg"
11990,100873,"M","noimg.jpg"
11991,100874,"M","thumb_720_0838ojz6D782nkUZ9hx53mjQ.jpg"
11992,100874,"S","thumb_384_6194OGnRV7AehzZ2aBGGDk2A.jpg"
11993,100874,"S","thumb_384_4922J3qZIkM1445K7R8tfSfe.jpg"
11994,100874,"S","thumb_384_3057FWdBRHkzHVxhwHxq6oLU.jpg"
11995,100875,"M","thumb_720_9534JCZGQAvrx4XnBQ8VxB2L.jpg"
11996,100875,"S","thumb_384_3576uLZ5pxbdQsM6iAqvDxz9.jpg"
11997,100875,"S","thumb_384_8047Rsf3ZsbxlknK7jwp3TWD.jpg"
11998,100875,"S","thumb_384_7313f05P7iU2TZDAuQhateua.jpg"
11999,100876,"M","thumb_720_6571Px5eBQ3WL52npbIFo3jR.jpg"
12000,100876,"S","thumb_384_69415adHSjNWSdlT78A7ICib.jpg"
12001,100876,"S","thumb_384_5636ZDPwMzpWTzX2rhXDHtns.jpg"
12002,100876,"S","thumb_384_7430atTKxUdD4K4c9GSL0DnK.jpg"
12003,100877,"M","thumb_720_9693R4AyTTnhod7TTYoRJOQi.jpg"
12004,100877,"S","thumb_384_6766S4ntgGzYeqSBO9otlqOL.jpg"
12005,100877,"S","thumb_384_2045fnXMOCOVJQsqu0vbVL3n.jpg"
12006,100877,"S","thumb_384_0998SkkguBTDFHyX970vjsSt.jpg"
12007,100878,"M","thumb_720_5758pNiqwUBLuPxC0ykrfwJZ.jpg"
12008,100878,"S","thumb_384_0086PK7WP94MytkNklTJOSz4.jpg"
12009,100878,"S","thumb_384_1435p3FalySQtzvhO2Hy4Vv8.jpg"
12010,100878,"S","thumb_384_6911Hj0X2j4y5CxgyYjy5kPW.jpg"
12011,100879,"M","thumb_720_9443mIyWpVpYgAUT0FhMajJM.jpg"
12012,100879,"S","thumb_384_8224ytcXObASwXgU1402l8aa.jpg"
12013,100879,"S","thumb_384_6909AoTdjkVKW22kFT8cU7bD.jpg"
12014,100879,"S","thumb_384_7242cm9O6pyrtWTyyghSkMTm.jpg"
12015,100880,"M","noimg.jpg"
12016,100881,"M","thumb_720_9318Xrti2vrFQoYdy5xQ2yFT.jpg"
12017,100881,"S","thumb_384_8628jl8iBR1XVPJbHRCt8qlV.jpg"
12018,100881,"S","thumb_384_1112NRRBYazDtEVRZbV974Ou.jpg"
12019,100881,"S","thumb_384_5814pjBI1neis0PP5oibCdjy.jpg"
12020,100882,"M","noimg.jpg"
12021,100883,"M","noimg.jpg"
12022,100884,"M","thumb_720_72996ib1LxM7W794XfVSGbPX.jpg"
12023,100884,"S","thumb_384_6507CL41d5Iv6Fjtp13oBPbb.jpg"
12024,100884,"S","thumb_384_7725SR94JyHZOz0IKTCVLoJa.jpg"
12025,100884,"S","thumb_384_5401epsN8Q3gGHl2P2QOHp3M.jpg"
12026,100885,"M","thumb_720_3916f7oiLLB5BQ4anhxS9jnw.jpg"
12027,100885,"S","thumb_384_85135FMURWvCFVbyprzycNAk.jpg"
12028,100885,"S","thumb_384_03694FJCchCRS1yzVfOO306s.jpg"
12029,100885,"S","thumb_384_2979xM2QBvBuW3CmQdq4Pzwz.jpg"
12030,100886,"M","thumb_720_3280bJRp9RvmOApNVjQQY7Sh.jpg"
12031,100886,"S","thumb_384_75217nVVLWH2SJ6tlrmbtpW3.jpg"
12032,100886,"S","thumb_384_5371KIhZxvUQafRDFQdZzhdi.jpg"
12033,100886,"S","thumb_384_5990YI3yfbulLdkdp7ogEIEx.jpg"
12034,100887,"M","noimg.jpg"
12035,100888,"M","noimg.jpg"
12036,100889,"M","noimg.jpg"
12037,100890,"M","thumb_720_7742leLNwTn4d28ib9QHE1qx.jpg"
12038,100890,"S","thumb_384_5847jUSlHEuh8Im0kV7loIwi.jpg"
12039,100890,"S","thumb_384_9412Gy1OMsvs8ZVPksCe7BbB.jpg"
12040,100890,"S","thumb_384_1802g4PieNTe4OBaVx8s4Qaf.jpg"
12041,100891,"M","thumb_720_1638W5HFjNnH8g4C0V3fP2Kd.jpg"
12042,100891,"S","thumb_384_0810KY2HtaJm7ak4A4GqMTEh.jpg"
12043,100891,"S","thumb_384_11550kpixD9mCn6HGfSZz8aF.jpg"
12044,100891,"S","thumb_384_5527nZfdRh2jkrUGsOp3nuGx.jpg"
12045,100892,"M","thumb_720_2611uOv2dt8OfNT0jH2tfxpG.jpg"
12046,100892,"S","thumb_384_9828Z65LoB60eXjNXeUnHQTt.jpg"
12047,100892,"S","thumb_384_3767RxWTSQHJGO8271aJwPbB.jpg"
12048,100892,"S","thumb_384_3889y5as9bNdop3zyxloeAWz.jpg"
12049,100893,"M","thumb_720_94379Acskfci6a3EJivaO54Z.jpg"
12050,100893,"S","thumb_384_1827h7qeL1ya9OQjMNORZOdm.jpg"
12051,100893,"S","thumb_384_99881dcvWhsQsKh9SBBfnGD2.jpg"
12052,100893,"S","thumb_384_2509WjSuPTGKIRDMyqBbvA8f.jpg"
12053,100894,"M","noimg.jpg"
12054,100895,"M","thumb_720_0045OZnt0Jh1e5FeBd1pkSkZ.jpg"
12055,100895,"S","thumb_384_4662QeGgWLqqq99fu1dOiyjO.jpg"
12056,100896,"M","thumb_720_6135946AFpKMyn4qhTyEh0vl.jpg"
12057,100896,"S","thumb_384_0378EtXOjWW47Elk54ahCE4S.jpg"
12058,100896,"S","thumb_384_3295TRejP8URPICsJpxMM30m.jpg"
12059,100896,"S","thumb_384_1512s7RXhYu5SsysZOyxTcS7.jpg"
12060,100897,"M","thumb_720_5555kU022uPZJsJlV3QlIwZd.jpg"
12061,100897,"S","thumb_384_8800sOnrUZyvyZLlwYpcHnsP.jpg"
12062,100897,"S","thumb_384_7225G65lSkPoy60XErO6Jwbj.jpg"
12063,100897,"S","thumb_384_8650WSNZ41czeFYwi5lpBKb6.jpg"
12064,100898,"M","noimg.jpg"
12065,100899,"M","thumb_720_4980vT7fKXzi4b8hrCt3htzy.jpg"
12066,100899,"S","thumb_384_25008aTj1SliNUaVTcnLOZGO.jpg"
12067,100899,"S","thumb_384_3874SDhnYeJoUtwekaqOZIkA.jpg"
12068,100899,"S","thumb_384_8922RrEfNK1eB05nK6oSW2Y3.jpg"
12069,100900,"M","thumb_720_2366193n2TOPITDi4J5tFzPV.jpg"
12070,100900,"S","thumb_384_6488gHfLyYijtAYmBF6CLsJm.jpg"
12071,100900,"S","thumb_384_6412FiNKgp7gJVSyWCOGDFC1.jpg"
12072,100900,"S","thumb_384_81289SfXGK4PT3sgyAxk70SA.jpg"
12073,100901,"M","thumb_720_3833ydtrfNzO27pNaWRsKyiz.jpg"
12074,100901,"S","thumb_384_2227ysEfzgu2rDp67OkreHrS.jpg"
12075,100901,"S","thumb_384_2692y5e0mqa5CKimbhOBEYCJ.jpg"
12076,100902,"M","thumb_720_1966qYMr6d4Y5Wjb3u036e5t.jpg"
12077,100902,"S","thumb_384_6555IcWgDjqiOtC703ZseXVr.jpg"
12078,100902,"S","thumb_384_2999dveDPUIIeYAPI7vYlvlo.jpg"
12079,100902,"S","thumb_384_31777K6BrMkg3KZ8JuRkpZQL.jpg"
12080,100903,"M","thumb_720_4294PHYkOrncfUoMlGNRsyYR.jpg"
12081,100903,"S","thumb_384_9824GLMfy437kcx86bPe0Izx.jpg"
12082,100903,"S","thumb_384_6802PPihLaeHU9SayfZl9eLL.jpg"
12083,100903,"S","thumb_384_1866Vu289ZPFaEfNfyHII5sU.jpg"
12084,100904,"M","noimg.jpg"
12085,100905,"M","thumb_720_6578WktEmh4mFYCflSG2jZoU.jpg"
12086,100905,"S","thumb_384_455917foLtfNzAFtdlxbzCLr.jpg"
12087,100905,"S","thumb_384_5647ZFtp4Kk2C3dMHbmQM8Nd.jpg"
12088,100905,"S","thumb_384_9379Vdjrn6LWB2zdXfpVWf8J.jpg"
12089,100906,"M","noimg.jpg"
12090,100907,"M","thumb_720_9887rMWzLI2PKg8Fuo26DbsA.jpg"
12091,100907,"S","thumb_384_59228HLeu4iBYarwLrq71CaO.jpg"
12092,100907,"S","thumb_384_3760q8eS681ofAhozTJxtT2H.jpg"
12093,100907,"S","thumb_384_3236HHxOSHBy06z2sh4cTb82.jpg"
12094,100908,"M","noimg.jpg"
12095,100909,"M","thumb_720_1969OTui7jFDcsuvA3kfXiuT.jpg"
12096,100909,"S","thumb_384_91518sRKFUxBIF4yqKKGhnJE.jpg"
12097,100909,"S","thumb_384_7983EE0AbImsZDPzgkvhAJZU.jpg"
12098,100909,"S","thumb_384_3864bSE1Yws6KurcBCblviw8.jpg"
12099,100910,"M","noimg.jpg"
12100,100912,"M","noimg.jpg"
12101,100913,"M","noimg.jpg"
12102,100914,"M","noimg.jpg"
12103,100915,"M","noimg.jpg"
12104,100916,"M","noimg.jpg"
12105,100917,"M","thumb_720_8775odXC8CPt0Ae6bR7NnndM.jpg"
12106,100917,"S","thumb_384_77103Etu6sVcdjvGcc7GPCAi.jpg"
12107,100917,"S","thumb_384_3323R0mCDZ06cKkyJXThtqt4.jpg"
12108,100917,"S","thumb_384_5785QEZPzYOxVveuaFrl0G5t.jpg"
12109,100918,"M","thumb_720_2677Cm9WwXnlWIx56Eq0fHJB.jpg"
12110,100919,"M","noimg.jpg"
12111,100920,"M","noimg.jpg"
12112,100921,"M","thumb_720_3791O3zTVts8uJtYfi4b6zRo.jpg"
12113,100921,"S","thumb_384_5043hdmgNra0ijLrbxQo0Wcw.jpg"
12114,100921,"S","thumb_384_8261Lc8n4PJKEv6MRrHqBwDH.jpg"
12115,100921,"S","thumb_384_5068spQ9QGC6afe8qXSWbIov.jpg"
12116,100922,"M","thumb_720_6591Rk5fBtvCTwJTT9IgSh7f.jpg"
12117,100922,"S","thumb_384_76154aFe6ivXYXbfKUE1yuVi.jpg"
12118,100922,"S","thumb_384_3551zKJ1hiRzzzOW0IfCAUS4.jpg"
12119,100922,"S","thumb_384_7791YlKP2xUgZEsba9TqQLJ2.jpg"
12120,100923,"M","thumb_720_6501fkopycqEyEtX1zSVUggM.jpg"
12121,100923,"S","thumb_384_8288lH504bd7T0IzjifDzepb.jpg"
12122,100923,"S","thumb_384_7163DcpdhLstIcHuDlF6JWHX.jpg"
12123,100923,"S","thumb_384_8709HT5USTlLdMXXXtCCf1uF.jpg"
12124,100924,"M","noimg.jpg"
12125,100925,"M","noimg.jpg"
12126,100926,"M","noimg.jpg"
12127,100927,"M","noimg.jpg"
12128,100928,"M","noimg.jpg"
12129,100929,"M","thumb_720_8721ZvpYgqal4pWzsVjZmHfP.jpg"
12130,100929,"S","thumb_384_5371m6yUXsgHRTNAsGGIhdFE.jpg"
12131,100929,"S","thumb_384_5944bTLDhreOWhcflfT7GNqP.jpg"
12132,100929,"S","thumb_384_7700qTV32QzXYrvvTmLnp4lM.jpg"
12133,100930,"M","noimg.jpg"
12134,100931,"M","thumb_720_2524l03KlhaEDgBG2Er9Cv1t.jpg"
12135,100931,"S","thumb_384_09502eLokn46R9b1mKKxBuIs.jpg"
12136,100931,"S","thumb_384_8969gq5vw5H2mxnoQ88deka8.jpg"
12137,100931,"S","thumb_384_3618o21o7iLGUo8ekrQkXkMg.jpg"
12138,100932,"M","noimg.jpg"
12139,100933,"M","noimg.jpg"
12140,100934,"M","noimg.jpg"
12141,100935,"M","noimg.jpg"
12142,100936,"M","thumb_720_97668p0IlSD3Ho5BVxOP24sV.jpg"
12143,100936,"S","thumb_384_2182bnbjdHGcd1cCQg9mFZ6P.jpg"
12144,100936,"S","thumb_384_68637dyxMmWLvehC953eiw8A.jpg"
12145,100936,"S","thumb_384_57301mnr3u2NyKIBCneljf7n.jpg"
12146,100937,"M","noimg.jpg"
12147,100938,"M","thumb_720_6416LAxKPlTVsLvyAbGIKMCo.jpg"
12148,100938,"S","thumb_384_5940PvvOhNXdBChGuIRWmff2.jpg"
12149,100938,"S","thumb_384_2055EElpEbuwpPntrNxOeNY8.jpg"
12150,100938,"S","thumb_384_1228ONn4pG710qxOS0f5G3dj.jpg"
12151,100939,"M","noimg.jpg"
12152,100940,"M","thumb_720_7848fzQLvYQHWDESbVMyUe89.jpg"
12153,100940,"S","thumb_384_8177GH3wSKC2tmPcdAeqb7Gu.jpg"
12154,100940,"S","thumb_384_3391rhaIqqYuBHiUmdoQEq3z.jpg"
12155,100940,"S","thumb_384_3135Ig0uWCU9Jq92trWoRMjM.jpg"
12156,100941,"M","noimg.jpg"
12157,100942,"M","thumb_720_9934J9dX1IXV5URZ0xsNTkL7.jpg"
12158,100942,"S","thumb_384_2071yYt5jsEG3DnTI7104NEz.jpg"
12159,100942,"S","thumb_384_3012acEYr5EbVv7BkngADwYX.jpg"
12160,100942,"S","thumb_384_7383RhB4uVxKV4GZVS5H3MKR.jpg"
12161,100943,"M","thumb_720_1564EFj5VqYizLCBcPdz8UMs.jpg"
12162,100943,"S","thumb_384_0378S1Tdm5XZIkj5WPQpVU9u.jpg"
12163,100943,"S","thumb_384_7775OsJEwn2x5af3iMFePOQg.jpg"
12164,100944,"M","thumb_720_2726JQ33SBpSWKyZASIoZJLb.jpg"
12165,100944,"S","thumb_384_0857k0FRgwhhX9LPIHSC08zG.jpg"
12166,100944,"S","thumb_384_4908MoUYRy3cddNMAk4AKWPM.jpg"
12167,100944,"S","thumb_384_8470szi7x10wsUlDdyBZSsjY.jpg"
12168,100945,"M","thumb_720_3554kv0f5hR0SV6XhCr6RD2y.jpg"
12169,100945,"S","thumb_384_0622A1SqnDsAyo1dIydee7Mx.jpg"
12170,100945,"S","thumb_384_9681hl5mRsbKBTnLZr75otVq.jpg"
12171,100945,"S","thumb_384_4375xmFbMKHPTCmATfxHHwsM.jpg"
12172,100946,"M","noimg.jpg"
12173,100947,"M","thumb_720_4375noxwTDKEW6NBS1iaxlCD.jpg"
12174,100947,"S","thumb_384_5301VazYCoUX83rAw7uWCFOZ.jpg"
12175,100947,"S","thumb_384_85256JTMzM0hgbk5mhjGulBV.jpg"
12176,100947,"S","thumb_384_2762RRUgUdyrXEDKt32m7hkB.jpg"
12177,100948,"M","noimg.jpg"
12178,100949,"M","thumb_720_4614PubYxxWowVrV6pHLMDiQ.jpg"
12179,100949,"S","thumb_384_79264feHABgDlDvJAUoOswkt.jpg"
12180,100949,"S","thumb_384_29156EAhYQvHOohn1fH74ElI.jpg"
12181,100949,"S","thumb_384_6774iRJ4k0DP1VnB61xXJ2Go.jpg"
12182,100950,"M","thumb_720_0917SX5Tc5u8rqiUhFIMbBrH.jpg"
12183,100950,"S","thumb_384_9111lxCRro1LuJgZCnj2ELdf.jpg"
12184,100950,"S","thumb_384_7702Gd0c3n0LSrpdUWn4bk50.jpg"
12185,100950,"S","thumb_384_8569DKBQ51Sh5Kr7bHAnrvzw.jpg"
12186,100951,"M","noimg.jpg"
12187,100952,"M","thumb_720_4102OdkHUg4pFrsW18RcGNZl.jpg"
12188,100952,"S","thumb_384_9400wAvNxmP7VWuVaTIf4aXG.jpg"
12189,100952,"S","thumb_384_1138SgZRRwNkDGRIn3KTuaVW.jpg"
12190,100952,"S","thumb_384_3358pdfvnfu8B9Z37eTDxsii.jpg"
12191,100953,"M","thumb_720_8176CQZn87lKqcxQR3yaIIMA.jpg"
12192,100953,"S","thumb_384_4699U4VJrl6Q9PAyS2QaBPR8.jpg"
12193,100953,"S","thumb_384_1540hcNv2Ah7Dtuo0T2MCrnL.jpg"
12194,100953,"S","thumb_384_7356YVuXa4ZSM67weHwKyreu.jpg"
12195,100954,"M","thumb_720_1545cn9XwaAFPH9NtwKs0QcK.jpg"
12196,100954,"S","thumb_384_5344m7OMTWTRCj5JTO6X1BQd.jpg"
12197,100954,"S","thumb_384_8398Md1Hvq0vuEoZ4zLYX9fO.jpg"
12198,100954,"S","thumb_384_3204Rfy0KcwiYaWGWwBaiALQ.jpg"
12199,100955,"M","noimg.jpg"
12200,100956,"M","noimg.jpg"
12201,100957,"M","thumb_720_61461Tg1ZOPNjbdeaIwVxYGv.jpg"
12202,100957,"S","thumb_384_8436TMuvXBa58ejMsSiwyJVX.jpg"
12203,100957,"S","thumb_384_4157tbiLfqOJPgcJ0sZln6CV.jpg"
12204,100957,"S","thumb_384_1970VF9EnZrFRKtuRXfHz19z.jpg"
12205,100958,"M","noimg.jpg"
12206,100959,"M","noimg.jpg"
12207,100960,"M","noimg.jpg"
12208,100961,"M","thumb_720_4104b50T4otWyzl3cU3dXz6h.jpg"
12209,100961,"S","thumb_384_9271SaqYytoTdfnwxTrlBLq1.jpg"
12210,100961,"S","thumb_384_5171d7mqCF7iCLwpE7Q83o5A.jpg"
12211,100961,"S","thumb_384_4555YokXajLbuLxBdRaKZr1V.jpg"
12212,100962,"M","thumb_720_7367fHDMiq7ENaC2RHFT0maC.jpg"
12213,100962,"S","thumb_384_8995gpk5W4dz9O6k7DL37LKS.jpg"
12214,100962,"S","thumb_384_0037aHHbO6tOoyen6eSE8Br0.jpg"
12215,100962,"S","thumb_384_8150xpM0IQ9UsUZ9oa1dtum9.jpg"
12216,100963,"M","thumb_720_0190witS7iigmAcOJjwBywNo.jpg"
12217,100963,"S","thumb_384_5391Bbe6K651rehYzblAKxHt.jpg"
12218,100963,"S","thumb_384_8886VAHdawTUk9hML1eujim2.jpg"
12219,100963,"S","thumb_384_3361zzVTsl8T4LMAhsWmdRTX.jpg"
12220,100964,"M","thumb_720_7817oVXfb5iWHdI6S1tHIkDt.jpg"
12221,100964,"S","thumb_384_7581YNiVr1SJmhyJhsRib5GF.jpg"
12222,100964,"S","thumb_384_9601T1sL4CQlQksj6wvwzKSW.jpg"
12223,100964,"S","thumb_384_6406ApNnK40T86V3e27pAoNd.jpg"
12224,100965,"M","noimg.jpg"
12225,100966,"M","thumb_720_8865bFEKD0clEd69PGtCbRh4.jpg"
12226,100966,"S","thumb_384_87289OiseAjM6w2UyG081ANP.jpg"
12227,100966,"S","thumb_384_2235oh0tGMjYRdA7VOrElUyI.jpg"
12228,100966,"S","thumb_384_1679TusMKZ0E3vjZiiXWt7Mn.jpg"
12229,100967,"M","thumb_720_0466bYIG3yUfBZE2aYPDKtom.jpg"
12230,100967,"S","thumb_384_9142yh0woN1qwoBzlQI5mgyU.jpg"
12231,100967,"S","thumb_384_0481jwibuiCmXs9bNdAR3FMT.jpg"
12232,100967,"S","thumb_384_8503zyKroVCFXkoOIrZyAb18.jpg"
12233,100968,"M","noimg.jpg"
12234,100969,"M","thumb_720_8419TV43CJuoLkUUNs3BLLwD.jpg"
12235,100969,"S","thumb_384_82086dZDJBkqt7t7b19A5H3g.jpg"
12236,100969,"S","thumb_384_2357OIb4mCg3zOQ1N0uh6o3W.jpg"
12237,100969,"S","thumb_384_2875FdIZLlvPsyDu5pktL851.jpg"
12238,100970,"M","thumb_720_0509O8NbjMJpIyiuPReAWT0u.jpg"
12239,100970,"S","thumb_384_38922hjI7QF2maeYUtSmmNfK.jpg"
12240,100970,"S","thumb_384_6846bvUhkayTNTXm1lhj0pIm.jpg"
12241,100970,"S","thumb_384_7728o9BOrTW0HMxCFsjhCEZb.jpg"
12242,100971,"M","noimg.jpg"
12243,100972,"M","noimg.jpg"
12244,100973,"M","noimg.jpg"
12245,100974,"M","thumb_720_3016Fn7PtGpyDgbSq8tnEWHy.jpg"
12246,100974,"S","thumb_384_8860CiZU6KFaR0fJdNvRXDCV.jpg"
12247,100974,"S","thumb_384_5020Jptz22jrDZi9V2Z1vqqF.jpg"
12248,100974,"S","thumb_384_84093Yg2hpg1Rc69nAWbZHQ8.jpg"
12249,100975,"M","noimg.jpg"
12250,100976,"M","thumb_720_9774Tx5fNrzu9WbTjfTXHFqd.jpg"
12251,100977,"M","noimg.jpg"
12252,100978,"M","noimg.jpg"
12253,100979,"M","noimg.jpg"
12254,100980,"M","thumb_720_7084hIRjUz2YTazIEcKqJgOM.jpg"
12255,100980,"S","thumb_384_5052us4V4eoeYjQg6CvL6aZr.jpg"
12256,100980,"S","thumb_384_4579BTrPIRot9cLAbKXYTPB8.jpg"
12257,100980,"S","thumb_384_6803bWbkppuTX3drCoLf3RRo.jpg"
12258,100981,"M","noimg.jpg"
12259,100982,"M","thumb_720_3449a486f47e4EYc3Fu65aXW.jpg"
12260,100982,"S","thumb_384_4498q1l54WcFICqKvADoC3aC.jpg"
12261,100982,"S","thumb_384_1762NpFK9o0M7cdICAC8RDD0.jpg"
12262,100982,"S","thumb_384_33927klNdZJcXMlq2C7qCSYm.jpg"
12263,100983,"M","thumb_720_31222L1To7usPDkLhAcUfiCD.jpg"
12264,100983,"S","thumb_384_4534N8fj7dbmLTFmbqQZH6MW.jpg"
12265,100983,"S","thumb_384_8231pNYsqtvIzEG8FzhHHq5K.jpg"
12266,100983,"S","thumb_384_0154EPVn5Bm0wc8yF3ooKKby.jpg"
12267,100984,"M","noimg.jpg"
12268,100985,"M","thumb_720_5886zlQWhoVcavljdAlkXL91.jpeg"
12269,100985,"S","thumb_384_2513QG6uxtGggjgGICaZmRoL.png"
12270,100985,"S","thumb_384_8411G4cD002NQDRCMPgdXR9o.png"
12271,100985,"S","thumb_384_1515bvohwkysfNm4ppizreKi.png"
12272,100986,"M","thumb_720_0107yLzGqvYaUEGgf4RUKZrV.jpg"
12273,100986,"S","thumb_384_4346WSwO4TcDD1xzYgMveLDU.jpg"
12274,100986,"S","thumb_384_6727FpEZj83epcR8EpusCnIe.jpg"
12275,100986,"S","thumb_384_4697jPw1zllVf3sJwWHnJ8mz.jpg"
12276,100987,"M","noimg.jpg"
12277,100988,"M","thumb_720_444447zrlryzOlQQHyT9kSKR.jpeg"
12278,100988,"S","thumb_384_3412Ovib2svxQ4ermGp9awuD.jpeg"
12279,100988,"S","thumb_384_1227Iu5vADjgsWSalN9huIyS.jpeg"
12280,100988,"S","thumb_384_8905pip2yx8YtsEh04o9M1vK.jpeg"
12281,100989,"M","thumb_720_8621s77D2vr5acKmwPhyDlkB.jpg"
12282,100989,"S","thumb_384_76540fSzM2JSjUqSVVv0W38G.jpg"
12283,100989,"S","thumb_384_18057Reyki3UjnnA4KAwfkhG.jpg"
12284,100989,"S","thumb_384_02378IutinfgOH43wztDUu8K.jpg"
12285,100990,"M","thumb_720_92829KMg6kHOw7YIssUFYb9o.jpg"
12286,100990,"S","thumb_384_9205AF0PVjSpy83OX3I51Vbg.jpg"
12287,100990,"S","thumb_384_9147nJfJyE7HIQEPxed3O7hm.jpg"
12288,100990,"S","thumb_384_76018Ghwlxv7HlY91ulE0aQi.jpg"
12289,100991,"M","thumb_720_0923frmlpAXfV07lsNrnkyAs.jpg"
12290,100992,"M","thumb_720_5591hBuKPJnyhAeeWI4piHRr.jpg"
12291,100992,"S","thumb_384_4770I4NeKPyZcbryOVongVeL.jpg"
12292,100992,"S","thumb_384_9260BS53wEr461wkdJkPstto.jpg"
12293,100992,"S","thumb_384_3671eOmDkmYrapjuoErEQBFm.jpg"
12294,100993,"M","thumb_720_5495VyQvJCtTHBwoR4wXS1qA.jpeg"
12295,100993,"S","thumb_384_2950gXjciwAp2tl3Zb7fiAD8.jpeg"
12296,100993,"S","thumb_384_3034pJSlIYCs0ADy6Xypm3jN.jpeg"
12297,100993,"S","thumb_384_6490Kguh7hIbQgKOzuvd5P22.jpeg"
12298,100994,"M","thumb_720_1170b03lNvK43cZvCbbMmNID.jpg"
12299,100994,"S","thumb_384_8319z7SQMdOA8srZuD8BNpMz.jpg"
12300,100994,"S","thumb_384_926428nmNCM2GRjRUigibHjg.jpg"
12301,100995,"M","thumb_720_3151pulP9qyuZLFXOogDuyC3.jpeg"
12302,100996,"M","thumb_720_1332XJD9er0zHoSKDvTr6k0V.jpg"
12303,100996,"S","thumb_384_3174SWg2sTyW2cuedH30Atcq.jpg"
12304,100996,"S","thumb_384_0259aBHAS0RS1W45l0JzCcJV.jpg"
12305,100996,"S","thumb_384_4478toOLFquAQ6EYbSMmyVld.jpg"
12306,100997,"M","thumb_720_7011vvbhYMWWUGJt20ehKvHY.jpg"
12307,100997,"S","thumb_384_3204UOvBbBtGxmkPQH808TbT.jpg"
12308,100997,"S","thumb_384_5435dpzpOxi2bZFV1JutIqz2.jpg"
12309,100997,"S","thumb_384_0505RUytZiP1KCCMr2VxBr4a.jpg"
12310,100998,"M","thumb_720_6594y50mBoj21jAa2tlLmePh.jpg"
12311,100998,"S","thumb_384_72508PO4odKwONmck2i75o4E.jpg"
12312,100998,"S","thumb_384_0431AdAM24WqglIYFyepVEno.jpg"
12313,100998,"S","thumb_384_0411KUEKD7P0VarGfKDT6lBo.jpg"
12314,100999,"M","thumb_720_44661civ1YnoSmo4TrA8uuBt.jpg"
12315,100999,"S","thumb_384_8790eSoedMfqh5csFE5X2ZpE.jpg"
12316,100999,"S","thumb_384_2234cFxNlMSmJ3EDl74OQAJ4.jpg"
12317,100999,"S","thumb_384_8812iQg7UQ5KzoZNkkNXWioG.jpg"
12318,101000,"M","thumb_720_2346SQ1aKqa6AhijVmlixzoy.jpg"
12319,101000,"S","thumb_384_1539oe12pWqMoxfqndS38ziy.jpg"
12320,101000,"S","thumb_384_3388iUb8qgjSwpyisQamR1uF.jpg"
12321,101000,"S","thumb_384_2870XyRvhTlqqvDCEgf2bdfF.jpg"
12322,101001,"M","thumb_720_4322co0UB1K6Tlp5nPDnvufH.jpeg"
12323,101001,"S","thumb_384_0867r77Eo8d9pBUi9W7rvOOe.jpg"
12324,101001,"S","thumb_384_11576v999OIe6yBW3pIcW786.jpg"
12325,101001,"S","thumb_384_1777CDSQ2e0ykAZr2ojKSN4c.jpeg"
12326,101002,"M","noimg.jpg"
12327,101003,"M","thumb_720_4041QZ7bCyP1x20HIYkGYvHP.jpg"
12328,101003,"S","thumb_384_5768br3om9K5IZyhviWTC9Qc.jpg"
12329,101003,"S","thumb_384_0090zRxmWq0kvdzGGiMrm9Gu.jpg"
12330,101003,"S","thumb_384_0959ZZbxop4unJRYJJwD8NBL.jpg"
12331,101004,"M","noimg.jpg"
12332,101005,"M","thumb_720_0421DmCVWDyZAzx603VROgyl.jpg"
12333,101005,"S","thumb_384_49687yeKE7xshT10K8i3JaoW.jpg"
12334,101005,"S","thumb_384_64644wPMp6GvW1o0uxx3PfGU.jpg"
12335,101005,"S","thumb_384_39729ZDFbMQ2tdAmJ4YlPQx5.jpg"
12336,101006,"M","noimg.jpg"
12337,101008,"M","noimg.jpg"
12338,101009,"M","noimg.jpg"
12339,101010,"M","thumb_720_0004iYQDMx6hv4eAXYXO66TX.jpg"
12340,101010,"S","thumb_384_2907fblEQ7i6HvjjVrJ58Emi.jpg"
12341,101010,"S","thumb_384_1993CwdDL2pp2L8NxqDr94v4.jpg"
12342,101010,"S","thumb_384_6870LDxSWG7Ai3z97dbbkxP5.jpg"
12343,101011,"M","thumb_720_6682M3yamLTR2SPQxpSB9W3p.jpg"
12344,101011,"S","thumb_384_9197I318q5Tl5vUMlwNbi3Pr.jpg"
12345,101011,"S","thumb_384_4774iX7PitbGJ2kIxhH0v9Z5.jpg"
12346,101011,"S","thumb_384_3098BRofr9u7Y4vuccfNYWSR.jpg"
12347,101012,"M","thumb_720_4213kXbQqbBkEi9wwU2CjcDc.jpg"
12348,101012,"S","thumb_384_0592X6MDH3oQn3UTuBgO56CD.jpg"
12349,101012,"S","thumb_384_58927rBP78CcEugI24MV1FQn.jpg"
12350,101012,"S","thumb_384_7907FQjFjIArrkHZqyu90LZ7.jpg"
12351,101013,"M","noimg.jpg"
12352,101014,"M","noimg.jpg"
12353,101015,"M","noimg.jpg"
12354,101016,"M","thumb_720_9145dRxAsccRCvgaUqmd9yfg.jpg"
12355,101016,"S","thumb_384_37769aMq6XUlRsg99whk031s.jpg"
12356,101016,"S","thumb_384_44009eNeTG60TOGGXYg0i6Zn.jpg"
12357,101016,"S","thumb_384_0216U1UuH1HZIsxcG3cNchoK.jpg"
12358,101017,"M","noimg.jpg"
12359,101018,"M","thumb_720_0371rdU6PBOR6eW4I1KROKjT.jpg"
12360,101018,"S","thumb_384_6768TW6NDwHZYIR6m1R7u4GD.jpg"
12361,101018,"S","thumb_384_6697MPeU2kWNAUwtoSKwDrQd.jpg"
12362,101018,"S","thumb_384_12390i7u3msz0svMQMUyKPUL.jpg"
12363,101020,"M","noimg.jpg"
12364,101021,"M","noimg.jpg"
12365,101022,"M","thumb_720_6699fIUNtl1whU1vfVH9iMz9.jpg"
12366,101022,"S","thumb_384_3304C4qatpgkiyE8LdhDZTRy.jpg"
12367,101022,"S","thumb_384_05511iaB4L3WxU8FunkktGZ9.jpg"
12368,101022,"S","thumb_384_56021VoUbH2BKbLKzNVE8WKS.jpg"
12369,101023,"M","noimg.jpg"
12370,101024,"M","noimg.jpg"
12371,101025,"M","thumb_720_1579OrkrtPRIpjRrKJ9XLs6Z.jpg"
12372,101025,"S","thumb_384_5682BndQ6a8qOnHl3ZiWc8KZ.jpg"
12373,101025,"S","thumb_384_9352fuwOBv872iA74zRvYeOr.jpg"
12374,101025,"S","thumb_384_2393F6wgkeS7KeGV2BpFsRHR.jpg"
12375,101026,"M","noimg.jpg"
12376,101027,"M","thumb_720_50314wktilHGD17xEamgQSj7.jpg"
12377,101027,"S","thumb_384_2435hJQFng7BcIWQKoCseHNE.jpg"
12378,101027,"S","thumb_384_2641T31dIovEKfchNSOD4DSs.jpg"
12379,101027,"S","thumb_384_0696kP057RsxlrtQsreLid3X.jpg"
12380,101028,"M","noimg.jpg"
12381,101029,"M","thumb_720_5753rLG9m9Ch51N13zE5xjZ9.jpg"
12382,101029,"S","thumb_384_6625DB4BOgqY5mtBKclD7bnL.jpg"
12383,101029,"S","thumb_384_06177efiMgLeqVLQj2JsZzY3.jpg"
12384,101029,"S","thumb_384_0340QDBqk1cBgzjqeuEmtJyn.jpg"
12385,101030,"M","thumb_720_05598cSRyB0GA0AGvz7d8f9i.jpg"
12386,101030,"S","thumb_384_0707RGCP3IshxHXkAwuo6zW4.jpg"
12387,101030,"S","thumb_384_25106PhR17ImKTVs6f4qzFga.jpg"
12388,101030,"S","thumb_384_5431GUkeI5VrAvFqo1TbEe1Z.jpg"
12389,101031,"M","noimg.jpg"
12390,101032,"M","noimg.jpg"
12391,101033,"M","noimg.jpg"
12392,101035,"M","noimg.jpg"
12393,101036,"M","noimg.jpg"
12394,101037,"M","thumb_720_2021TotXIMbR9HKIfTV42sVP.png"
12395,101037,"S","thumb_384_9317mZ5iiLFKTtg5HJAN7EVw.png"
12396,101037,"S","thumb_384_71839OeN75m4W1JiDlLipTC3.png"
12397,101037,"S","thumb_384_8419zgJyPgjWDjLffJP2FRuX.png"
12398,101038,"M","noimg.jpg"
12399,101039,"M","thumb_720_6964FcsXDvxOUTEAMnI5DS5s.jpg"
12400,101039,"S","thumb_384_1304NdIVa6HcLoUTklhuGIW1.jpg"
12401,101039,"S","thumb_384_8123F4AuxDZNzcJfkfogGCdN.jpg"
12402,101039,"S","thumb_384_2938S0eEChfpcHoUpMTR0Nvh.jpg"
12403,101040,"M","thumb_720_6376NgCGGU0LbnMdsadezmME.jpg"
12404,101040,"S","thumb_384_7265dpSPjPvuP2wscQBFBYfT.jpg"
12405,101040,"S","thumb_384_74795GxHHYjNuMo5m0SsskZx.jpg"
12406,101040,"S","thumb_384_9448hR7yo8sSiygh9xwFvyA0.jpg"
12407,101043,"M","thumb_720_74227a4llOfnNAXGXups57Gy.jpg"
12408,101043,"S","thumb_384_4848a4oA7sVzEG64PFzhPapR.jpg"
12409,101043,"S","thumb_384_6260xbDvE25ozkcpPy6cKXJg.jpg"
12410,101043,"S","thumb_384_1803nVVKLlKBPd7XdTKFaP79.jpg"
12411,101044,"M","thumb_720_0699cakg2wnKIOhgHnNqJzne.jpg"
12412,101044,"S","thumb_384_8778r60BkQedoZdiHYWqmvgh.jpg"
12413,101044,"S","thumb_384_7404TljZvxbpa9pn11JQzLef.jpg"
12414,101044,"S","thumb_384_9986YlPBBLc4yTWGX1MtHtc4.jpg"
12415,101045,"M","thumb_720_2791WsTXwvMpdc7gO9Wl6gZ0.jpg"
12416,101045,"S","thumb_384_0596oRyMoD3LpUhnFlEZrlGG.jpg"
12417,101045,"S","thumb_384_3623fcNDDxws2o7NyE3Fo4V0.jpg"
12418,101045,"S","thumb_384_9502cMaSJo1q9obp74poEd4U.jpg"
12419,101046,"M","noimg.jpg"
12420,101047,"M","noimg.jpg"
12421,101048,"M","thumb_720_6088WFpdSYDly8aJ1CEaB9NX.jpg"
12422,101048,"S","thumb_384_9564FkDRx5TlqYeTquQdVhKk.jpg"
12423,101048,"S","thumb_384_6348IuydFqvaLbc9aQ7hGXDX.jpg"
12424,101048,"S","thumb_384_9328ye33rpsclrn9Ca5VPrII.jpg"
12425,101049,"M","noimg.jpg"
12426,101050,"M","noimg.jpg"
12427,101051,"M","thumb_720_5332NNpxSasUy3dzQjRGKNgt.jpg"
12428,101051,"S","thumb_384_0010ZIZhM9GMCJIPAvVW3CnN.jpg"
12429,101051,"S","thumb_384_0533LWnikseUdkFD7N9cggmf.png"
12430,101051,"S","thumb_384_2850IaiK3qXCYj5UvTwEyJqY.jpg"
12431,101052,"M","thumb_720_6293k9zp7tbizYaGqm8C5Akk.jpg"
12432,101052,"S","thumb_384_5389aSf1kwauf0SofPAFQrYV.jpg"
12433,101052,"S","thumb_384_84149FiLpoJU19dzaRUSJ5wq.jpg"
12434,101052,"S","thumb_384_1389U4x2DGUXMlAkoLVEisQR.jpg"
12435,101053,"M","noimg.jpg"
12436,101054,"M","thumb_720_6598MzSoshWjkl0zPPqZ1VAW.jpg"
12437,101054,"S","thumb_384_6857QA7lrEmdTnqV5zWrwK05.jpg"
12438,101054,"S","thumb_384_81559Q7h2KJbvMpxwTufxtiS.jpg"
12439,101054,"S","thumb_384_11845nr0HAk6GP7hNjIL8l6s.jpg"
12440,101055,"M","thumb_720_5980KS2DoQatRFXZHV4m8S3h.jpg"
12441,101056,"M","thumb_720_6698yF2Tm183ZptV8nRPjaJL.jpg"
12442,101056,"S","thumb_384_0947hHN6QO6JGWbOzbapdfuV.jpg"
12443,101056,"S","thumb_384_3399O7c5tME2CNbRYJaPXEhN.jpg"
12444,101057,"M","thumb_720_5942iQAkKkoaVfJaL20WxYVi.jpeg"
12445,101057,"S","thumb_384_1920wLDwA2Zgi7eHDLQ0JnwM.jpg"
12446,101057,"S","thumb_384_7425z8VvlNZBSWG6FVS3cumG.jpg"
12447,101057,"S","thumb_384_1826lfB7mVW65GzZNIjdRKoi.jpeg"
12448,101058,"M","thumb_720_2813lDqm9X5X9SuKvyg7suod.jpg"
12449,101058,"S","thumb_384_9103I4bdfeG417fJ4hBki0qt.jpg"
12450,101058,"S","thumb_384_7603a8eomrrK7wwRbTRxCACc.jpg"
12451,101058,"S","thumb_384_5032aZiv5CNI5Q2n8yVPiBXK.jpg"
12452,101059,"M","thumb_720_8000FoIkqsUdlHMaJRcGk1WQ.jpg"
12453,101059,"S","thumb_384_1076G5IjtRJnrgzAe7WoS9Py.jpg"
12454,101059,"S","thumb_384_1291A3hL33yfCwU3WuSyFsRB.jpg"
12455,101059,"S","thumb_384_3313aXol0ivAAOZCvyfaiQJT.jpg"
12456,101060,"M","thumb_720_71846jRcbE06jeEjENuOO0CA.jpg"
12457,101060,"S","thumb_384_2038fYIWRLbaoomkXjpYqtnU.jpg"
12458,101060,"S","thumb_384_4256EhTEIuWTiXXQp40sgZkm.jpg"
12459,101060,"S","thumb_384_2282oOEqKOJXWd5wZ64zfuWZ.jpg"
12460,101061,"M","noimg.jpg"
12461,101062,"M","thumb_720_9948gmCmTAjPiNUcEY3Gg43j.jpg"
12462,101062,"S","thumb_384_3043i0IKDJKMepliuGVQx3Op.jpg"
12463,101062,"S","thumb_384_6894BX58B6TAnLitzCxoxow4.jpg"
12464,101062,"S","thumb_384_8815PcfMsgwtxrvWBDlvfete.jpg"
12465,101063,"M","thumb_720_33920DLIHWqOdoLVD9EnndzW.jpg"
12466,101063,"S","thumb_384_7677V8GcEk3mJunMJqb5DkCy.jpg"
12467,101063,"S","thumb_384_4811c7GeCYuebqpnaSKMHesI.jpg"
12468,101063,"S","thumb_384_90912KQRCLDOMYafWcqOZOGN.jpg"
12469,101065,"M","thumb_720_7333pJtlBDkEKU4Z6Y2kXMNN.png"
12470,101065,"S","thumb_384_0950QFM9QkvWRI9T7vWudPHV.jpg"
12471,101065,"S","thumb_384_9611pj4JzoUnQF39C4bBUxb9.jpg"
12472,101065,"S","thumb_384_2463QMkpYUYdWkbbxPAOx6OU.jpg"
12473,101066,"M","thumb_720_17748tor4TuGIQdSmxOmdcPW.jpg"
12474,101066,"S","thumb_384_7495rAajXUkc5apX8CapPzST.jpg"
12475,101066,"S","thumb_384_9901c5bNOjZ2lGi9NMz9jERT.jpg"
12476,101067,"M","thumb_720_1136YbnlK3WMID7VQhUteWq4.jpg"
12477,101067,"S","thumb_384_8686C0FrI7xK2QbqirH8Fchv.jpg"
12478,101067,"S","thumb_384_1626tnsQZyFYUEnbxBEosssv.jpg"
12479,101067,"S","thumb_384_0285Z79WZJcmyVA74Azz6iR6.jpg"
12480,101068,"M","thumb_720_5383ko3s6KmhFtY4THzBJrc4.jpg"
12481,101068,"S","thumb_384_0903w25aiIpT4YIuZhhwEhBW.jpg"
12482,101068,"S","thumb_384_0249tyTlHvo3enEJKwaTUvUk.jpg"
12483,101068,"S","thumb_384_95676UGnZW9jTU3uowB2XqdS.jpg"
12484,101069,"M","noimg.jpg"
12485,101070,"M","thumb_720_2092Uuv9tzQ9UkAkkNKkleu5.jpg"
12486,101070,"S","thumb_384_3362IGcsbY9dccVuHac1sxlD.jpg"
12487,101070,"S","thumb_384_5846xzj8Epy2I7qI8hU2CcoO.jpg"
12488,101070,"S","thumb_384_9427uneHgGv6MyFeTWZG7HvM.jpg"
12489,101071,"M","noimg.jpg"
12490,101072,"M","noimg.jpg"
12491,101074,"M","noimg.jpg"
12492,101076,"M","thumb_720_57409FsYLtw8VwqEbt0mrp5t.jpg"
12493,101076,"S","thumb_384_1175E1QnyuKqQYBSfXJbSLRK.jpg"
12494,101076,"S","thumb_384_3357BU78aJPG3Wy7cHYSoc61.jpg"
12495,101076,"S","thumb_384_2984LkVBqiQ3B21dioVaQfmK.jpg"
12496,101077,"M","noimg.jpg"
12497,101078,"M","thumb_720_0433o6IygrtjJP4HRU9QhMEc.jpg"
12498,101078,"S","thumb_384_44382dadQkUUWpGZRtF0zZSG.jpg"
12499,101078,"S","thumb_384_1514E2q1dfOhrOLvJ7hu9MJk.jpg"
12500,101078,"S","thumb_384_2959eTA5LP3M3zjQgz6cmCWS.jpg"
12501,101079,"M","thumb_720_4707yFH8rXIozCOstMK0DkjC.jpg"
12502,101080,"M","thumb_720_57185sFBiY3FVbyw5HU6grRF.jpg"
12503,101080,"S","thumb_384_63679pPa70TcZ2dBiym6sBYA.jpg"
12504,101080,"S","thumb_384_8068bVemV4ab3O18CLIY4uuI.jpg"
12505,101080,"S","thumb_384_48916zIpwokMHiPf9gECYzZ6.jpg"
12506,101081,"M","noimg.jpg"
12507,101082,"M","noimg.jpg"
12508,101083,"M","thumb_720_3264iGYe0woFmhujPwmwx75P.jpg"
12509,101083,"S","thumb_384_95247PdVVHHPdo4YIfh49Crn.jpg"
12510,101083,"S","thumb_384_9793DpagPV7Rbu3awHOpwgY2.jpg"
12511,101083,"S","thumb_384_1357B2fJSwU1PoKie1w07R7J.jpg"
12512,101084,"M","noimg.jpg"
12513,101085,"M","thumb_720_8510nBvq3DZU7jtvA8tdcnho.jpg"
12514,101085,"S","thumb_384_6739QWlU6xKsfJ8YVYE7sN6f.jpg"
12515,101085,"S","thumb_384_0992AozPQJH2spUsvVgQhIz0.jpg"
12516,101085,"S","thumb_384_455612VfSJrnDhXgmGR2N8fW.jpg"
12517,101086,"M","thumb_720_6855dsj7ZAW6WSzx3lWtjqZq.jpg"
12518,101086,"S","thumb_384_23330o2meonXRFrxmNoJbnon.jpg"
12519,101086,"S","thumb_384_1066i70WzMboLIuqpqxeGr78.jpg"
12520,101086,"S","thumb_384_1704x6kGQcff9ZJIpMFIngx4.jpg"
12521,101087,"M","thumb_720_2267dYzfFESrXbIZIPxQxMT6.jpg"
12522,101087,"S","thumb_384_1916MsQ4xV1jDBb65BVY31ys.jpg"
12523,101087,"S","thumb_384_7585pcqH0813aUmob0ujnP2Q.jpg"
12524,101087,"S","thumb_384_7894C3Pbt9Yo4cTTbYGHJ4TT.jpg"
12525,101088,"M","noimg.jpg"
12526,101089,"M","noimg.jpg"
12527,101090,"M","thumb_720_23693RSllEZObuWqE3UDayKd.jpg"
12528,101090,"S","thumb_384_7521W2raBSyMYcYj0ZlESvGt.jpg"
12529,101090,"S","thumb_384_52060QhUiySaOraWNh1PGZ3p.jpg"
12530,101090,"S","thumb_384_9527h8xqsZ24a8XPjBKkeFF1.jpg"
12531,101091,"M","thumb_720_3838Q9PfqPIxtFbJESnPcze6.jpg"
12532,101091,"S","thumb_384_2430ND3oLReVIUe5Uu4jFwU0.jpg"
12533,101091,"S","thumb_384_4230jA70Ei8Lg10mTTsYHsAH.jpg"
12534,101091,"S","thumb_384_3046ZKFjWvwieLFd1tgjHiwI.jpg"
12535,101092,"M","thumb_720_2986kBE5xXWobM4zYzEP7tOb.jpg"
12536,101092,"S","thumb_384_8149Rv5vRnN9nqSUkWUC0dat.jpg"
12537,101092,"S","thumb_384_0105qxrXCkpnb5S0FGPdJLmA.jpg"
12538,101092,"S","thumb_384_3522gzMBrLq3NTFDgZctIicO.jpg"
12539,101093,"M","noimg.jpg"
12540,101094,"M","thumb_720_3886CYezv1OCUyhRO5GDVEeS.jpg"
12541,101094,"S","thumb_384_5796lFW8EO9Fe3pGEQuNCTB3.jpg"
12542,101094,"S","thumb_384_6759e3WJBZgOcMSs3ToM4puI.jpg"
12543,101094,"S","thumb_384_7339xNFfTRrhcB3xNlSGYRGH.jpg"
12544,101095,"M","thumb_720_8436V1AjL93B1ZPjMOI1aweB.jpg"
12545,101096,"M","thumb_720_21690vU4o8aUYhnirhXxeCt7.jpg"
12546,101096,"S","thumb_384_2577dMPRzlvgBI6IpQqNqDxb.jpg"
12547,101096,"S","thumb_384_2995BUw2JoO0FNtjxqm9YCHi.jpg"
12548,101096,"S","thumb_384_2818pIpK0JkpK4TXJYscCfzA.jpg"
12549,101097,"M","noimg.jpg"
12550,101098,"M","thumb_720_8590D2txENsxYyHlPxGCjaWd.jpg"
12551,101098,"S","thumb_384_3416FOiGRvFbzOWVg7RYZSBc.png"
12552,101098,"S","thumb_384_9432g3XgzDzLwaT8dVnMcccl.png"
12553,101098,"S","thumb_384_9702H0ZDybMp3Yy9UeOyYg2d.png"
12554,101099,"M","thumb_720_9205Q4UU8WKBrYoKRCBFcguh.jpg"
12555,101099,"S","thumb_384_7048y5kkrRWouDu3vpdQvIDi.jpg"
12556,101099,"S","thumb_384_7587tnuG496IiPFmMHGvC2wW.jpg"
12557,101099,"S","thumb_384_4368Zgkrqti0nCN7FqLQivEo.jpg"
12558,101100,"M","thumb_720_8417IDTZ7PW7DzjtvBxzAUee.jpg"
12559,101100,"S","thumb_384_7615lm8rHH8vlUSgcqVayl2Y.jpeg"
12560,101100,"S","thumb_384_4503jErCd6kQugMsBTv7C4Mo.jpeg"
12561,101100,"S","thumb_384_2816Q8Pz4guWDn5FpJZMtVuv.jpeg"
12562,101101,"M","thumb_720_7944U7Ik3MYVW30Ggq226SaP.jpg"
12563,101101,"S","thumb_384_702449oDKXPdWCg9mi9WI5wD.jpg"
12564,101101,"S","thumb_384_71952i7gr325peGxQ8zCi7iv.jpg"
12565,101101,"S","thumb_384_4241po5OAjouuQBW3GUkzBrJ.jpg"
12566,101102,"M","thumb_720_2868pWrwbcA6y3jUZzMNr1E8.jpg"
12567,101102,"S","thumb_384_23468oLy8PPvuFWaRjwKrneS.jpg"
12568,101102,"S","thumb_384_2680kefoy3G4PhBLYtol9IwE.jpg"
12569,101102,"S","thumb_384_0607Tf6gCPAGUorV2xdNyGF0.jpg"
12570,101103,"M","thumb_720_9310H0kcpFxXFI7ksLsiErqp.jpg"
12571,101103,"S","thumb_384_4031nwDwUqVleqYukbUHL7eh.jpg"
12572,101103,"S","thumb_384_9239NsVrmn19BepfbRDjy9l7.jpg"
12573,101103,"S","thumb_384_3665ODAOvNMeUDFsfTBXYGpM.jpg"
12574,101104,"M","noimg.jpg"
12575,101105,"M","thumb_720_5801BvZvlA5MFCmvc4RkCA47.jpg"
12576,101105,"S","thumb_384_74484tvP2Av8k41G5yn5K3W9.jpg"
12577,101105,"S","thumb_384_6924Ke9bDHkfPfADHKhIKTdT.jpg"
12578,101105,"S","thumb_384_6715rpkGs4HlaXPFEBYdgZqd.jpg"
12579,101106,"M","noimg.jpg"
12580,101107,"M","noimg.jpg"
12581,101108,"M","noimg.jpg"
12582,101110,"M","noimg.jpg"
12583,101111,"M","thumb_720_125562j5AWTfVHRm2v6mYZjC.jpg"
12584,101111,"S","thumb_384_1730TIbey8mExwq1A6oBkTVw.jpg"
12585,101111,"S","thumb_384_9367okzULV67s6Or1J602kbK.jpg"
12586,101111,"S","thumb_384_38367FFKPwFSzbGTTo2Xm0T9.jpg"
12587,101112,"M","thumb_720_2402ytYNBJBhWW9h4DWXvDoC.jpg"
12588,101112,"S","thumb_384_0831uzAIiwWZSbDk4l3JG4D1.jpg"
12589,101112,"S","thumb_384_5365neOjS7905nzSqv3v7I9C.jpg"
12590,101112,"S","thumb_384_5718ZjcyfRDKk5J5aVV0JECO.jpg"
12591,101113,"M","thumb_720_265903lWgo6RBk58TXkfTZ91.jpg"
12592,101113,"S","thumb_384_2264t63Qva1yqbnfr5KWsZTL.jpg"
12593,101113,"S","thumb_384_2254Nkiq2YSlqUPCRUyuieQf.jpg"
12594,101113,"S","thumb_384_9458XreNWJ1xWFqNQSQr3SXj.jpg"
12595,101114,"M","noimg.jpg"
12596,101115,"M","thumb_720_8680DkH0OZ4dMgiAZoTtaLsE.jpg"
12597,101115,"S","thumb_384_1472J85WRDKv8Z0LzQuuJ6rh.jpg"
12598,101115,"S","thumb_384_43535BMdFvkqP7ikRB4i2eVv.jpg"
12599,101115,"S","thumb_384_1747M19vFFXsomuvIs1J1kZy.jpg"
12600,101116,"M","noimg.jpg"
12601,101117,"M","thumb_720_6726MxJGuF03Jz4CCHXdhY2A.jpg"
12602,101117,"S","thumb_384_1361HzaDN0B6KUCYVja0sbqp.jpg"
12603,101117,"S","thumb_384_1120zY6pXnFaXIahyxCN0Tj8.jpg"
12604,101118,"M","noimg.jpg"
12605,101119,"M","noimg.jpg"
12606,101120,"M","noimg.jpg"
12607,101121,"M","noimg.jpg"
12608,101122,"M","thumb_720_1300c1T6w3Je6iocgSr97uFj.jpg"
12609,101122,"S","thumb_384_1132iPRLPYP6jl8IEjfW9Cvj.jpg"
12610,101122,"S","thumb_384_7242l0ukEwBsis8zwxBafJB4.jpg"
12611,101122,"S","thumb_384_7866jcGJ0o7ErSHqQZFStgYB.jpg"
12612,101123,"M","noimg.jpg"
12613,101124,"M","thumb_720_4307pVdAomppSyAV81cyx8vf.jpg"
12614,101124,"S","thumb_384_2852GMkLdc5epgYjTbasWGDo.jpg"
12615,101124,"S","thumb_384_2846jbXx58TGqrUUxEzLrm8X.jpg"
12616,101124,"S","thumb_384_75730yiuyJvcMk6tlRsHV8oM.jpg"
12617,101125,"M","thumb_720_1383IQgMqvgsynJcAyG9nfAD.jpg"
12618,101125,"S","thumb_384_0169RYLwCaQMguZ21cAScpVX.jpg"
12619,101125,"S","thumb_384_6236juHIxa68iVPY3JPOSlfQ.jpg"
12620,101125,"S","thumb_384_9095r9qjV0ATYJdJYwFp0xwE.jpg"
12621,101126,"M","noimg.jpg"
12622,101127,"M","thumb_720_3220hmLRGuxwZtPoOTbx3Juz.jpg"
12623,101127,"S","thumb_384_58861xxb6h7MDkG33SHrTGRt.jpg"
12624,101127,"S","thumb_384_3481kmWT7Zj3j8yLeaWLlGLB.jpg"
12625,101127,"S","thumb_384_5406O5DThqMLVSxfeRuW9qTn.jpg"
12626,101130,"M","thumb_720_0825jYmwFduS8i8gnZr38L83.jpg"
12627,101130,"S","thumb_384_4133MNeJ4YDKVR4OaCPV3zXX.jpg"
12628,101130,"S","thumb_384_1332LQzmThmhZYCKXYknftYT.jpg"
12629,101130,"S","thumb_384_9432E14y5cob96MT9DegLt2G.jpg"
12630,101131,"M","thumb_720_58540rAN6RrLtzhG7iBvJeyK.jpeg"
12631,101131,"S","thumb_384_877242eDTxlsKbm4WfaGsKyJ.jpeg"
12632,101132,"M","noimg.jpg"
12633,101133,"M","thumb_720_4950pL461Kx1b4Dh1q90oIfk.jpg"
12634,101133,"S","thumb_384_3949pHKmCIpoFkx0R8mXANxg.jpg"
12635,101133,"S","thumb_384_65440kv3q120t5OwawyhqrTn.jpg"
12636,101134,"M","noimg.jpg"
12637,101135,"M","noimg.jpg"
12638,101136,"M","thumb_720_4735Er6EyeCbDuZGvt8wH1NE.jpg"
12639,101136,"S","thumb_384_8177BrO1PCEPqn5ZgHbwZhjQ.jpg"
12640,101136,"S","thumb_384_7188wZpWNGWejkUA3vi1Zk0W.jpg"
12641,101136,"S","thumb_384_8306mmfZ6gYYLqwH6X7CgsZG.jpg"
12642,101137,"M","noimg.jpg"
12643,101138,"M","noimg.jpg"
12644,101139,"M","thumb_720_9742SsPRRWLZtnxP9AYDhvaK.jpg"
12645,101139,"S","thumb_384_9034XIhGgjw50tqkNhcUCsgi.jpg"
12646,101139,"S","thumb_384_7984pF3vTGQa975CWyOWPPL2.jpg"
12647,101139,"S","thumb_384_6073wsXV1seqd29phIxFAWIu.jpg"
12648,101140,"M","noimg.jpg"
12649,101141,"M","thumb_720_9704uwiEHELI04KA8tFdWKMh.jpeg"
12650,101141,"S","thumb_384_5515L2HTtGJPUHBijSZ0ZKCC.jpeg"
12651,101141,"S","thumb_384_9928IRqvnF0PTkpxlPoixnBe.jpeg"
12652,101141,"S","thumb_384_8859PYK8cy56zctwxvNV3NG2.jpeg"
12653,101142,"M","thumb_720_7690Z7lVZLTmPNotL2XEtisR.png"
12654,101142,"S","thumb_384_2777BvEFebDJq2mzrcLBFwZG.png"
12655,101142,"S","thumb_384_3392ha9dT52WO03T3iRiBEii.png"
12656,101142,"S","thumb_384_43743rXnucZMUjR9i5wS6ij1.png"
12657,101143,"M","thumb_720_9130WT4j1ScOFTjA4KaJnyMl.jpg"
12658,101143,"S","thumb_384_5546nkpblhUSjFlsKccj8YSz.jpg"
12659,101143,"S","thumb_384_4945MJPCO2q9UmH9I9WcRKaS.jpg"
12660,101143,"S","thumb_384_5631VUySZohckUXBtBpwi2g3.jpg"
12661,101144,"M","noimg.jpg"
12662,101145,"M","thumb_720_8128GbYaeCw7qTnvifgfPbH9.jpg"
12663,101145,"S","thumb_384_1980aCacCyOVMIi7vE0AQn2O.jpg"
12664,101145,"S","thumb_384_4853j9FyqBoTcBQsfwLQzdR1.jpg"
12665,101145,"S","thumb_384_5139ymNnW7vXr44hLvc8iJbV.jpg"
12666,101146,"M","thumb_720_5150rCRsCuisizn4Gm5gtQBm.png"
12667,101146,"S","thumb_384_1485O9ebgaSaD14qAVsLUwnb.jpg"
12668,101146,"S","thumb_384_5734JuLf21NEZsWzMDHxEdvN.jpg"
12669,101146,"S","thumb_384_3578VYO0Ru10aU4OggDskDtc.png"
12670,101147,"M","noimg.jpg"
12671,101148,"M","thumb_720_0450nnrawUDNHBqD8tSCfH7A.jpeg"
12672,101148,"S","thumb_384_7824g3cxt4DhHLeWLE7lEGzf.jpeg"
12673,101148,"S","thumb_384_7396FS3tderaKbm1ICB7HIEI.jpeg"
12674,101149,"M","thumb_720_8904Z4NYmQnGMBCrRUMypFRl.jpg"
12675,101149,"S","thumb_384_0012KSvWo9BpFo8ZZYcdy1RP.jpg"
12676,101149,"S","thumb_384_54693GTRkLpoXF3TmNjyJ44q.jpg"
12677,101149,"S","thumb_384_83075w7S0YUpvUYN3MzWhAgO.jpg"
12678,101150,"M","noimg.jpg"
12679,101151,"M","noimg.jpg"
12680,101152,"M","thumb_720_9251fu8zJZDvGQ6gytkSnpKd.jpg"
12681,101152,"S","thumb_384_48082cskiIfCsQ1msSFJeeo2.jpg"
12682,101152,"S","thumb_384_8899eRQMOXzm6Ovb6FTk3jUp.jpg"
12683,101152,"S","thumb_384_9667ztUpNP8C7bSRvBwmyXaI.jpg"
12684,101153,"M","thumb_720_6959ns71UkoZU32Kaw7FYpsK.jpg"
12685,101153,"S","thumb_384_4968OxVKCE06Ssi9sX74MZdv.jpg"
12686,101153,"S","thumb_384_1155XQKJoR6OqZ8bte0YZGhT.jpg"
12687,101153,"S","thumb_384_9531KrgLTu7UjvxLQqoYU3aa.jpg"
12688,101154,"M","noimg.jpg"
12689,101155,"M","thumb_720_1438oTAWGC0O7aHdEhQVdCXp.jpg"
12690,101155,"S","thumb_384_9459FWNsOZ6cys6l4aksrq9M.jpg"
12691,101155,"S","thumb_384_6340Lz2t0gpOhM5GOttzC1mn.jpg"
12692,101155,"S","thumb_384_5553WGVop2JPDH1ulb3XbmSH.jpg"
12693,101156,"M","thumb_720_7087Q1jDQWc12PcsQzcYLRhL.jpg"
12694,101156,"S","thumb_384_0037ZcxXTUMkx3E40hgg4ovH.jpg"
12695,101156,"S","thumb_384_2615hGsXXRvkvwEEo7RIl41O.jpg"
12696,101156,"S","thumb_384_9708meG0nVEOnmPlTXn8qM1x.jpg"
12697,101157,"M","thumb_720_4321JbnOD2EFcohrwGXxeYPO.jpg"
12698,101157,"S","thumb_384_1335ia6y6P3zskORPQTx23oj.jpg"
12699,101157,"S","thumb_384_3087QhX9z4Q5Ti3JaISLlBVZ.jpg"
12700,101157,"S","thumb_384_34812S2hlcJ8uNZkQy5fn7oe.jpg"
12701,101158,"M","thumb_720_8650lGhHbGMOBG9FIJhX0byD.jpg"
12702,101158,"S","thumb_384_7685BHAIKWpC8rbYh1MC9uNe.jpg"
12703,101158,"S","thumb_384_77137Z6OBRY8XYHtrWSKR0ln.jpg"
12704,101158,"S","thumb_384_03970GaXOMi86SeXTzTZM0Lc.jpg"
12705,101159,"M","thumb_720_1008BHae2p8xHx3iyrpzmdWt.jpg"
12706,101159,"S","thumb_384_5077QjHxGCmDjBRrHyDbCSLX.jpg"
12707,101159,"S","thumb_384_2219WQ7zKzpgeTqkft3D81Am.jpg"
12708,101159,"S","thumb_384_0549uHpIST0UsmHV7hpKZeaE.jpg"
12709,101160,"M","noimg.jpg"
12710,101161,"M","noimg.jpg"
12711,101162,"M","thumb_720_8211We6VrlOCLIjPmTUnx4AM.jpg"
12712,101162,"S","thumb_384_8289dLB45HzWhVkXcYj3UiFh.jpg"
12713,101162,"S","thumb_384_0467Wu6823jYoVRtBfPLrpgF.jpg"
12714,101162,"S","thumb_384_4468jhDXCWPKtDupxtjjTqGF.jpg"
12715,101163,"M","thumb_720_6050n9J2h1iJfBlMr98YRxR2.jpg"
12716,101163,"S","thumb_384_7160FYIYaoUT6LuZmLXMQZSf.jpg"
12717,101163,"S","thumb_384_0802DDi0VJGB8sgVZMAPHHL0.jpg"
12718,101163,"S","thumb_384_9999tdL5ey6nYNkKjfYyJ3kF.jpg"
12719,101164,"M","noimg.jpg"
12720,101165,"M","noimg.jpg"
12721,101166,"M","thumb_720_8303A2cAHbOn7MwNljr9pBqG.jpg"
12722,101166,"S","thumb_384_3097VSmZzqKcm9R2MM7F6qFs.jpg"
12723,101167,"M","thumb_720_3673xK0aBKeAUJtoaoDcaoxx.jpg"
12724,101167,"S","thumb_384_7503kz9z7zhXzGgjgoLC3a2e.jpg"
12725,101167,"S","thumb_384_5739yZpSNkKVkliaDlKm8yJq.jpg"
12726,101167,"S","thumb_384_4461fhW5jZlr0VFhAffkBj3K.jpg"
12727,101168,"M","thumb_720_3018a5WfTC7tJBLzexEow6ya.png"
12728,101168,"S","thumb_384_66379arLQzgA4irZSq6czmJ0.jpg"
12729,101168,"S","thumb_384_12259xZATAyl3MJF3YTP09ub.jpg"
12730,101168,"S","thumb_384_6453vNeMBvqRY45Ez9nVM5MZ.jpg"
12731,101169,"M","noimg.jpg"
12732,101170,"M","noimg.jpg"
12733,101171,"M","noimg.jpg"
12734,101172,"M","thumb_720_9823lrTv5B79p8DMxBoYatWs.jpg"
12735,101172,"S","thumb_384_2361P2rYXovxIDlSShRhYYSc.jpg"
12736,101172,"S","thumb_384_0084ALLn5Lwuu4LxjtKYJbDm.jpg"
12737,101172,"S","thumb_384_2328HMW6HrOjB4kqAyhVLQwm.jpg"
12738,101173,"M","noimg.jpg"
12739,101174,"M","thumb_720_4915Z1UHo8GYDhmXhc4AE0j8.jpg"
12740,101174,"S","thumb_384_9182GnIYiVsG29dujFnNXkCR.jpg"
12741,101174,"S","thumb_384_5508C4GcwSgZ2I1m9y2C7ERJ.jpg"
12742,101174,"S","thumb_384_4144zTS0rAwHnhz1ACGgBdV2.jpg"
12743,101175,"M","noimg.jpg"
12744,101176,"M","noimg.jpg"
12745,101177,"M","noimg.jpg"
12746,101178,"M","noimg.jpg"
12747,101179,"M","thumb_720_7370HUC3dYKm3OMX2iLnoDnh.jpeg"
12748,101179,"S","thumb_384_6324rsnfoXkrcuYYg4QDVl9O.jpeg"
12749,101179,"S","thumb_384_4766yjo47mN6hUq5ir0uB96j.jpeg"
12750,101179,"S","thumb_384_7976vLXN8ryZ3cIO6yvetbvc.jpeg"
12751,101180,"M","thumb_720_4434virG6hQUmOCupBipPzb0.jpg"
12752,101180,"S","thumb_384_0545haXupYY9h4azejpR5J4A.jpg"
12753,101180,"S","thumb_384_8011VB3OSROgUA6jV1g9GWcV.jpg"
12754,101180,"S","thumb_384_5264OJllMPbCrcTYJes6NPeX.jpg"
12755,101181,"M","thumb_720_5287bVnezJN3QEzaNAATCcq9.jpg"
12756,101181,"S","thumb_384_6494AAjr8EoDhhhEv9Y9hfU4.jpg"
12757,101181,"S","thumb_384_7991AVaFxC38MwzknJbaVWNF.jpg"
12758,101181,"S","thumb_384_2102YHNbD9XJAE6TKh7hKec8.jpg"
12759,101182,"M","noimg.jpg"
12760,101183,"M","thumb_720_787092kp82l9wcXAvsjArB0y.jpg"
12761,101183,"S","thumb_384_38072ejvqmLJ4UH3dC1vXKDc.jpg"
12762,101183,"S","thumb_384_4397txHfbI73upiczAq0LAab.jpg"
12763,101183,"S","thumb_384_0244J7VYn2hIOB3e13FyTxsm.jpg"
12764,101184,"M","thumb_720_1765njjGYad5yj2C5ac6UfRQ.jpg"
12765,101184,"S","thumb_384_6086lMDQDBtzsC16EYjjyp2M.jpg"
12766,101184,"S","thumb_384_3453MiO5urVm6Lt6tXjbidRR.jpg"
12767,101184,"S","thumb_384_1614WCjAAj4nAmqTktCtSnLs.jpg"
12768,101185,"M","noimg.jpg"
12769,101186,"M","noimg.jpg"
12770,101187,"M","noimg.jpg"
12771,101188,"M","noimg.jpg"
12772,101189,"M","noimg.jpg"
12773,101190,"M","noimg.jpg"
12774,101191,"M","thumb_720_9530DcAnaMT2UWMIU2wQfcx0.jpg"
12775,101191,"S","thumb_384_7063EEPiLXFie5ezsZv8SOm5.jpg"
12776,101191,"S","thumb_384_2875ciiaVcjhYUBsHWGI7cJQ.png"
12777,101191,"S","thumb_384_5273TImgoZQK2VBlAE9Qj8v1.png"
12778,101192,"M","thumb_720_3979ksrrHFxGcyvCFM5nMGlA.jpg"
12779,101192,"S","thumb_384_4698TRYR9ePck0FkN9SjTlUD.jpg"
12780,101192,"S","thumb_384_1821m060BbnDszt8FXEBNNKD.jpg"
12781,101192,"S","thumb_384_30481JkF5kLYPrWnA2p9w33r.jpg"
12782,101193,"M","thumb_720_3865UhPkNTIWMfx2wN0BlIqh.jpg"
12783,101193,"S","thumb_384_5533GLnharFjpcgeITt1lSfy.jpg"
12784,101193,"S","thumb_384_9272WfQ8L2t5gf3f0HUOa05O.jpg"
12785,101193,"S","thumb_384_0438JrIErbTuvQbaJlKfToKV.jpg"
12786,101194,"M","noimg.jpg"
12787,101195,"M","thumb_720_9016hnDgPpRIdunIDgsa6SSi.jpg"
12788,101195,"S","thumb_384_8183trvDGKMm8c4EUjXcOy29.jpg"
12789,101195,"S","thumb_384_7622hj0PR8EFFY3EW5gJXzne.jpg"
12790,101195,"S","thumb_384_0967QycNoTQF3CGBDvWrAdhU.jpg"
12791,101196,"M","thumb_720_31045S5zS2K3MXatgg1qqRwp.jpg"
12792,101196,"S","thumb_384_7665tW5FSuMFAoVEtxzfXiD6.jpg"
12793,101196,"S","thumb_384_2674eBZRPZRyQSMWycnmKj0Q.jpg"
12794,101196,"S","thumb_384_5220RSX9g24XdsuPJAFFmTr7.jpg"
12795,101197,"M","thumb_720_9791PTMbJdl84pZQV5y6FLXV.jpg"
12796,101197,"S","thumb_384_2984HZMSflvgeq6GFx9FEkCi.jpg"
12797,101197,"S","thumb_384_7316OfhWMI1bxt3E8Cbaxk2P.jpg"
12798,101197,"S","thumb_384_86302GnjunorBOCX6BHmxYMM.jpg"
12799,101198,"M","noimg.jpg"
12800,101199,"M","noimg.jpg"
12801,101200,"M","noimg.jpg"
12802,101201,"M","thumb_720_27310Vbgjz73NIJOfAQDPztv.jpg"
12803,101201,"S","thumb_384_6801XI7pGHr4gl1KuELbVu6H.jpg"
12804,101201,"S","thumb_384_7277DUan6SF1y7HE7T6c30CL.jpg"
12805,101201,"S","thumb_384_9926rKGxWLQXnA32HSuAmr9B.jpg"
12806,101202,"M","thumb_720_71860I98XjPDkjh53HAECfF3.jpg"
12807,101202,"S","thumb_384_8401Hx1DpmHuHygioXtAyEGW.jpg"
12808,101202,"S","thumb_384_1311X9CnUwr0rYJTvFvQ1Eq5.jpg"
12809,101202,"S","thumb_384_3389Aeupy2bB8SdzaoiKbwZ9.jpg"
12810,101203,"M","thumb_720_9579nN37hwhSUbRzvlzhniQJ.jpg"
12811,101203,"S","thumb_384_6630kNptak9E9hTge73hQ39g.jpg"
12812,101203,"S","thumb_384_9583rw6CTYwVvWagCqD0qntz.jpg"
12813,101203,"S","thumb_384_5802HOiYt4aMHToJ5xZyJq0B.jpg"
12814,101204,"M","noimg.jpg"
12815,101205,"M","noimg.jpg"
12816,101206,"M","thumb_720_05155HD7WZ9TCBKqwYjnXHJS.jpg"
12817,101206,"S","thumb_384_16452RtFqtg7PkO4yXLCmsNx.jpg"
12818,101206,"S","thumb_384_0762ZXArdbzeUb8lcFYS1mox.jpg"
12819,101206,"S","thumb_384_6647DUv4hGORFuVQP2Huozc2.jpg"
12820,101207,"M","noimg.jpg"
12821,101208,"M","thumb_720_7805zUPnKhMJd8iP2RBq2mrn.jpg"
12822,101208,"S","thumb_384_1575e3jsHbdkachiNUKQsotm.jpg"
12823,101208,"S","thumb_384_8830BHS8O4TlW2FyEXMqZ0CP.jpg"
12824,101208,"S","thumb_384_87619EKuD7Ugw9sAvsgDP8V7.jpg"
12825,101209,"M","noimg.jpg"
12826,101210,"M","noimg.jpg"
12827,101211,"M","thumb_720_0316duOWgInMbzPUqFaUMHGZ.jpg"
12828,101211,"S","thumb_384_0399m2qgf4Mj2kYE8gPZqZgP.jpg"
12829,101211,"S","thumb_384_8269fEHDqvZ1h5daMVUBcjra.jpg"
12830,101211,"S","thumb_384_1535lI9zReOqTObuIoED5MnS.jpg"
12831,101212,"M","thumb_720_6847CPjwAYTZ0Zy79DXeaK4U.jpg"
12832,101212,"S","thumb_384_7329gvNuIuZBYcjWU1JXZm7o.jpg"
12833,101212,"S","thumb_384_2043Kfz0mZZuYFRdikYAOf1D.jpg"
12834,101212,"S","thumb_384_6372vjJoJmr0xayR2R59mNND.jpg"
12835,101213,"M","noimg.jpg"
12836,101214,"M","noimg.jpg"
12837,101215,"M",""
12838,101216,"M","thumb_720_1547uIkTS9icS1T2zLwJKmE8.jpg"
12839,101216,"S","thumb_384_4892agPT6Hn2NoEtQYwVwPqa.jpg"
12840,101216,"S","thumb_384_1887PLRfTQOLXHyv4vLKix7W.jpg"
12841,101216,"S","thumb_384_4708DLWVKWvRbSjAzC03CMsA.jpg"
12842,101217,"M","thumb_720_4101mn6c0mTUCdzsZIzRlkOf.jpg"
12843,101217,"S","thumb_384_5607t2QhDX6qyz39BjeUOzVc.jpg"
12844,101217,"S","thumb_384_9800qQ5i1LT7engUeIm4ZunO.jpg"
12845,101217,"S","thumb_384_7003XQuixpzsIkMeWqXBsybc.jpg"
12846,101218,"M","thumb_720_8117m6KWYf1BZP9ohTW2YOaz.jpg"
12847,101218,"S","thumb_384_0898N5IKAC4qPp1XEpyAS4jL.jpg"
12848,101218,"S","thumb_384_82642LwH9RZRnioBWGM9BMZr.jpg"
12849,101218,"S","thumb_384_8195pmVgCWETATOYNdJfbBaV.png"
12850,101219,"M","thumb_720_0446q2qt90njwQeJoIB1BNhv.jpg"
12851,101219,"S","thumb_384_0218skannsZM2kf48OYd8xPM.jpg"
12852,101219,"S","thumb_384_2809uy820e9qPWBsU8gLrFAO.jpg"
12853,101219,"S","thumb_384_1165EwCtVNnkprseVGtbJzvF.jpg"
12854,101220,"M","thumb_720_4512TD0457SlVJk7Kgq9321W.jpg"
12855,101220,"S","thumb_384_4972Q5uB53fXqdYdGI1K0lIn.jpg"
12856,101220,"S","thumb_384_5072BM7HBDtB0OILqZfGYZtl.jpg"
12857,101220,"S","thumb_384_9616tT6iFNYZ3sj4TGk3V7dn.jpg"
12858,101221,"M","thumb_720_4396aJXlZxFdVrJkXqTdHzRD.jpg"
12859,101221,"S","thumb_384_0514L4GK3ritLIgiXva9HNRa.jpg"
12860,101221,"S","thumb_384_6314LY20TchZ9ITFphu9A4kD.jpg"
12861,101221,"S","thumb_384_7578ThihX5cP5tmQffOY2ACR.jpg"
12862,101222,"M","noimg.jpg"
12863,101223,"M","thumb_720_5286QXat3HQGSY1HBGAyk28G.jpg"
12864,101223,"S","thumb_384_9187NPCFnmTFTjKkUpJXLiYy.jpg"
12865,101223,"S","thumb_384_5276hRboqYFr7ocg9P2B2Mm7.jpg"
12866,101223,"S","thumb_384_2233gjhHKOC81EDcjWz7Bcfr.jpg"
12867,101224,"M","noimg.jpg"
12868,101225,"M","noimg.jpg"
12869,101226,"M","thumb_720_0291lYVZiO913r0Dh215qj40.jpg"
12870,101226,"S","thumb_384_9853wlt9TvoWQQiMFw0hU7nX.jpg"
12871,101226,"S","thumb_384_2930XE9WqMTKTcoRc2eBuc2Z.jpg"
12872,101226,"S","thumb_384_608678nOCdyEQnv65iZBilAL.jpg"
12873,101227,"M","thumb_720_72842qOvuH1uisel5FqjX6Yk.jpg"
12874,101227,"S","thumb_384_46870zFUIaRW2MkaMKOhlH9h.jpg"
12875,101227,"S","thumb_384_6890nbFpHdeDKZFRefVUYS0m.jpg"
12876,101227,"S","thumb_384_7809eoeyAOPBB2PvwT6Qvgoy.jpg"
12877,101228,"M","thumb_720_0097wNgtbknpWf3jA1cqQH8U.jpg"
12878,101228,"S","thumb_384_9788hkUcMjsWVvc9NNRneJ9c.jpg"
12879,101228,"S","thumb_384_2680E4A1RC4KcJQtBTwMhdpM.jpg"
12880,101228,"S","thumb_384_5235M4SH1DNQxX9yeEw2atRZ.jpg"
12881,101230,"M","thumb_720_1827Pxo0Ax7bnBeWXw4LURTn.jpg"
12882,101230,"S","thumb_384_9460u5Vf0sorYfiG4xrsWWPl.jpg"
12883,101230,"S","thumb_384_7356H7eN3q4ikWbLR44V5xNe.jpg"
12884,101230,"S","thumb_384_2160bKVxScpNslxbcmuMsue1.jpg"
12885,101231,"M","thumb_720_0512JREV5dWVEHieOXuOdlih.jpg"
12886,101231,"S","thumb_384_383147OagrRsgLNeiatLUmSr.jpg"
12887,101231,"S","thumb_384_5264s6fPM0MT1ROoh7uv1ChC.jpg"
12888,101231,"S","thumb_384_7873A1ouJPIpSqCfPQhQzPwD.jpg"
12889,101232,"M","noimg.jpg"
12890,101233,"M","thumb_720_7811MuoBVLqD6W5WglyQwg58.jpg"
12891,101233,"S","thumb_384_7870v0wesl2Xuu0EJgghUcvQ.jpg"
12892,101233,"S","thumb_384_1890KqdQxVsyDPudLGh0WSUq.jpg"
12893,101233,"S","thumb_384_9195KROjIzcbl5r7Yk5GDNxb.jpg"
12894,101234,"M","thumb_720_982777YN2QtOjeLirPB2P38k.jpg"
12895,101234,"S","thumb_384_1926xtftdAPVioFkwXFZGe45.jpg"
12896,101234,"S","thumb_384_3594CZT60sPXNDDObq9u0f1D.jpg"
12897,101234,"S","thumb_384_4008rsE59EXTYxM2nTQVJve7.jpg"
12898,101236,"M","noimg.jpg"
12899,101237,"M","noimg.jpg"
12900,101238,"M","noimg.jpg"
12901,101239,"M",""
12902,101240,"M","noimg.jpg"
12903,101241,"M","noimg.jpg"
12904,101242,"M","thumb_720_4661t7LnTw3GzZNFHNOGjPTz.jpg"
12905,101242,"S","thumb_384_00476NHkPxn33yiesnfoUxqB.jpg"
12906,101242,"S","thumb_384_5144bUdKYmDZP0K9lfpDgoAJ.jpg"
12907,101242,"S","thumb_384_3891nO7Hd7FqFpNep61qdpGg.jpg"
12908,101243,"M","noimg.jpg"
12909,101244,"M","noimg.jpg"
12910,101245,"M","thumb_720_12174QZgkS5bzBmabJjyZxhB.jpg"
12911,101245,"S","thumb_384_4795xkKuLt5kJUWlmGjJA73K.jpg"
12912,101245,"S","thumb_384_2317TZ9IoJMlFQnNlJuUfA2p.jpg"
12913,101245,"S","thumb_384_5752uFJ83iGw1t6aDC5o72KQ.jpg"
12914,101246,"M","thumb_720_0881z88bhRBsqNJ9bHRuG3nZ.jpg"
12915,101246,"S","thumb_384_4785vEOFd4yVEXYgrXWMF8Aj.jpg"
12916,101247,"M","thumb_720_5716uaUodh1FQGh8auH828tG.jpg"
12917,101248,"M","thumb_720_3468er56o1kScTw94YGAusna.jpg"
12918,101248,"S","thumb_384_14229hA7oV2RBT34yT9WQ4Yc.jpg"
12919,101248,"S","thumb_384_1193MPNQZSlFuyzJZcOZSYsW.jpg"
12920,101248,"S","thumb_384_2783IluqLkFLUDnbzuRkzTmA.jpg"
12921,101249,"M","thumb_720_6104Qpwu3EzyIAmvCxySZrKK.jpg"
12922,101250,"M","noimg.jpg"
12923,101251,"M","noimg.jpg"
12924,101252,"M","thumb_720_8489eVcPbSKpsRy3f0D2Mw35.jpg"
12925,101252,"S","thumb_384_6086BHcjTpwo4yQBR1uy8WVE.jpg"
12926,101252,"S","thumb_384_5824wVrkLlqfYFKV6tbUNW9K.jpg"
12927,101252,"S","thumb_384_9993GyNaJUS8KCHzPBCuC9iu.jpg"
12928,101253,"M","thumb_720_77805ZArl6PxMlyGo3rX27es.jpg"
12929,101253,"S","thumb_384_4787Xokn2Zx97DsShjZCcbTK.jpg"
12930,101253,"S","thumb_384_6436BveHtIZSYUz6VKI9KWNJ.jpg"
12931,101254,"M","thumb_720_8169YbI4g4c64qaCB0eLMBGm.jpg"
12932,101254,"S","thumb_384_0562GHAJxnHu6y2hEjDQO8Ph.jpg"
12933,101254,"S","thumb_384_2788688X8oYO6eGZRRzJ1ecK.jpg"
12934,101254,"S","thumb_384_2698rkHlPIoFNhOholEBeeXD.jpg"
12935,101255,"M","thumb_720_6827fL0fsO7pSYAjmTibauDF.jpg"
12936,101255,"S","thumb_384_6886mZdSwDevWJ5MnYptZTgE.jpg"
12937,101255,"S","thumb_384_94626da6mGohcUfrQrxFal7S.jpg"
12938,101255,"S","thumb_384_8189EWgUbx42gRhOqr7wleKH.jpg"
12939,101256,"M","thumb_720_3110HOe5rSaXb2Vm7beloEIG.jpg"
12940,101256,"S","thumb_384_67302rtc1rHk6ZlylonajRwe.jpg"
12941,101256,"S","thumb_384_1535CuoshDzL8CfMvXY6LGQH.jpg"
12942,101256,"S","thumb_384_63273Osj7e3axGXDabFgkPRC.jpg"
12943,101257,"M","thumb_720_4165G6cwn8Ei1ANabVAV5bj7.jpg"
12944,101257,"S","thumb_384_0029EkBHa7w3GPClK4Z53aFs.jpg"
12945,101257,"S","thumb_384_4799uE0YpVFDRv2KpFFOGjFi.jpg"
12946,101257,"S","thumb_384_37302mtLCaAFnDQkLFwgU4XQ.jpg"
12947,101258,"M","noimg.jpg"
12948,101259,"M","noimg.jpg"
12949,101260,"M","thumb_720_3862eTsMIsnUhyL8JsHdYNNO.jpg"
12950,101260,"S","thumb_384_7790keyfS55MPk3CXcyAQExF.jpg"
12951,101260,"S","thumb_384_509451efFjdRFBHQY6QFoEis.jpg"
12952,101260,"S","thumb_384_5123Io4SfTWXm7s6pRkOjxUR.jpg"
12953,101261,"M","noimg.jpg"
12954,101262,"M","noimg.jpg"
12955,101263,"M","noimg.jpg"
12956,101264,"M",""
12957,101265,"M","noimg.jpg"
12958,101266,"M","noimg.jpg"
12959,101267,"M","thumb_720_7083teeDyEvfrgCiNGl0BVSr.jpg"
12960,101267,"S","thumb_384_6840poe0UBzzSvgTt40K9i8E.jpg"
12961,101268,"M","noimg.jpg"
12962,101269,"M","thumb_720_1346PqlJePOadxmgkscX6xhQ.jpg"
12963,101269,"S","thumb_384_4161Stb7iclajkniIIKsR05V.jpg"
12964,101270,"M","noimg.jpg"
12965,101271,"M","noimg.jpg"
12966,101272,"M","thumb_720_4893z5U2RSPdxKPMB9PKMDID.jpg"
12967,101273,"M","noimg.jpg"
12968,101274,"M","thumb_720_3472Ey03WkMoNwLTi86vrn1X.png"
12969,101274,"S","thumb_384_0674CzHbI618qDLHWI4cjc65.png"
12970,101274,"S","thumb_384_1728h4kYuhw3dV4y6T7OjrHZ.png"
12971,101274,"S","thumb_384_7943XqIJjBxiSeznGAvzaaZ4.png"
12972,101275,"M","noimg.jpg"
12973,101276,"M","noimg.jpg"
12974,101277,"M","noimg.jpg"
12975,101278,"M","thumb_720_0036KDe7js2TDiutBQSQdXJn.jpg"
12976,101279,"M","noimg.jpg"
12977,101280,"M","noimg.jpg"
12978,101281,"M","thumb_720_7281bQpsrsu8q0cOWferbwVo.jpg"
12979,101281,"S","thumb_384_2319yIHxm0TcaqPyinUhKHcI.jpg"
12980,101281,"S","thumb_384_2264V5k5jmskRK4sVugShiOr.jpg"
12981,101282,"M","thumb_720_10635LUA5VPNNgJmMidLXA5F.jpg"
12982,101283,"M","thumb_720_7652K3JLbpPRzJrRJxCw5f8C.jpg"
12983,101283,"S","thumb_384_0247GSeX7HXzcUBlhyAoWZ0Q.jpg"
12984,101283,"S","thumb_384_5128FQHUnKqwtfu4uoHrrmqT.jpg"
12985,101283,"S","thumb_384_2977lCDQVVG68Cvw7cfv1xQV.jpg"
12986,101284,"M","thumb_720_0058qul7fhbRIxuG2Vsa3iWY.jpg"
12987,101284,"S","thumb_384_8060Stb570l31b8w2R7HUnwe.jpg"
12988,101284,"S","thumb_384_797850a9ACGfGwJgrWozzBTQ.jpg"
12989,101284,"S","thumb_384_77208xQUn8aqkzBvR5yFhK5x.jpg"
12990,101285,"M","thumb_720_7530AoNCnsQNAmP6Aj7he1c0.jpg"
12991,101285,"S","thumb_384_01443PNO9b8as9UQL03J5OBo.jpeg"
12992,101285,"S","thumb_384_6255OTTvp4vAxYvAQGFx3sRn.jpeg"
12993,101285,"S","thumb_384_6829JrhlYcEANr9La4V9BsBB.jpeg"
12994,101286,"M","noimg.jpg"
12995,101287,"M","thumb_720_3916WQ8qu2YUoU0aTu5OiSyI.png"
12996,101287,"S","thumb_384_0949TakbKgDeR8x0PwyPycTc.jpg"
12997,101287,"S","thumb_384_07532KyyZ1Hw3fheB6IPy9ae.png"
12998,101287,"S","thumb_384_7182vb647iJrPxP6V5i5bPGp.jpg"
12999,101288,"M","thumb_720_3518pkZzbqY1CDDKt8Ll6v9x.jpg"
13000,101288,"S","thumb_384_4792jvnXPJtAlVMIWTvupZKS.jpg"
13001,101289,"M","thumb_720_1318yMS09sB7T4v9FQnopdPH.jpg"
13002,101289,"S","thumb_384_53051ZJetEioPOyBeJsSksqL.jpg"
13003,101289,"S","thumb_384_3058XWKfOd73Q1TySvCdSqU5.jpg"
13004,101290,"M","noimg.jpg"
13005,101291,"M","thumb_720_3035bDk9DzVtVgWUUsg9LJx5.jpeg"
13006,101291,"S","thumb_384_26477VatNgdAjuA5nex1XINw.jpeg"
13007,101291,"S","thumb_384_2733Y8bwwnJsiJFaxEX5vrxG.jpeg"
13008,101291,"S","thumb_384_0501BoHPTbLPaEPSvyjJspuT.jpeg"
13009,101292,"M","noimg.jpg"
13010,101293,"M","noimg.jpg"
13011,101294,"M","noimg.jpg"
13012,101295,"M","noimg.jpg"
13013,101296,"M","noimg.jpg"
13014,101297,"M","noimg.jpg"
13015,101298,"M","noimg.jpg"
13016,101299,"M","noimg.jpg"
13017,101300,"M","noimg.jpg"
13018,101301,"M","noimg.jpg"
13019,101302,"M","noimg.jpg"
13020,101303,"M","noimg.jpg"
13021,101304,"M","noimg.jpg"
13022,101305,"M","thumb_720_9110SqrMz6hRDmBQH0Y16YkB.jpeg"
13023,101305,"S","thumb_384_4668mWBTcBZhT68ud35TDRvk.jpeg"
13024,101305,"S","thumb_384_15360aaN9xVgjYZZ2nHyI9GZ.jpeg"
13025,101305,"S","thumb_384_9573nP76BmPWERQH9Yf0t029.jpeg"
13026,101306,"M","noimg.jpg"
13027,101307,"M","thumb_720_2616TuceAapgmExiZWEehggl.jpg"
13028,101307,"S","thumb_384_1840PbarutU2h817JO50NrSD.jpg"
13029,101307,"S","thumb_384_6358bfK9S3l68WzPxCAe1wYC.jpg"
13030,101307,"S","thumb_384_2210LXLKI0f0VnVmvsr0i4XY.jpg"
13031,101308,"M","noimg.jpg"
13032,101309,"M","noimg.jpg"
13033,101310,"M","noimg.jpg"
13034,101311,"M","noimg.jpg"
13035,101312,"M","thumb_720_9498ugNG3A4hmJ82Tgpqx1nn.jpeg"
13036,101313,"M","noimg.jpg"
13037,101314,"M","noimg.jpg"
13038,101315,"M","thumb_720_5035CyCzCHTy0QCumDeV7K9W.jpg"
13039,101315,"S","thumb_384_6529n4ifcXSYT7dVOcZS5IUQ.jpg"
13040,101315,"S","thumb_384_56287seTZEGkLPJAvguy005W.jpg"
13041,101315,"S","thumb_384_4593a6vmLSAKFS8hah6WQ6ow.jpg"
13042,101316,"M","noimg.jpg"
13043,101317,"M","noimg.jpg"
13044,101318,"M","noimg.jpg"
13045,101319,"M","noimg.jpg"
13046,101320,"M","noimg.jpg"
13047,101321,"M","thumb_720_8463WhU8FuQs04yRt3L96lZX.jpg"
13048,101321,"S","thumb_384_8907oPVbiJGGYAcb6z9ttpQF.jpg"
13049,101321,"S","thumb_384_0690IFke2GlDrfq03sGwB0JW.jpg"
13050,101321,"S","thumb_384_0186FZKrTL69qBrA2pqKjBre.jpg"
13051,101322,"M","thumb_720_8648TSE8ILzBO1Cd4jCZs5Yg.jpg"
13052,101322,"S","thumb_384_41895UfOiSvyVHeY1n0Veo5R.jpg"
13053,101322,"S","thumb_384_7400vV6XMQwxedcCegsrGzk6.jpg"
13054,101322,"S","thumb_384_5866JaqGRNuBYVGVTUBonlnF.jpg"
13055,101323,"M","noimg.jpg"
13056,101324,"M","noimg.jpg"
13057,101325,"M","noimg.jpg"
13058,101326,"M","noimg.jpg"
13059,101327,"M","noimg.jpg"
13060,101328,"M","thumb_720_6279fMqAoCYtjbJK9gc5Lvs7.jpg"
13061,101329,"M","noimg.jpg"
13062,101330,"M","thumb_720_3630VZLC6xF2iNEGkv5jCKuU.jpg"
13063,101330,"S","thumb_384_7649edgy56WzxI16Zh1eqzPf.jpg"
13064,101330,"S","thumb_384_92287kZERGuZRlHJsrNQL3b3.jpg"
13065,101330,"S","thumb_384_8092omuPXA7VieJAPBbTQjBi.jpg"
13066,101331,"M","noimg.jpg"
13067,101332,"M","thumb_720_7844eJLK52NfRV9zGRPwCIJH.jpg"
13068,101332,"S","thumb_384_0833Cd9uHxkwaHxOFsMtU1al.jpg"
13069,101333,"M","noimg.jpg"
13070,101334,"M","noimg.jpg"
13071,101335,"M","noimg.jpg"
13072,101336,"M","thumb_720_5406ZX5dXS9d77P0iaMmphyo.jpg"
13073,101336,"S","thumb_384_0559wJoRh2AqJQeymsBlxGm6.jpg"
13074,101336,"S","thumb_384_1799ruYa3r61uuPJOyN89phT.jpg"
13075,101336,"S","thumb_384_8027cg5ZFqNy5tLNNhaRM4Y2.jpg"
13076,101337,"M","noimg.jpg"
13077,101338,"M","noimg.jpg"
13078,101339,"M","thumb_720_5406sAiusvEKBoiAeEX43UgB.jpg"
13079,101339,"S","thumb_384_64292n30ooEoNQwoKjSemqTz.jpg"
13080,101339,"S","thumb_384_5889XsR1iIedH0j4XWTmfVfQ.jpg"
13081,101339,"S","thumb_384_1075OALvh61bgM6kHs86gbp3.jpg"
13082,101340,"M","noimg.jpg"
13083,101341,"M","noimg.jpg"
13084,101342,"M","thumb_720_4683KyvAtU0sUauzovLLLPb0.jpg"
13085,101342,"S","thumb_384_8719Zp6AJ78gU0B04qIK0TgK.jpg"
13086,101342,"S","thumb_384_3488AKrE2Qt0ET5aJmMa0moB.jpeg"
13087,101343,"M",""
13088,101344,"M","thumb_720_7867VMynCDKjgOBiDRT0HzQK.jpg"
13089,101344,"S","thumb_384_5101ymzHnkvVaqfnQTLzbVnG.jpg"
13090,101344,"S","thumb_384_6139rtZvf0GsMs2dW7LRaxfW.jpg"
13091,101344,"S","thumb_384_4613TLXj7WxzKHuBkcMwrVJj.jpg"
13092,101345,"M","noimg.jpg"
13093,101346,"M","noimg.jpg"
13094,101347,"M","noimg.jpg"
13095,101348,"M","noimg.jpg"
13096,101349,"M","noimg.jpg"
13097,101350,"M","noimg.jpg"
13098,101351,"M","noimg.jpg"
13099,101352,"M","thumb_720_23861eCDnpyq5rt3SyCN4x0g.jpg"
13100,101353,"M","noimg.jpg"
13101,101354,"M","noimg.jpg"
13102,101355,"M","noimg.jpg"
13103,101356,"M","noimg.jpg"
13104,101358,"M","noimg.jpg"
13105,101359,"M","noimg.jpg"
13106,101360,"M","noimg.jpg"
13107,101361,"M","noimg.jpg"
13108,101362,"M","thumb_720_9748ydMewFYnFOaegu1kHRiU.jpg"
13109,101362,"S","thumb_384_4066O5ltLoIPExLsLnTwWlRj.jpg"
13110,101363,"M","noimg.jpg"
13111,101364,"M","noimg.jpg"
13112,101365,"M","thumb_720_7913LJiW9gODXgWx6oiHWdGc.jpg"
13113,101365,"S","thumb_384_5484Wgxkek0jmtvE9mCew9b5.jpg"
13114,101365,"S","thumb_384_4832b11ZivBdCjmuY2yWvbAJ.jpg"
13115,101365,"S","thumb_384_1557FsVs9pIeBlPBLU1Wni1S.jpg"
13116,101366,"M","thumb_720_3747deErCtlU1nThH1EZ7YUZ.jpg"
13117,101366,"S","thumb_384_9294Ir1zelWLrAb9eOZu5nLi.jpg"
13118,101366,"S","thumb_384_3689PNAcjYqXeeJJhrwfq1zf.jpg"
13119,101366,"S","thumb_384_08096yEnfmMk6bR8B5shq8a2.jpg"
13120,101367,"M","thumb_720_39565pkKMXe91MgTWBvoIzE4.jpg"
13121,101367,"S","thumb_384_6161IanRp5TclVTFCValBMSw.jpg"
13122,101367,"S","thumb_384_1533u5JwKhaZXPBS29HNhQSl.jpg"
13123,101367,"S","thumb_384_7615w0FOXEANSdKu66mnXomK.jpg"
13124,101368,"M","noimg.jpg"
13125,101369,"M","thumb_720_4022VMKWffwLGTPCSuOIquZ7.jpeg"
13126,101369,"S","thumb_384_2334H8vCnIwCjr20Zzd66B19.jpg"
13127,101369,"S","thumb_384_3465FZkzK4nVAgdKOX77jx18.jpg"
13128,101369,"S","thumb_384_4586vc2cnZs0pcWCAqHBBy1O.jpeg"
13129,101370,"M","noimg.jpg"
13130,101371,"M","thumb_720_2198h1D9BT22EJHw5LmkKruf.jpg"
13131,101371,"S","thumb_384_9035xHN1Q1PSGMIVxwyfgkox.jpg"
13132,101371,"S","thumb_384_0609X0OovIAoziovmG4tck0S.jpg"
13133,101371,"S","thumb_384_0733Mz51rJaPXEmeiavHeiSi.jpg"
13134,101372,"M","noimg.jpg"
13135,101373,"M","noimg.jpg"
13136,101374,"M","noimg.jpg"
13137,101375,"M","noimg.jpg"
13138,101376,"M","noimg.jpg"
13139,101377,"M","noimg.jpg"
13140,101378,"M","noimg.jpg"
13141,101379,"M","noimg.jpg"
13142,101380,"M","noimg.jpg"
13143,101381,"M","noimg.jpg"
13144,101382,"M","noimg.jpg"
13145,101383,"M","thumb_720_3083uk9GNrjFzp6eO8zQaJXU.jpg"
13146,101384,"M","noimg.jpg"
13147,101385,"M","noimg.jpg"
13148,101386,"M","thumb_720_0745THIE4akyXMl9vUKhVXBF.jpg"
13149,101386,"S","thumb_384_10243XMYbrejCwb79bbvJz6B.jpg"
13150,101386,"S","thumb_384_0173Yd3cN91YjtWT8FwZktsN.jpg"
13151,101386,"S","thumb_384_4153cHnxYS72Sy60zV9c6Kk0.jpg"
13152,101387,"M","noimg.jpg"
13153,101388,"M","noimg.jpg"
13154,101389,"M","thumb_720_9451DylY5dlRz3ePmNvX1vXe.png"
13155,101389,"S","thumb_384_2135RVmz6XzGHT2FrJkO2FN8.png"
13156,101389,"S","thumb_384_2767yc87bTrpti0s89OBVCdO.png"
13157,101389,"S","thumb_384_5227wg8s3RZdNLz7PhKBbHTT.png"
13158,101390,"M","noimg.jpg"
13159,101391,"M","noimg.jpg"
13160,101392,"M","noimg.jpg"
13161,101393,"M","noimg.jpg"
13162,101394,"M","noimg.jpg"
13163,101395,"M","noimg.jpg"
13164,101396,"M","noimg.jpg"
13165,101397,"M","noimg.jpg"
13166,101398,"M","noimg.jpg"
13167,101399,"M","noimg.jpg"
13168,101400,"M","noimg.jpg"
13169,101401,"M","noimg.jpg"
13170,101402,"M","thumb_720_4229ZTqZrpXzohWspgwtxYQu.jpg"
13171,101402,"S","thumb_384_5442hc5JlyCiWVNHgsFiwfPO.jpg"
13172,101402,"S","thumb_384_4573WpQgwybyjmqwMxovwvvH.jpg"
13173,101402,"S","thumb_384_5262A52pUkLe6EsCJwJtNJLG.jpg"
13174,101403,"M","thumb_720_0226J6ttUVNa1aCfordRG9EJ.jpg"
13175,101403,"S","thumb_384_3298tkIQnkSqJ2LoRRZcjPk7.jpg"
13176,101403,"S","thumb_384_2373q5CTMKpYAMp2VWUXVLGe.jpg"
13177,101403,"S","thumb_384_6529p0XmKQRDHxLZyHFmKKvC.jpg"
13178,101404,"M","thumb_720_6431DR3i5i45yQKNkCVPe9Is.jpg"
13179,101404,"S","thumb_384_473696eED0b5d5ZrVcCtpZcm.jpg"
13180,101404,"S","thumb_384_2814lP7jjzLDa2sQVFLEseVB.jpg"
13181,101404,"S","thumb_384_5194wPmkXYM5FQHYdBXusg4H.jpg"
13182,101405,"M","noimg.jpg"
13183,101406,"M","noimg.jpg"
13184,101407,"M","noimg.jpg"
13185,101408,"M","thumb_720_2781vFfIfIqQYZnWwMRulvmo.jpg"
13186,101408,"S","thumb_384_3172LN26zbM3TMWQVMeH6nzd.jpg"
13187,101408,"S","thumb_384_73097dqIcPG0Tg0l021VBx4V.jpg"
13188,101408,"S","thumb_384_9337Km3Ww22Teqq5LqTk7m61.jpg"
13189,101409,"M","noimg.jpg"
13190,101410,"M","thumb_720_1018fRZqqNqopsIiTFeWHh08.jpg"
13191,101410,"S","thumb_384_59406mgdlfg9iF6Yl8ZhFIDL.jpg"
13192,101410,"S","thumb_384_3779ycMcjJI84C6lZzOrs8GF.jpg"
13193,101410,"S","thumb_384_4209O37JFe189s1XcvqxgVyk.jpg"
13194,101411,"M","thumb_720_30393RiWNZI6k53dQweEJZgG.jpg"
13195,101411,"S","thumb_384_5207e2yy7Uu4zuvztosjmZXd.jpg"
13196,101411,"S","thumb_384_8376UwSLbW7XGoAvTl6waORb.jpg"
13197,101411,"S","thumb_384_8344QM0CxckiESx1fqWRkXjh.jpg"
13198,101412,"M","thumb_720_8642WRC4I49FxjS21Xm9P0z1.jpg"
13199,101413,"M","thumb_720_7480naWOq8jmnvMLj7yTQv9W.jpg"
13200,101413,"S","thumb_384_7929NeB0ZY3piK62KStccKHu.jpg"
13201,101413,"S","thumb_384_2876mQA6FYPbyxTFsMWbNbyJ.jpg"
13202,101413,"S","thumb_384_8568N20qdsipoXfICDyT2ypV.jpg"
13203,101414,"M","noimg.jpg"
13204,101415,"M","noimg.jpg"
13205,101416,"M","thumb_720_9418XyyIwSK9waioNoMUHIlH.jpg"
13206,101416,"S","thumb_384_72016pfCEQVKDKsVtJz7dPbP.jpg"
13207,101416,"S","thumb_384_6810Uh45KPvgvLm6gexoGOim.jpg"
13208,101416,"S","thumb_384_3228ta8q1c4nEBqdIf6nRnjt.jpg"
13209,101417,"M","noimg.jpg"
13210,101418,"M","noimg.jpg"
13211,101419,"M","noimg.jpg"
13212,101420,"M","noimg.jpg"
13213,101421,"M","noimg.jpg"
13214,101422,"M","noimg.jpg"
13215,101423,"M","noimg.jpg"
13216,101424,"M","noimg.jpg"
13217,101425,"M","noimg.jpg"
13218,101426,"M","noimg.jpg"
13219,101427,"M","noimg.jpg"
13220,101428,"M","noimg.jpg"
13221,101429,"M","thumb_720_0807wV5zvcwt3DwRqqZFGAmm.jpg"
13222,101429,"S","thumb_384_6083ZBvziDMIZWCtIIT3tS5F.jpg"
13223,101430,"M","noimg.jpg"
13224,101431,"M","noimg.jpg"
13225,101432,"M","noimg.jpg"
13226,101433,"M","noimg.jpg"
13227,101434,"M","noimg.jpg"
13228,101435,"M","noimg.jpg"
13229,101436,"M","thumb_720_3953li9sJLa0qMJEGRV7GUh2.jpg"
13230,101436,"S","thumb_384_6009dXnpqHcQOgraCLCdqf5h.jpg"
13231,101436,"S","thumb_384_4057u74VBloLykF33RjViynx.jpg"
13232,101436,"S","thumb_384_6255QJXvDY6ebyute0JVo22O.jpg"
13233,101437,"M","noimg.jpg"
13234,101438,"M","noimg.jpg"
13235,101439,"M","noimg.jpg"
13236,101440,"M","noimg.jpg"
13237,101441,"M","noimg.jpg"
13238,101442,"M","noimg.jpg"
13239,101443,"M","noimg.jpg"
13240,101444,"M","noimg.jpg"
13241,101445,"M","noimg.jpg"
13242,101446,"M","noimg.jpg"
13243,101447,"M","thumb_720_1463j05y7ZF2RbAyKuSjDUut.jpg"
13244,101447,"S","thumb_384_10745wjcL6aZtaCEB6vmbNc4.jpg"
13245,101447,"S","thumb_384_6259IL1mEue325c7fJfDbQfj.jpg"
13246,101447,"S","thumb_384_0112fSxWP1h7aczSpG9yfCZE.jpg"
13247,101448,"M","noimg.jpg"
13248,101449,"M","noimg.jpg"
13249,101450,"M","noimg.jpg"
13250,101451,"M","noimg.jpg"
13251,101452,"M","noimg.jpg"
13252,101453,"M","thumb_720_7895kMmUSiSwcKZuSoxhizpg.jpg"
13253,101453,"S","thumb_384_7852lNQQqRinZmfbKGZ9Djtw.jpg"
13254,101453,"S","thumb_384_0416UiQFkH1RexPKqNA0F4AT.jpg"
13255,101453,"S","thumb_384_1036dH6KDJJE1KZQAIPayp3A.jpg"
13256,101454,"M","thumb_720_2953sVKfZGpQ3T5ELrzLAtdm.jpg"
13257,101455,"M","noimg.jpg"
13258,101456,"M","thumb_720_6892fJvMIEgOHNKYImYnJcm8.jpg"
13259,101456,"S","thumb_384_17944mQwkTeRmuOWE0V7FZuj.jpg"
13260,101456,"S","thumb_384_0962Yy7CwExVjSfFUXyTJ1xS.jpg"
13261,101456,"S","thumb_384_0693rBDHmA7vNtdgj2mw7TO7.jpg"
13262,101457,"M","noimg.jpg"
13263,101458,"M","noimg.jpg"
13264,101459,"M","noimg.jpg"
13265,101460,"M","noimg.jpg"
13266,101461,"M","thumb_720_4619NRW8tDutBn8MxLyLG32g.jpg"
13267,101461,"S","thumb_384_3627wUsBQZV53MKrAjboV9Pv.jpg"
13268,101461,"S","thumb_384_2122K9qN4Ww1Kd8WV3Eyydr3.jpg"
13269,101461,"S","thumb_384_9948SPieqTv5Ax6Mrf12z5d9.jpg"
13270,101462,"M","thumb_720_4532q5gx1jow5eDP203kLjJp.jpg"
13271,101462,"S","thumb_384_5364mtqllH5i5PABC2iDSLYa.jpg"
13272,101462,"S","thumb_384_0346Co2w6k2gyZ8121zrQjAi.jpg"
13273,101462,"S","thumb_384_5042BMpb9Nqd0Bon8QpM8fqt.jpg"
13274,101463,"M","noimg.jpg"
13275,101464,"M","noimg.jpg"
13276,101465,"M","thumb_720_025909bcDErDMZMHykHBPnPZ.jpg"
13277,101465,"S","thumb_384_4173YuVxOEinGEvUMKzWfBsg.jpg"
13278,101465,"S","thumb_384_1727kb8NNV9VpUX00V0eDd1h.jpg"
13279,101465,"S","thumb_384_1518eZ7ydQbo5XyQhMrJ8SCm.jpg"
13280,101466,"M","thumb_720_0165rJdXuvXiuxu6lcLfnr0K.jpg"
13281,101466,"S","thumb_384_7846PYGVoM8wX3Izls6rDWN2.jpg"
13282,101466,"S","thumb_384_9699127fZuksM7G9iy560nS4.jpg"
13283,101466,"S","thumb_384_8954oWv6O959BIDYqoOiUZAz.jpg"
13284,101467,"M","thumb_720_8319LEz0PctrhHxs21Cpe8x7.jpg"
13285,101467,"S","thumb_384_0507Qta5JgYeqjktbXZF6XfA.jpeg"
13286,101467,"S","thumb_384_9201gbNMSBUzj4Qb18baCNFy.jpeg"
13287,101467,"S","thumb_384_2202MvjXn1JJ7bAXDPmiLScB.jpg"
13288,101468,"M","thumb_720_0038r6s5RMmz7g4tGgcBmw7L.jpg"
13289,101469,"M","noimg.jpg"
13290,101470,"M","noimg.jpg"
13291,101471,"M","noimg.jpg"
13292,101472,"M","noimg.jpg"
13293,101473,"M","noimg.jpg"
13294,101474,"M","thumb_720_9874s7VtGox7jHOj8gnXjaU0.jpg"
13295,101475,"M","thumb_720_982670n9913gxNvd8havxznl.jpg"
13296,101475,"S","thumb_384_5462DaASsMo6nYmdvmEn0jSe.jpg"
13297,101475,"S","thumb_384_43354dMRtehditRYJ8GIVN5D.jpg"
13298,101475,"S","thumb_384_3093IxT2CFiBGTOMF6JOljLo.jpg"
13299,101477,"M","noimg.jpg"
13300,101478,"M","noimg.jpg"
13301,101480,"M","noimg.jpg"
13302,101481,"M","thumb_720_0357QUmazjhOyQ4AKBpgrA65.jpg"
13303,101482,"M","noimg.jpg"
13304,101483,"M","noimg.jpg"
13305,101484,"M","noimg.jpg"
13306,101485,"M","noimg.jpg"
13307,101486,"M","noimg.jpg"
13308,101487,"M","thumb_720_7144RorWaLEFlQx7XCLPC4XU.jpg"
13309,101487,"S","thumb_384_0164gpCM4jUNPPE4TxohNc6f.jpg"
13310,101487,"S","thumb_384_8949j8zG4G94a1tnM8u5QRYC.jpg"
13311,101487,"S","thumb_384_51630o84QQgZmHOllOuWN9e4.jpg"
13312,101488,"M","noimg.jpg"
13313,101489,"M","thumb_720_2366NcZWYA4ZHsm5HIQ9UxuE.jpg"
13314,101489,"S","thumb_384_9667fvaVsA3JvrsbQyj0YlcO.jpg"
13315,101489,"S","thumb_384_1502yQhGaJC7luanwq6Twx2Q.jpg"
13316,101489,"S","thumb_384_127975O9S9xlhAw4MTQXfYQF.jpg"
13317,101490,"M","noimg.jpg"
13318,101491,"M","noimg.jpg"
13319,101492,"M","thumb_720_73853y8BM8RX9dehRIUNdfDj.jpg"
13320,101493,"M",""
13321,101494,"M","noimg.jpg"
13322,101495,"M","noimg.jpg"
13323,101496,"M","noimg.jpg"
13324,101497,"M","noimg.jpg"
13325,101498,"M","noimg.jpg"
13326,101499,"M","noimg.jpg"
13327,101500,"M","noimg.jpg"
13328,101501,"M","noimg.jpg"
13329,101502,"M","noimg.jpg"
13330,101503,"M","noimg.jpg"
13331,101504,"M","noimg.jpg"
13332,101505,"M","noimg.jpg"
13333,101506,"M","noimg.jpg"
13334,101507,"M","noimg.jpg"
13335,101508,"M","noimg.jpg"
13336,101509,"M","noimg.jpg"
13337,101510,"M","noimg.jpg"
13338,101511,"M","noimg.jpg"
13339,101512,"M","noimg.jpg"
13340,101513,"M","noimg.jpg"
13341,101514,"M","noimg.jpg"
13342,101515,"M","noimg.jpg"
13343,101516,"M","noimg.jpg"
13344,101517,"M","thumb_720_3480zwS1pq1wsAyR9lHkBYk5.jpg"
13345,101517,"S","thumb_384_75987OunP5NHNz9e1JqBtDxX.jpg"
13346,101517,"S","thumb_384_4226zTiitSlPLCtDRYrWHIK5.jpg"
13347,101518,"M","thumb_720_4681MVH7imKvlPmf90yU9Ors.jpg"
13348,101518,"S","thumb_384_1335lzo1INtcnKMDDrh8Gxdq.jpg"
13349,101518,"S","thumb_384_1608x0QRBjrto5lAco8DR46G.jpg"
13350,101518,"S","thumb_384_7697M39JAGKJrnXceUQx2yTn.jpg"
13351,101519,"M","thumb_720_8465ET63PhQRZ73dVrtIXrV6.jpeg"
13352,101519,"S","thumb_384_0415LA2dQrD8MuC5rFX1N89j.jpeg"
13353,101519,"S","thumb_384_7223CDpzhuIyzX6jDMPhPpBl.jpeg"
13354,101520,"M","thumb_720_2918QozFNqv8iiiVvKjVFE8w.jpg"
13355,101520,"S","thumb_384_9414rM3r1yHQ196YfCOXMUTC.jpg"
13356,101520,"S","thumb_384_8222Yt8vsQvumqpCkkhCSGHB.jpg"
13357,101520,"S","thumb_384_3367XQGzD1VyWPKwOr8jpjj1.jpg"
13358,101521,"M","noimg.jpg"
13359,101522,"M","thumb_720_4440JgYA8M0mfLp32564TTGr.jpg"
13360,101522,"S","thumb_384_24626UQpmo6zncwKm4ElOVIe.jpg"
13361,101522,"S","thumb_384_8791SKOmureFbouEUqDpEGFV.jpg"
13362,101522,"S",""
13363,101523,"M","thumb_720_9706zVaDnYymuwlaRhss0SuS.jpg"
13364,101523,"S","thumb_384_32102Zso5yPb8bypww1ryAZN.jpg"
13365,101523,"S","thumb_384_67856qyVsBIColc8in9PCjQ2.jpg"
13366,101523,"S","thumb_384_3672iWrkpycFmlLBOqYt5A2J.jpg"
13367,101524,"M","noimg.jpg"
13368,101525,"M","noimg.jpg"
13369,101526,"M","noimg.jpg"
13370,101527,"M","thumb_720_61082MVwFXSKf8bK2tfpsJqM.jpg"
13371,101527,"S","thumb_384_3768z9wfNu0iGKEhbm8rjRPu.jpg"
13372,101528,"M","noimg.jpg"
13373,101529,"M","noimg.jpg"
13374,101530,"M","noimg.jpg"
13375,101531,"M","noimg.jpg"
13376,101532,"M","noimg.jpg"
13377,101533,"M","noimg.jpg"
13378,101534,"M","noimg.jpg"
13379,101535,"M","noimg.jpg"
13380,101536,"M","noimg.jpg"
13381,101537,"M","noimg.jpg"
13382,101538,"M","thumb_720_8666dZRlNH1U1jmW0ACXgBPF.jpg"
13383,101538,"S","thumb_384_9702xOe7fUMNp4jKX31R4ATk.jpg"
13384,101538,"S","thumb_384_7389zhRFVdAtKsL56uAvou0c.jpg"
13385,101538,"S","thumb_384_6236ch2qgcNRDEzf7SWrr3Jl.jpg"
13386,101539,"M","noimg.jpg"
13387,101540,"M","noimg.jpg"
13388,101541,"M","noimg.jpg"
13389,101542,"M","noimg.jpg"
13390,101543,"M","noimg.jpg"
13391,101544,"M","noimg.jpg"
13392,101545,"M","noimg.jpg"
13393,101546,"M","noimg.jpg"
13394,101547,"M","noimg.jpg"
13395,101548,"M","noimg.jpg"
13396,101549,"M","noimg.jpg"
13397,101550,"M","noimg.jpg"
13398,101551,"M","noimg.jpg"
13399,101552,"M","noimg.jpg"
13400,101553,"M","noimg.jpg"
13401,101554,"M","noimg.jpg"
13402,101555,"M","noimg.jpg"
13403,101556,"M","noimg.jpg"
13404,101557,"M","noimg.jpg"
13405,101558,"M","noimg.jpg"
13406,101559,"M","noimg.jpg"
13407,101560,"M","thumb_720_1033qzorDv4jGyuwodwYKDUo.jpg"
13408,101561,"M","noimg.jpg"
13409,101562,"M","noimg.jpg"
13410,101563,"M","noimg.jpg"
13411,101564,"M","thumb_720_56572AA6Yg6sklD2HP4E2DQB.jpg"
13412,101565,"M","noimg.jpg"
13413,101566,"M","thumb_720_2602aI1wMXXjoQiznHiU80so.jpg"
13414,101566,"S","thumb_384_1004m4JiJTIEad9iMjIWyOxm.jpg"
13415,101566,"S","thumb_384_1670bYXxlcdDWegd3RmUQgqw.jpg"
13416,101567,"M","noimg.jpg"
13417,101568,"M","noimg.jpg"
13418,101569,"M","noimg.jpg"
13419,101570,"M","noimg.jpg"
13420,101571,"M","noimg.jpg"
13421,101572,"M","thumb_720_8296917lRsrsoiccMMQcgFHr.gif"
13422,101572,"S","thumb_384_2144qiAVrTNV1PbkgU2KEtSt.gif"
13423,101572,"S","thumb_384_0230XkfXJ2qBzAkt4xDoIxh9.gif"
13424,101572,"S","thumb_384_4760ysvTWYuRAPmsIdsT4uva.gif"
13425,101573,"M","thumb_720_6670lH3TpvPFoHBa307nyigZ.jpg"
13426,101574,"M","thumb_720_4953xnJhyJK6BL2DnB8iqWxm.jpg"
13427,101574,"S","thumb_384_4379dCEkGonSYLhaYBFPPOZZ.jpg"
13428,101574,"S","thumb_384_94723JCkXAc6KITejxkgRpog.jpg"
13429,101574,"S","thumb_384_8865hyF45uRKFCUVbF79hsYE.jpg"
13430,101575,"M","noimg.jpg"
13431,101576,"M","noimg.jpg"
13432,101577,"M","thumb_720_6323YlKnVn2KysayE7WdEF3W.png"
13433,101577,"S","thumb_384_2213cPnBtdFeGdaxI1jXpQIm.jpg"
13434,101578,"M","noimg.jpg"
13435,101579,"M","noimg.jpg"
13436,101580,"M","noimg.jpg"
13437,101581,"M","noimg.jpg"
13438,101582,"M","noimg.jpg"
13439,101583,"M","noimg.jpg"
13440,101584,"M","noimg.jpg"
13441,101585,"M","noimg.jpg"
13442,101586,"M","noimg.jpg"
13443,101587,"M","noimg.jpg"
13444,101588,"M","noimg.jpg"
13445,101589,"M","noimg.jpg"
13446,101590,"M","noimg.jpg"
13447,101591,"M","noimg.jpg"
13448,101592,"M","noimg.jpg"
13449,101593,"M","noimg.jpg"
13450,101594,"M","noimg.jpg"
13451,101595,"M","thumb_720_08402IhhP5qEKd5Ihfk09mMx.jpg"
13452,101595,"S","thumb_384_8124uN7fQI9uXNb2qp7T4xr5.jpg"
13453,101595,"S","thumb_384_1235JDF7DCQWs1VLekq0i1Rw.jpg"
13454,101595,"S","thumb_384_2380LAUJU2ZNEoGkeAecdWgT.jpg"
13455,101596,"M","noimg.jpg"
13456,101597,"M","noimg.jpg"
13457,101598,"M","noimg.jpg"
13458,101599,"M","noimg.jpg"
13459,101600,"M","noimg.jpg"
13460,101601,"M","thumb_720_31716dISSuNXmfeQoT5BHIEp.jpg"
13461,101601,"S","thumb_384_4253eKZkcsNMVjRk3SzZq8Hm.jpg"
13462,101601,"S","thumb_384_5693FfuQUMwdBghRyi8ZW1Kt.jpg"
13463,101602,"M","noimg.jpg"
13464,101603,"M","thumb_720_997331n2QTvlOTShVcCS8kqS.jpg"
13465,101604,"M","noimg.jpg"
13466,101605,"M","noimg.jpg"
13467,101606,"M","thumb_720_7192G4gW7PNXsiD2ZkWKaXtW.jpg"
13468,101606,"S","thumb_384_4545CVXryo5blOUWce3ZQKF1.jpg"
13469,101606,"S","thumb_384_6721BcgxjR068pt9oUE0Fkop.jpg"
13470,101606,"S","thumb_384_0601boptnCnPs2pJ4BXHjkz4.jpg"
13471,101607,"M","noimg.jpg"
13472,101608,"M","noimg.jpg"
13473,101609,"M","thumb_720_5361tnw2ijkRh6sGN5MWpY8M.jpg"
13474,101609,"S","thumb_384_6197PUS6n8SRZF4Zf8ulZeON.jpg"
13475,101609,"S","thumb_384_0831EilaiH3NztWjfMX7ixg8.jpg"
13476,101609,"S","thumb_384_7022Qdt6h7I9hlbr1anN3wpO.jpg"
13477,101610,"M","thumb_720_04411z5uRlHuMI8UHutI3fzn.jpg"
13478,101610,"S","thumb_384_8535ngmTgeub72OnP6oI5tMS.jpg"
13479,101610,"S","thumb_384_73071rXtxibASNTf2jnmR7Cg.jpg"
13480,101610,"S","thumb_384_7832DhyOgz57G89z2DPku2ZY.jpg"
13481,101611,"M","noimg.jpg"
13482,101612,"M","noimg.jpg"
13483,101613,"M","noimg.jpg"
13484,101614,"M","noimg.jpg"
13485,101615,"M","noimg.jpg"
13486,101616,"M","noimg.jpg"
13487,101617,"M","noimg.jpg"
13488,101618,"M","noimg.jpg"
13489,101619,"M","noimg.jpg"
13490,101620,"M","noimg.jpg"
13491,101621,"M","noimg.jpg"
13492,101622,"M","noimg.jpg"
13493,101623,"M","noimg.jpg"
13494,101624,"M","noimg.jpg"
13495,101625,"M","noimg.jpg"
13496,101626,"M","noimg.jpg"
13497,101627,"M","noimg.jpg"
13498,101628,"M","noimg.jpg"
13499,101629,"M","noimg.jpg"
13500,101630,"M","noimg.jpg"
13501,101631,"M","noimg.jpg"
13502,101632,"M","noimg.jpg"
13503,101633,"M","thumb_720_05013BnJyohCGsjxB1cWzWfo.jpg"
13504,101633,"S","thumb_384_29442oI0ujFpd2GB3Bnl1t9d.jpg"
13505,101633,"S","thumb_384_5894maPlgtmIJQIANXxMhfRS.jpg"
13506,101633,"S","thumb_384_4794l2aWwawfFUx9Q98l2GMq.jpg"
13507,101634,"M","noimg.jpg"
13508,101635,"M","noimg.jpg"
13509,101636,"M","noimg.jpg"
13510,101637,"M","thumb_720_4163TYthzhoSMTU3YowhrpRI.jpg"
13511,101637,"S","thumb_384_7797Pp0ayXgsXt7ZLe0UPkAc.jpg"
13512,101637,"S","thumb_384_9383J7k1AIY4PNyTh0ECQNUc.jpg"
13513,101637,"S","thumb_384_3376zsr45b1AxxFHSmCSKUog.jpg"
13514,101638,"M","noimg.jpg"
13515,101639,"M","noimg.jpg"
